date,atm_id,atm_city,withdrawals_usd,total_txn_count,income_txn_count,outcome_txn_count,btc_close,btc_pct_change_1d,btc_7d_roc,btc_7d_ma,btc_volatility_7d,is_weekend,payday_flag
2020-01-01,atm350000,Izmir,39650,1118,525,593,7225.58,0.0120171769998516,0.0088703653283626,7270.584285714285,0.0203415646379413,false,true
2020-01-02,atm350000,Izmir,39135,1164,549,615,6953.17,-0.0377007797297932,-0.0544986027916969,7213.330000000001,0.0215160153679279,false,false
2020-01-03,atm350000,Izmir,46075,1162,501,661,7339.97,0.0556293028935004,0.0176692505958382,7231.535714285715,0.0312668978846912,false,false
2020-01-04,atm350000,Izmir,38510,1194,603,591,7291.27,-0.0066349045023345,-0.0034728866097738,7227.905714285715,0.0309862267394496,true,false
2020-01-05,atm350000,Izmir,44990,1189,486,703,7430.83,0.0191406983968498,0.001189706278631,7229.167142857143,0.0314050890979766,true,false
2020-01-06,atm350000,Izmir,41670,1233,569,664,7525.46,0.0127347819826317,0.0417923547497982,7272.294285714286,0.0291435871176385,false,false
2020-01-07,atm350000,Izmir,40060,1340,698,642,8050.0,0.0697020514360584,0.1274857208485416,7402.325714285714,0.0362012045859287,false,false
2020-01-01,atm350001,Izmir,42550,1226,587,639,7225.58,0.0120171769998516,0.0088703653283626,7270.584285714285,0.0203415646379413,false,true
2020-01-02,atm350001,Izmir,38445,1086,473,613,6953.17,-0.0377007797297932,-0.0544986027916969,7213.330000000001,0.0215160153679279,false,false
2020-01-03,atm350001,Izmir,37600,1044,437,607,7339.97,0.0556293028935004,0.0176692505958382,7231.535714285715,0.0312668978846912,false,false
2020-01-04,atm350001,Izmir,34155,1083,542,541,7291.27,-0.0066349045023345,-0.0034728866097738,7227.905714285715,0.0309862267394496,true,false
2020-01-05,atm350001,Izmir,41375,1159,521,638,7430.83,0.0191406983968498,0.001189706278631,7229.167142857143,0.0314050890979766,true,false
2020-01-06,atm350001,Izmir,43305,1176,514,662,7525.46,0.0127347819826317,0.0417923547497982,7272.294285714286,0.0291435871176385,false,false
2020-01-07,atm350001,Izmir,40070,1110,452,658,8050.0,0.0697020514360584,0.1274857208485416,7402.325714285714,0.0362012045859287,false,false
2020-01-01,atm3500010,Izmir,58700,1851,881,970,7225.58,0.0120171769998516,0.0088703653283626,7270.584285714285,0.0203415646379413,false,true
2020-01-02,atm3500010,Izmir,72230,2111,1000,1111,6953.17,-0.0377007797297932,-0.0544986027916969,7213.330000000001,0.0215160153679279,false,false
2020-01-03,atm3500010,Izmir,68735,2014,938,1076,7339.97,0.0556293028935004,0.0176692505958382,7231.535714285715,0.0312668978846912,false,false
2020-01-04,atm3500010,Izmir,67255,2068,997,1071,7291.27,-0.0066349045023345,-0.0034728866097738,7227.905714285715,0.0309862267394496,true,false
2020-01-05,atm3500010,Izmir,68740,2046,953,1093,7430.83,0.0191406983968498,0.001189706278631,7229.167142857143,0.0314050890979766,true,false
2020-01-06,atm3500010,Izmir,67460,1964,892,1072,7525.46,0.0127347819826317,0.0417923547497982,7272.294285714286,0.0291435871176385,false,false
2020-01-07,atm3500010,Izmir,69425,2039,952,1087,8050.0,0.0697020514360584,0.1274857208485416,7402.325714285714,0.0362012045859287,false,false
2020-01-01,atm35000100,Izmir,41795,1172,509,663,7225.58,0.0120171769998516,0.0088703653283626,7270.584285714285,0.0203415646379413,false,true
2020-01-02,atm35000100,Izmir,44835,1219,522,697,6953.17,-0.0377007797297932,-0.0544986027916969,7213.330000000001,0.0215160153679279,false,false
2020-01-03,atm35000100,Izmir,37980,1136,550,586,7339.97,0.0556293028935004,0.0176692505958382,7231.535714285715,0.0312668978846912,false,false
2020-01-04,atm35000100,Izmir,46250,1134,441,693,7291.27,-0.0066349045023345,-0.0034728866097738,7227.905714285715,0.0309862267394496,true,false
2020-01-05,atm35000100,Izmir,40350,1256,608,648,7430.83,0.0191406983968498,0.001189706278631,7229.167142857143,0.0314050890979766,true,false
2020-01-06,atm35000100,Izmir,39820,1188,526,662,7525.46,0.0127347819826317,0.0417923547497982,7272.294285714286,0.0291435871176385,false,false
2020-01-07,atm35000100,Izmir,42715,1176,512,664,8050.0,0.0697020514360584,0.1274857208485416,7402.325714285714,0.0362012045859287,false,false
2020-01-01,atm35000101,Izmir,41815,1136,529,607,7225.58,0.0120171769998516,0.0088703653283626,7270.584285714285,0.0203415646379413,false,true
2020-01-02,atm35000101,Izmir,45020,1084,431,653,6953.17,-0.0377007797297932,-0.0544986027916969,7213.330000000001,0.0215160153679279,false,false
2020-01-03,atm35000101,Izmir,42065,1252,596,656,7339.97,0.0556293028935004,0.0176692505958382,7231.535714285715,0.0312668978846912,false,false
2020-01-04,atm35000101,Izmir,36565,1133,544,589,7291.27,-0.0066349045023345,-0.0034728866097738,7227.905714285715,0.0309862267394496,true,false
2020-01-05,atm35000101,Izmir,38545,1188,588,600,7430.83,0.0191406983968498,0.001189706278631,7229.167142857143,0.0314050890979766,true,false
2020-01-06,atm35000101,Izmir,35720,1143,547,596,7525.46,0.0127347819826317,0.0417923547497982,7272.294285714286,0.0291435871176385,false,false
2020-01-07,atm35000101,Izmir,43195,1185,508,677,8050.0,0.0697020514360584,0.1274857208485416,7402.325714285714,0.0362012045859287,false,false
2020-01-01,atm35000102,Izmir,37115,1157,551,606,7225.58,0.0120171769998516,0.0088703653283626,7270.584285714285,0.0203415646379413,false,true
2020-01-02,atm35000102,Izmir,43180,1180,497,683,6953.17,-0.0377007797297932,-0.0544986027916969,7213.330000000001,0.0215160153679279,false,false
2020-01-03,atm35000102,Izmir,38925,1128,529,599,7339.97,0.0556293028935004,0.0176692505958382,7231.535714285715,0.0312668978846912,false,false
2020-01-04,atm35000102,Izmir,36150,1107,505,602,7291.27,-0.0066349045023345,-0.0034728866097738,7227.905714285715,0.0309862267394496,true,false
2020-01-05,atm35000102,Izmir,39890,1164,559,605,7430.83,0.0191406983968498,0.001189706278631,7229.167142857143,0.0314050890979766,true,false
2020-01-06,atm35000102,Izmir,36790,1153,559,594,7525.46,0.0127347819826317,0.0417923547497982,7272.294285714286,0.0291435871176385,false,false
2020-01-07,atm35000102,Izmir,42980,1213,553,660,8050.0,0.0697020514360584,0.1274857208485416,7402.325714285714,0.0362012045859287,false,false
2020-01-01,atm35000103,Izmir,43345,1123,485,638,7225.58,0.0120171769998516,0.0088703653283626,7270.584285714285,0.0203415646379413,false,true
2020-01-02,atm35000103,Izmir,40245,1149,547,602,6953.17,-0.0377007797297932,-0.0544986027916969,7213.330000000001,0.0215160153679279,false,false
2020-01-03,atm35000103,Izmir,38970,1161,558,603,7339.97,0.0556293028935004,0.0176692505958382,7231.535714285715,0.0312668978846912,false,false
2020-01-04,atm35000103,Izmir,38960,1137,554,583,7291.27,-0.0066349045023345,-0.0034728866097738,7227.905714285715,0.0309862267394496,true,false
2020-01-05,atm35000103,Izmir,45355,1201,476,725,7430.83,0.0191406983968498,0.001189706278631,7229.167142857143,0.0314050890979766,true,false
2020-01-06,atm35000103,Izmir,39235,1149,512,637,7525.46,0.0127347819826317,0.0417923547497982,7272.294285714286,0.0291435871176385,false,false
2020-01-07,atm35000103,Izmir,41055,1177,547,630,8050.0,0.0697020514360584,0.1274857208485416,7402.325714285714,0.0362012045859287,false,false
2020-01-01,atm35000104,Izmir,41910,1222,555,667,7225.58,0.0120171769998516,0.0088703653283626,7270.584285714285,0.0203415646379413,false,true
2020-01-02,atm35000104,Izmir,36040,1012,462,550,6953.17,-0.0377007797297932,-0.0544986027916969,7213.330000000001,0.0215160153679279,false,false
2020-01-03,atm35000104,Izmir,39865,1144,538,606,7339.97,0.0556293028935004,0.0176692505958382,7231.535714285715,0.0312668978846912,false,false
2020-01-04,atm35000104,Izmir,33450,1073,569,504,7291.27,-0.0066349045023345,-0.0034728866097738,7227.905714285715,0.0309862267394496,true,false
2020-01-05,atm35000104,Izmir,37875,1235,599,636,7430.83,0.0191406983968498,0.001189706278631,7229.167142857143,0.0314050890979766,true,false
2020-01-06,atm35000104,Izmir,46145,1244,555,689,7525.46,0.0127347819826317,0.0417923547497982,7272.294285714286,0.0291435871176385,false,false
2020-01-07,atm35000104,Izmir,43300,1234,573,661,8050.0,0.0697020514360584,0.1274857208485416,7402.325714285714,0.0362012045859287,false,false
2020-01-01,atm35000105,Izmir,37710,1069,446,623,7225.58,0.0120171769998516,0.0088703653283626,7270.584285714285,0.0203415646379413,false,true
2020-01-02,atm35000105,Izmir,38925,1087,485,602,6953.17,-0.0377007797297932,-0.0544986027916969,7213.330000000001,0.0215160153679279,false,false
2020-01-03,atm35000105,Izmir,39555,1220,574,646,7339.97,0.0556293028935004,0.0176692505958382,7231.535714285715,0.0312668978846912,false,false
2020-01-04,atm35000105,Izmir,46280,1321,555,766,7291.27,-0.0066349045023345,-0.0034728866097738,7227.905714285715,0.0309862267394496,true,false
2020-01-05,atm35000105,Izmir,43275,1229,582,647,7430.83,0.0191406983968498,0.001189706278631,7229.167142857143,0.0314050890979766,true,false
2020-01-06,atm35000105,Izmir,37520,1201,583,618,7525.46,0.0127347819826317,0.0417923547497982,7272.294285714286,0.0291435871176385,false,false
2020-01-07,atm35000105,Izmir,38155,1146,529,617,8050.0,0.0697020514360584,0.1274857208485416,7402.325714285714,0.0362012045859287,false,false
2020-01-01,atm35000106,Izmir,36655,1114,513,601,7225.58,0.0120171769998516,0.0088703653283626,7270.584285714285,0.0203415646379413,false,true
2020-01-02,atm35000106,Izmir,40890,1260,649,611,6953.17,-0.0377007797297932,-0.0544986027916969,7213.330000000001,0.0215160153679279,false,false
2020-01-03,atm35000106,Izmir,36750,1210,624,586,7339.97,0.0556293028935004,0.0176692505958382,7231.535714285715,0.0312668978846912,false,false
2020-01-04,atm35000106,Izmir,37770,1050,435,615,7291.27,-0.0066349045023345,-0.0034728866097738,7227.905714285715,0.0309862267394496,true,false
2020-01-05,atm35000106,Izmir,38880,1189,549,640,7430.83,0.0191406983968498,0.001189706278631,7229.167142857143,0.0314050890979766,true,false
2020-01-06,atm35000106,Izmir,39290,1090,444,646,7525.46,0.0127347819826317,0.0417923547497982,7272.294285714286,0.0291435871176385,false,false
2020-01-07,atm35000106,Izmir,38180,1230,626,604,8050.0,0.0697020514360584,0.1274857208485416,7402.325714285714,0.0362012045859287,false,false
2020-01-01,atm35000107,Izmir,40840,1205,555,650,7225.58,0.0120171769998516,0.0088703653283626,7270.584285714285,0.0203415646379413,false,true
2020-01-02,atm35000107,Izmir,39030,1220,581,639,6953.17,-0.0377007797297932,-0.0544986027916969,7213.330000000001,0.0215160153679279,false,false
2020-01-03,atm35000107,Izmir,43930,1284,616,668,7339.97,0.0556293028935004,0.0176692505958382,7231.535714285715,0.0312668978846912,false,false
2020-01-04,atm35000107,Izmir,42015,1172,533,639,7291.27,-0.0066349045023345,-0.0034728866097738,7227.905714285715,0.0309862267394496,true,false
2020-01-05,atm35000107,Izmir,41870,1120,466,654,7430.83,0.0191406983968498,0.001189706278631,7229.167142857143,0.0314050890979766,true,false
2020-01-06,atm35000107,Izmir,44075,1241,612,629,7525.46,0.0127347819826317,0.0417923547497982,7272.294285714286,0.0291435871176385,false,false
2020-01-07,atm35000107,Izmir,40090,1150,535,615,8050.0,0.0697020514360584,0.1274857208485416,7402.325714285714,0.0362012045859287,false,false
2020-01-01,atm35000108,Izmir,46055,1241,512,729,7225.58,0.0120171769998516,0.0088703653283626,7270.584285714285,0.0203415646379413,false,true
2020-01-02,atm35000108,Izmir,42290,1224,568,656,6953.17,-0.0377007797297932,-0.0544986027916969,7213.330000000001,0.0215160153679279,false,false
2020-01-03,atm35000108,Izmir,37905,1201,549,652,7339.97,0.0556293028935004,0.0176692505958382,7231.535714285715,0.0312668978846912,false,false
2020-01-04,atm35000108,Izmir,42510,1239,593,646,7291.27,-0.0066349045023345,-0.0034728866097738,7227.905714285715,0.0309862267394496,true,false
2020-01-05,atm35000108,Izmir,40530,1157,568,589,7430.83,0.0191406983968498,0.001189706278631,7229.167142857143,0.0314050890979766,true,false
2020-01-06,atm35000108,Izmir,40075,1100,487,613,7525.46,0.0127347819826317,0.0417923547497982,7272.294285714286,0.0291435871176385,false,false
2020-01-07,atm35000108,Izmir,40240,1208,593,615,8050.0,0.0697020514360584,0.1274857208485416,7402.325714285714,0.0362012045859287,false,false
2020-01-01,atm35000109,Izmir,37130,1219,591,628,7225.58,0.0120171769998516,0.0088703653283626,7270.584285714285,0.0203415646379413,false,true
2020-01-02,atm35000109,Izmir,41210,1093,474,619,6953.17,-0.0377007797297932,-0.0544986027916969,7213.330000000001,0.0215160153679279,false,false
2020-01-03,atm35000109,Izmir,35990,1226,648,578,7339.97,0.0556293028935004,0.0176692505958382,7231.535714285715,0.0312668978846912,false,false
2020-01-04,atm35000109,Izmir,32270,1153,601,552,7291.27,-0.0066349045023345,-0.0034728866097738,7227.905714285715,0.0309862267394496,true,false
2020-01-05,atm35000109,Izmir,47775,1412,673,739,7430.83,0.0191406983968498,0.001189706278631,7229.167142857143,0.0314050890979766,true,false
2020-01-06,atm35000109,Izmir,40725,1037,384,653,7525.46,0.0127347819826317,0.0417923547497982,7272.294285714286,0.0291435871176385,false,false
2020-01-07,atm35000109,Izmir,38070,1187,541,646,8050.0,0.0697020514360584,0.1274857208485416,7402.325714285714,0.0362012045859287,false,false
2020-01-01,atm3500011,Izmir,37005,1128,536,592,7225.58,0.0120171769998516,0.0088703653283626,7270.584285714285,0.0203415646379413,false,true
2020-01-02,atm3500011,Izmir,34605,1227,639,588,6953.17,-0.0377007797297932,-0.0544986027916969,7213.330000000001,0.0215160153679279,false,false
2020-01-03,atm3500011,Izmir,41895,1254,587,667,7339.97,0.0556293028935004,0.0176692505958382,7231.535714285715,0.0312668978846912,false,false
2020-01-04,atm3500011,Izmir,43575,1361,681,680,7291.27,-0.0066349045023345,-0.0034728866097738,7227.905714285715,0.0309862267394496,true,false
2020-01-05,atm3500011,Izmir,40555,1243,592,651,7430.83,0.0191406983968498,0.001189706278631,7229.167142857143,0.0314050890979766,true,false
2020-01-06,atm3500011,Izmir,50490,1204,473,731,7525.46,0.0127347819826317,0.0417923547497982,7272.294285714286,0.0291435871176385,false,false
2020-01-07,atm3500011,Izmir,38410,1206,634,572,8050.0,0.0697020514360584,0.1274857208485416,7402.325714285714,0.0362012045859287,false,false
2020-01-01,atm35000110,Izmir,46050,1215,511,704,7225.58,0.0120171769998516,0.0088703653283626,7270.584285714285,0.0203415646379413,false,true
2020-01-02,atm35000110,Izmir,42250,1290,639,651,6953.17,-0.0377007797297932,-0.0544986027916969,7213.330000000001,0.0215160153679279,false,false
2020-01-03,atm35000110,Izmir,35200,1220,627,593,7339.97,0.0556293028935004,0.0176692505958382,7231.535714285715,0.0312668978846912,false,false
2020-01-04,atm35000110,Izmir,44135,1077,396,681,7291.27,-0.0066349045023345,-0.0034728866097738,7227.905714285715,0.0309862267394496,true,false
2020-01-05,atm35000110,Izmir,39180,1066,482,584,7430.83,0.0191406983968498,0.001189706278631,7229.167142857143,0.0314050890979766,true,false
2020-01-06,atm35000110,Izmir,43090,1206,568,638,7525.46,0.0127347819826317,0.0417923547497982,7272.294285714286,0.0291435871176385,false,false
2020-01-07,atm35000110,Izmir,41870,1221,560,661,8050.0,0.0697020514360584,0.1274857208485416,7402.325714285714,0.0362012045859287,false,false
2020-01-01,atm35000111,Izmir,43225,1149,502,647,7225.58,0.0120171769998516,0.0088703653283626,7270.584285714285,0.0203415646379413,false,true
2020-01-02,atm35000111,Izmir,38435,1122,493,629,6953.17,-0.0377007797297932,-0.0544986027916969,7213.330000000001,0.0215160153679279,false,false
2020-01-03,atm35000111,Izmir,39965,1293,678,615,7339.97,0.0556293028935004,0.0176692505958382,7231.535714285715,0.0312668978846912,false,false
2020-01-04,atm35000111,Izmir,39870,1297,643,654,7291.27,-0.0066349045023345,-0.0034728866097738,7227.905714285715,0.0309862267394496,true,false
2020-01-05,atm35000111,Izmir,40850,1213,562,651,7430.83,0.0191406983968498,0.001189706278631,7229.167142857143,0.0314050890979766,true,false
2020-01-06,atm35000111,Izmir,36785,1072,475,597,7525.46,0.0127347819826317,0.0417923547497982,7272.294285714286,0.0291435871176385,false,false
2020-01-07,atm35000111,Izmir,41620,1209,563,646,8050.0,0.0697020514360584,0.1274857208485416,7402.325714285714,0.0362012045859287,false,false
2020-01-01,atm35000112,Izmir,40485,1182,604,578,7225.58,0.0120171769998516,0.0088703653283626,7270.584285714285,0.0203415646379413,false,true
2020-01-02,atm35000112,Izmir,45980,1226,513,713,6953.17,-0.0377007797297932,-0.0544986027916969,7213.330000000001,0.0215160153679279,false,false
2020-01-03,atm35000112,Izmir,35240,1069,538,531,7339.97,0.0556293028935004,0.0176692505958382,7231.535714285715,0.0312668978846912,false,false
2020-01-04,atm35000112,Izmir,39920,1153,526,627,7291.27,-0.0066349045023345,-0.0034728866097738,7227.905714285715,0.0309862267394496,true,false
2020-01-05,atm35000112,Izmir,39585,1206,556,650,7430.83,0.0191406983968498,0.001189706278631,7229.167142857143,0.0314050890979766,true,false
2020-01-06,atm35000112,Izmir,41545,1213,547,666,7525.46,0.0127347819826317,0.0417923547497982,7272.294285714286,0.0291435871176385,false,false
2020-01-07,atm35000112,Izmir,44695,1223,552,671,8050.0,0.0697020514360584,0.1274857208485416,7402.325714285714,0.0362012045859287,false,false
2020-01-01,atm35000113,Izmir,46145,1261,570,691,7225.58,0.0120171769998516,0.0088703653283626,7270.584285714285,0.0203415646379413,false,true
2020-01-02,atm35000113,Izmir,42775,1352,667,685,6953.17,-0.0377007797297932,-0.0544986027916969,7213.330000000001,0.0215160153679279,false,false
2020-01-03,atm35000113,Izmir,33935,1175,592,583,7339.97,0.0556293028935004,0.0176692505958382,7231.535714285715,0.0312668978846912,false,false
2020-01-04,atm35000113,Izmir,45065,1268,585,683,7291.27,-0.0066349045023345,-0.0034728866097738,7227.905714285715,0.0309862267394496,true,false
2020-01-05,atm35000113,Izmir,41020,1148,504,644,7430.83,0.0191406983968498,0.001189706278631,7229.167142857143,0.0314050890979766,true,false
2020-01-06,atm35000113,Izmir,41680,1185,546,639,7525.46,0.0127347819826317,0.0417923547497982,7272.294285714286,0.0291435871176385,false,false
2020-01-07,atm35000113,Izmir,39405,1266,661,605,8050.0,0.0697020514360584,0.1274857208485416,7402.325714285714,0.0362012045859287,false,false
2020-01-01,atm35000114,Izmir,40695,1274,627,647,7225.58,0.0120171769998516,0.0088703653283626,7270.584285714285,0.0203415646379413,false,true
2020-01-02,atm35000114,Izmir,37570,1285,694,591,6953.17,-0.0377007797297932,-0.0544986027916969,7213.330000000001,0.0215160153679279,false,false
2020-01-03,atm35000114,Izmir,42840,1221,610,611,7339.97,0.0556293028935004,0.0176692505958382,7231.535714285715,0.0312668978846912,false,false
2020-01-04,atm35000114,Izmir,39490,1268,620,648,7291.27,-0.0066349045023345,-0.0034728866097738,7227.905714285715,0.0309862267394496,true,false
2020-01-05,atm35000114,Izmir,38470,1226,632,594,7430.83,0.0191406983968498,0.001189706278631,7229.167142857143,0.0314050890979766,true,false
2020-01-06,atm35000114,Izmir,39580,1136,527,609,7525.46,0.0127347819826317,0.0417923547497982,7272.294285714286,0.0291435871176385,false,false
2020-01-07,atm35000114,Izmir,38520,1170,542,628,8050.0,0.0697020514360584,0.1274857208485416,7402.325714285714,0.0362012045859287,false,false
2020-01-01,atm35000115,Izmir,39720,1208,554,654,7225.58,0.0120171769998516,0.0088703653283626,7270.584285714285,0.0203415646379413,false,true
2020-01-02,atm35000115,Izmir,44355,1377,689,688,6953.17,-0.0377007797297932,-0.0544986027916969,7213.330000000001,0.0215160153679279,false,false
2020-01-03,atm35000115,Izmir,35795,1214,609,605,7339.97,0.0556293028935004,0.0176692505958382,7231.535714285715,0.0312668978846912,false,false
2020-01-04,atm35000115,Izmir,46810,1292,602,690,7291.27,-0.0066349045023345,-0.0034728866097738,7227.905714285715,0.0309862267394496,true,false
2020-01-05,atm35000115,Izmir,35795,1211,624,587,7430.83,0.0191406983968498,0.001189706278631,7229.167142857143,0.0314050890979766,true,false
2020-01-06,atm35000115,Izmir,42455,1118,464,654,7525.46,0.0127347819826317,0.0417923547497982,7272.294285714286,0.0291435871176385,false,false
2020-01-07,atm35000115,Izmir,39485,1246,643,603,8050.0,0.0697020514360584,0.1274857208485416,7402.325714285714,0.0362012045859287,false,false
2020-01-01,atm35000116,Izmir,35975,1135,564,571,7225.58,0.0120171769998516,0.0088703653283626,7270.584285714285,0.0203415646379413,false,true
2020-01-02,atm35000116,Izmir,42465,1229,544,685,6953.17,-0.0377007797297932,-0.0544986027916969,7213.330000000001,0.0215160153679279,false,false
2020-01-03,atm35000116,Izmir,39175,1215,567,648,7339.97,0.0556293028935004,0.0176692505958382,7231.535714285715,0.0312668978846912,false,false
2020-01-04,atm35000116,Izmir,39325,1130,510,620,7291.27,-0.0066349045023345,-0.0034728866097738,7227.905714285715,0.0309862267394496,true,false
2020-01-05,atm35000116,Izmir,43780,1291,586,705,7430.83,0.0191406983968498,0.001189706278631,7229.167142857143,0.0314050890979766,true,false
2020-01-06,atm35000116,Izmir,39555,1174,563,611,7525.46,0.0127347819826317,0.0417923547497982,7272.294285714286,0.0291435871176385,false,false
2020-01-07,atm35000116,Izmir,38620,1255,653,602,8050.0,0.0697020514360584,0.1274857208485416,7402.325714285714,0.0362012045859287,false,false
2020-01-01,atm35000117,Izmir,45420,1173,467,706,7225.58,0.0120171769998516,0.0088703653283626,7270.584285714285,0.0203415646379413,false,true
2020-01-02,atm35000117,Izmir,39530,1235,596,639,6953.17,-0.0377007797297932,-0.0544986027916969,7213.330000000001,0.0215160153679279,false,false
2020-01-03,atm35000117,Izmir,42335,1208,551,657,7339.97,0.0556293028935004,0.0176692505958382,7231.535714285715,0.0312668978846912,false,false
2020-01-04,atm35000117,Izmir,41715,1131,484,647,7291.27,-0.0066349045023345,-0.0034728866097738,7227.905714285715,0.0309862267394496,true,false
2020-01-05,atm35000117,Izmir,34220,1094,529,565,7430.83,0.0191406983968498,0.001189706278631,7229.167142857143,0.0314050890979766,true,false
2020-01-06,atm35000117,Izmir,42735,1138,502,636,7525.46,0.0127347819826317,0.0417923547497982,7272.294285714286,0.0291435871176385,false,false
2020-01-07,atm35000117,Izmir,42985,1212,558,654,8050.0,0.0697020514360584,0.1274857208485416,7402.325714285714,0.0362012045859287,false,false
2020-01-01,atm35000118,Izmir,40210,1160,533,627,7225.58,0.0120171769998516,0.0088703653283626,7270.584285714285,0.0203415646379413,false,true
2020-01-02,atm35000118,Izmir,42155,1263,585,678,6953.17,-0.0377007797297932,-0.0544986027916969,7213.330000000001,0.0215160153679279,false,false
2020-01-03,atm35000118,Izmir,45505,1389,657,732,7339.97,0.0556293028935004,0.0176692505958382,7231.535714285715,0.0312668978846912,false,false
2020-01-04,atm35000118,Izmir,44790,1275,574,701,7291.27,-0.0066349045023345,-0.0034728866097738,7227.905714285715,0.0309862267394496,true,false
2020-01-05,atm35000118,Izmir,36195,1158,579,579,7430.83,0.0191406983968498,0.001189706278631,7229.167142857143,0.0314050890979766,true,false
2020-01-06,atm35000118,Izmir,38035,1193,548,645,7525.46,0.0127347819826317,0.0417923547497982,7272.294285714286,0.0291435871176385,false,false
2020-01-07,atm35000118,Izmir,44695,1189,524,665,8050.0,0.0697020514360584,0.1274857208485416,7402.325714285714,0.0362012045859287,false,false
2020-01-01,atm35000119,Izmir,44695,1263,555,708,7225.58,0.0120171769998516,0.0088703653283626,7270.584285714285,0.0203415646379413,false,true
2020-01-02,atm35000119,Izmir,37505,1069,458,611,6953.17,-0.0377007797297932,-0.0544986027916969,7213.330000000001,0.0215160153679279,false,false
2020-01-03,atm35000119,Izmir,39505,1299,670,629,7339.97,0.0556293028935004,0.0176692505958382,7231.535714285715,0.0312668978846912,false,false
2020-01-04,atm35000119,Izmir,35455,1108,542,566,7291.27,-0.0066349045023345,-0.0034728866097738,7227.905714285715,0.0309862267394496,true,false
2020-01-05,atm35000119,Izmir,40570,1139,495,644,7430.83,0.0191406983968498,0.001189706278631,7229.167142857143,0.0314050890979766,true,false
2020-01-06,atm35000119,Izmir,41195,1225,592,633,7525.46,0.0127347819826317,0.0417923547497982,7272.294285714286,0.0291435871176385,false,false
2020-01-07,atm35000119,Izmir,40360,1223,576,647,8050.0,0.0697020514360584,0.1274857208485416,7402.325714285714,0.0362012045859287,false,false
2020-01-01,atm3500012,Izmir,36365,1220,593,627,7225.58,0.0120171769998516,0.0088703653283626,7270.584285714285,0.0203415646379413,false,true
2020-01-02,atm3500012,Izmir,40490,1158,526,632,6953.17,-0.0377007797297932,-0.0544986027916969,7213.330000000001,0.0215160153679279,false,false
2020-01-03,atm3500012,Izmir,37880,1113,480,633,7339.97,0.0556293028935004,0.0176692505958382,7231.535714285715,0.0312668978846912,false,false
2020-01-04,atm3500012,Izmir,42800,1217,532,685,7291.27,-0.0066349045023345,-0.0034728866097738,7227.905714285715,0.0309862267394496,true,false
2020-01-05,atm3500012,Izmir,43240,1213,581,632,7430.83,0.0191406983968498,0.001189706278631,7229.167142857143,0.0314050890979766,true,false
2020-01-06,atm3500012,Izmir,41540,1259,613,646,7525.46,0.0127347819826317,0.0417923547497982,7272.294285714286,0.0291435871176385,false,false
2020-01-07,atm3500012,Izmir,45435,1093,418,675,8050.0,0.0697020514360584,0.1274857208485416,7402.325714285714,0.0362012045859287,false,false
2020-01-01,atm35000120,Izmir,43255,1166,493,673,7225.58,0.0120171769998516,0.0088703653283626,7270.584285714285,0.0203415646379413,false,true
2020-01-02,atm35000120,Izmir,43340,1240,569,671,6953.17,-0.0377007797297932,-0.0544986027916969,7213.330000000001,0.0215160153679279,false,false
2020-01-03,atm35000120,Izmir,40035,1269,610,659,7339.97,0.0556293028935004,0.0176692505958382,7231.535714285715,0.0312668978846912,false,false
2020-01-04,atm35000120,Izmir,37555,1248,659,589,7291.27,-0.0066349045023345,-0.0034728866097738,7227.905714285715,0.0309862267394496,true,false
2020-01-05,atm35000120,Izmir,43185,1212,559,653,7430.83,0.0191406983968498,0.001189706278631,7229.167142857143,0.0314050890979766,true,false
2020-01-06,atm35000120,Izmir,38495,1132,496,636,7525.46,0.0127347819826317,0.0417923547497982,7272.294285714286,0.0291435871176385,false,false
2020-01-07,atm35000120,Izmir,46835,1342,604,738,8050.0,0.0697020514360584,0.1274857208485416,7402.325714285714,0.0362012045859287,false,false
2020-01-01,atm35000121,Izmir,45450,1131,481,650,7225.58,0.0120171769998516,0.0088703653283626,7270.584285714285,0.0203415646379413,false,true
2020-01-02,atm35000121,Izmir,44065,1148,479,669,6953.17,-0.0377007797297932,-0.0544986027916969,7213.330000000001,0.0215160153679279,false,false
2020-01-03,atm35000121,Izmir,39080,1177,575,602,7339.97,0.0556293028935004,0.0176692505958382,7231.535714285715,0.0312668978846912,false,false
2020-01-04,atm35000121,Izmir,44455,1280,598,682,7291.27,-0.0066349045023345,-0.0034728866097738,7227.905714285715,0.0309862267394496,true,false
2020-01-05,atm35000121,Izmir,39860,1209,579,630,7430.83,0.0191406983968498,0.001189706278631,7229.167142857143,0.0314050890979766,true,false
2020-01-06,atm35000121,Izmir,37120,1210,629,581,7525.46,0.0127347819826317,0.0417923547497982,7272.294285714286,0.0291435871176385,false,false
2020-01-07,atm35000121,Izmir,49835,1237,484,753,8050.0,0.0697020514360584,0.1274857208485416,7402.325714285714,0.0362012045859287,false,false
2020-01-01,atm35000122,Izmir,40340,1245,599,646,7225.58,0.0120171769998516,0.0088703653283626,7270.584285714285,0.0203415646379413,false,true
2020-01-02,atm35000122,Izmir,50450,1278,540,738,6953.17,-0.0377007797297932,-0.0544986027916969,7213.330000000001,0.0215160153679279,false,false
2020-01-03,atm35000122,Izmir,40060,1202,575,627,7339.97,0.0556293028935004,0.0176692505958382,7231.535714285715,0.0312668978846912,false,false
2020-01-04,atm35000122,Izmir,41945,1191,504,687,7291.27,-0.0066349045023345,-0.0034728866097738,7227.905714285715,0.0309862267394496,true,false
2020-01-05,atm35000122,Izmir,34885,1123,554,569,7430.83,0.0191406983968498,0.001189706278631,7229.167142857143,0.0314050890979766,true,false
2020-01-06,atm35000122,Izmir,41930,1159,512,647,7525.46,0.0127347819826317,0.0417923547497982,7272.294285714286,0.0291435871176385,false,false
2020-01-07,atm35000122,Izmir,38255,1181,561,620,8050.0,0.0697020514360584,0.1274857208485416,7402.325714285714,0.0362012045859287,false,false
2020-01-01,atm35000123,Izmir,37765,1116,501,615,7225.58,0.0120171769998516,0.0088703653283626,7270.584285714285,0.0203415646379413,false,true
2020-01-02,atm35000123,Izmir,41355,1313,653,660,6953.17,-0.0377007797297932,-0.0544986027916969,7213.330000000001,0.0215160153679279,false,false
2020-01-03,atm35000123,Izmir,38770,1200,569,631,7339.97,0.0556293028935004,0.0176692505958382,7231.535714285715,0.0312668978846912,false,false
2020-01-04,atm35000123,Izmir,39790,1204,570,634,7291.27,-0.0066349045023345,-0.0034728866097738,7227.905714285715,0.0309862267394496,true,false
2020-01-05,atm35000123,Izmir,37125,1130,494,636,7430.83,0.0191406983968498,0.001189706278631,7229.167142857143,0.0314050890979766,true,false
2020-01-06,atm35000123,Izmir,41010,1236,562,674,7525.46,0.0127347819826317,0.0417923547497982,7272.294285714286,0.0291435871176385,false,false
2020-01-07,atm35000123,Izmir,42700,1221,510,711,8050.0,0.0697020514360584,0.1274857208485416,7402.325714285714,0.0362012045859287,false,false
2020-01-01,atm35000124,Izmir,65255,2033,958,1075,7225.58,0.0120171769998516,0.0088703653283626,7270.584285714285,0.0203415646379413,false,true
2020-01-02,atm35000124,Izmir,72235,2067,975,1092,6953.17,-0.0377007797297932,-0.0544986027916969,7213.330000000001,0.0215160153679279,false,false
2020-01-03,atm35000124,Izmir,68935,2018,952,1066,7339.97,0.0556293028935004,0.0176692505958382,7231.535714285715,0.0312668978846912,false,false
2020-01-04,atm35000124,Izmir,66330,2038,959,1079,7291.27,-0.0066349045023345,-0.0034728866097738,7227.905714285715,0.0309862267394496,true,false
2020-01-05,atm35000124,Izmir,68390,2068,993,1075,7430.83,0.0191406983968498,0.001189706278631,7229.167142857143,0.0314050890979766,true,false
2020-01-06,atm35000124,Izmir,72455,2088,997,1091,7525.46,0.0127347819826317,0.0417923547497982,7272.294285714286,0.0291435871176385,false,false
2020-01-07,atm35000124,Izmir,69490,2027,964,1063,8050.0,0.0697020514360584,0.1274857208485416,7402.325714285714,0.0362012045859287,false,false
2020-01-01,atm35000125,Izmir,34535,1184,571,613,7225.58,0.0120171769998516,0.0088703653283626,7270.584285714285,0.0203415646379413,false,true
2020-01-02,atm35000125,Izmir,40810,1268,610,658,6953.17,-0.0377007797297932,-0.0544986027916969,7213.330000000001,0.0215160153679279,false,false
2020-01-03,atm35000125,Izmir,45630,1322,592,730,7339.97,0.0556293028935004,0.0176692505958382,7231.535714285715,0.0312668978846912,false,false
2020-01-04,atm35000125,Izmir,40495,1030,418,612,7291.27,-0.0066349045023345,-0.0034728866097738,7227.905714285715,0.0309862267394496,true,false
2020-01-05,atm35000125,Izmir,39310,1104,516,588,7430.83,0.0191406983968498,0.001189706278631,7229.167142857143,0.0314050890979766,true,false
2020-01-06,atm35000125,Izmir,36580,1095,502,593,7525.46,0.0127347819826317,0.0417923547497982,7272.294285714286,0.0291435871176385,false,false
2020-01-07,atm35000125,Izmir,46665,1197,514,683,8050.0,0.0697020514360584,0.1274857208485416,7402.325714285714,0.0362012045859287,false,false
2020-01-01,atm35000126,Izmir,39590,1229,581,648,7225.58,0.0120171769998516,0.0088703653283626,7270.584285714285,0.0203415646379413,false,true
2020-01-02,atm35000126,Izmir,39860,1182,579,603,6953.17,-0.0377007797297932,-0.0544986027916969,7213.330000000001,0.0215160153679279,false,false
2020-01-03,atm35000126,Izmir,39790,1266,603,663,7339.97,0.0556293028935004,0.0176692505958382,7231.535714285715,0.0312668978846912,false,false
2020-01-04,atm35000126,Izmir,39805,1261,617,644,7291.27,-0.0066349045023345,-0.0034728866097738,7227.905714285715,0.0309862267394496,true,false
2020-01-05,atm35000126,Izmir,40840,1229,568,661,7430.83,0.0191406983968498,0.001189706278631,7229.167142857143,0.0314050890979766,true,false
2020-01-06,atm35000126,Izmir,46160,1303,598,705,7525.46,0.0127347819826317,0.0417923547497982,7272.294285714286,0.0291435871176385,false,false
2020-01-07,atm35000126,Izmir,41460,1156,526,630,8050.0,0.0697020514360584,0.1274857208485416,7402.325714285714,0.0362012045859287,false,false
2020-01-01,atm35000127,Izmir,42440,1166,537,629,7225.58,0.0120171769998516,0.0088703653283626,7270.584285714285,0.0203415646379413,false,true
2020-01-02,atm35000127,Izmir,38815,1056,434,622,6953.17,-0.0377007797297932,-0.0544986027916969,7213.330000000001,0.0215160153679279,false,false
2020-01-03,atm35000127,Izmir,42425,1199,528,671,7339.97,0.0556293028935004,0.0176692505958382,7231.535714285715,0.0312668978846912,false,false
2020-01-04,atm35000127,Izmir,38440,1262,673,589,7291.27,-0.0066349045023345,-0.0034728866097738,7227.905714285715,0.0309862267394496,true,false
2020-01-05,atm35000127,Izmir,45740,1216,523,693,7430.83,0.0191406983968498,0.001189706278631,7229.167142857143,0.0314050890979766,true,false
2020-01-06,atm35000127,Izmir,42440,1271,617,654,7525.46,0.0127347819826317,0.0417923547497982,7272.294285714286,0.0291435871176385,false,false
2020-01-07,atm35000127,Izmir,42675,1264,543,721,8050.0,0.0697020514360584,0.1274857208485416,7402.325714285714,0.0362012045859287,false,false
2020-01-01,atm35000128,Izmir,38050,1131,542,589,7225.58,0.0120171769998516,0.0088703653283626,7270.584285714285,0.0203415646379413,false,true
2020-01-02,atm35000128,Izmir,43580,1179,541,638,6953.17,-0.0377007797297932,-0.0544986027916969,7213.330000000001,0.0215160153679279,false,false
2020-01-03,atm35000128,Izmir,43280,1195,570,625,7339.97,0.0556293028935004,0.0176692505958382,7231.535714285715,0.0312668978846912,false,false
2020-01-04,atm35000128,Izmir,41725,1301,677,624,7291.27,-0.0066349045023345,-0.0034728866097738,7227.905714285715,0.0309862267394496,true,false
2020-01-05,atm35000128,Izmir,41445,1245,613,632,7430.83,0.0191406983968498,0.001189706278631,7229.167142857143,0.0314050890979766,true,false
2020-01-06,atm35000128,Izmir,44110,1194,491,703,7525.46,0.0127347819826317,0.0417923547497982,7272.294285714286,0.0291435871176385,false,false
2020-01-07,atm35000128,Izmir,40795,1294,634,660,8050.0,0.0697020514360584,0.1274857208485416,7402.325714285714,0.0362012045859287,false,false
2020-01-01,atm35000129,Izmir,44925,1344,630,714,7225.58,0.0120171769998516,0.0088703653283626,7270.584285714285,0.0203415646379413,false,true
2020-01-02,atm35000129,Izmir,39210,1164,538,626,6953.17,-0.0377007797297932,-0.0544986027916969,7213.330000000001,0.0215160153679279,false,false
2020-01-03,atm35000129,Izmir,39985,1093,471,622,7339.97,0.0556293028935004,0.0176692505958382,7231.535714285715,0.0312668978846912,false,false
2020-01-04,atm35000129,Izmir,36145,1210,583,627,7291.27,-0.0066349045023345,-0.0034728866097738,7227.905714285715,0.0309862267394496,true,false
2020-01-05,atm35000129,Izmir,40200,1169,522,647,7430.83,0.0191406983968498,0.001189706278631,7229.167142857143,0.0314050890979766,true,false
2020-01-06,atm35000129,Izmir,46590,1324,627,697,7525.46,0.0127347819826317,0.0417923547497982,7272.294285714286,0.0291435871176385,false,false
2020-01-07,atm35000129,Izmir,45235,1191,489,702,8050.0,0.0697020514360584,0.1274857208485416,7402.325714285714,0.0362012045859287,false,false
2020-01-01,atm3500013,Izmir,38480,1142,536,606,7225.58,0.0120171769998516,0.0088703653283626,7270.584285714285,0.0203415646379413,false,true
2020-01-02,atm3500013,Izmir,42190,1285,616,669,6953.17,-0.0377007797297932,-0.0544986027916969,7213.330000000001,0.0215160153679279,false,false
2020-01-03,atm3500013,Izmir,39025,1146,548,598,7339.97,0.0556293028935004,0.0176692505958382,7231.535714285715,0.0312668978846912,false,false
2020-01-04,atm3500013,Izmir,41030,1188,579,609,7291.27,-0.0066349045023345,-0.0034728866097738,7227.905714285715,0.0309862267394496,true,false
2020-01-05,atm3500013,Izmir,41215,1128,493,635,7430.83,0.0191406983968498,0.001189706278631,7229.167142857143,0.0314050890979766,true,false
2020-01-06,atm3500013,Izmir,37610,1065,451,614,7525.46,0.0127347819826317,0.0417923547497982,7272.294285714286,0.0291435871176385,false,false
2020-01-07,atm3500013,Izmir,44275,1302,610,692,8050.0,0.0697020514360584,0.1274857208485416,7402.325714285714,0.0362012045859287,false,false
2020-01-01,atm35000130,Izmir,40050,1267,626,641,7225.58,0.0120171769998516,0.0088703653283626,7270.584285714285,0.0203415646379413,false,true
2020-01-02,atm35000130,Izmir,41345,1226,548,678,6953.17,-0.0377007797297932,-0.0544986027916969,7213.330000000001,0.0215160153679279,false,false
2020-01-03,atm35000130,Izmir,39335,1124,536,588,7339.97,0.0556293028935004,0.0176692505958382,7231.535714285715,0.0312668978846912,false,false
2020-01-04,atm35000130,Izmir,42535,1216,581,635,7291.27,-0.0066349045023345,-0.0034728866097738,7227.905714285715,0.0309862267394496,true,false
2020-01-05,atm35000130,Izmir,38470,1169,607,562,7430.83,0.0191406983968498,0.001189706278631,7229.167142857143,0.0314050890979766,true,false
2020-01-06,atm35000130,Izmir,37115,1157,567,590,7525.46,0.0127347819826317,0.0417923547497982,7272.294285714286,0.0291435871176385,false,false
2020-01-07,atm35000130,Izmir,41560,1100,503,597,8050.0,0.0697020514360584,0.1274857208485416,7402.325714285714,0.0362012045859287,false,false
2020-01-01,atm35000131,Izmir,44505,1259,551,708,7225.58,0.0120171769998516,0.0088703653283626,7270.584285714285,0.0203415646379413,false,true
2020-01-02,atm35000131,Izmir,41605,1174,525,649,6953.17,-0.0377007797297932,-0.0544986027916969,7213.330000000001,0.0215160153679279,false,false
2020-01-03,atm35000131,Izmir,38425,1208,565,643,7339.97,0.0556293028935004,0.0176692505958382,7231.535714285715,0.0312668978846912,false,false
2020-01-04,atm35000131,Izmir,37995,1107,459,648,7291.27,-0.0066349045023345,-0.0034728866097738,7227.905714285715,0.0309862267394496,true,false
2020-01-05,atm35000131,Izmir,35495,1337,741,596,7430.83,0.0191406983968498,0.001189706278631,7229.167142857143,0.0314050890979766,true,false
2020-01-06,atm35000131,Izmir,38170,1222,609,613,7525.46,0.0127347819826317,0.0417923547497982,7272.294285714286,0.0291435871176385,false,false
2020-01-07,atm35000131,Izmir,39350,1092,480,612,8050.0,0.0697020514360584,0.1274857208485416,7402.325714285714,0.0362012045859287,false,false
2020-01-01,atm35000132,Izmir,39310,1227,590,637,7225.58,0.0120171769998516,0.0088703653283626,7270.584285714285,0.0203415646379413,false,true
2020-01-02,atm35000132,Izmir,42610,1251,605,646,6953.17,-0.0377007797297932,-0.0544986027916969,7213.330000000001,0.0215160153679279,false,false
2020-01-03,atm35000132,Izmir,38135,1137,515,622,7339.97,0.0556293028935004,0.0176692505958382,7231.535714285715,0.0312668978846912,false,false
2020-01-04,atm35000132,Izmir,40765,1093,460,633,7291.27,-0.0066349045023345,-0.0034728866097738,7227.905714285715,0.0309862267394496,true,false
2020-01-05,atm35000132,Izmir,34625,1072,552,520,7430.83,0.0191406983968498,0.001189706278631,7229.167142857143,0.0314050890979766,true,false
2020-01-06,atm35000132,Izmir,39025,1163,579,584,7525.46,0.0127347819826317,0.0417923547497982,7272.294285714286,0.0291435871176385,false,false
2020-01-07,atm35000132,Izmir,37900,1266,621,645,8050.0,0.0697020514360584,0.1274857208485416,7402.325714285714,0.0362012045859287,false,false
2020-01-01,atm35000133,Izmir,40755,1223,564,659,7225.58,0.0120171769998516,0.0088703653283626,7270.584285714285,0.0203415646379413,false,true
2020-01-02,atm35000133,Izmir,40225,1177,583,594,6953.17,-0.0377007797297932,-0.0544986027916969,7213.330000000001,0.0215160153679279,false,false
2020-01-03,atm35000133,Izmir,39270,1104,508,596,7339.97,0.0556293028935004,0.0176692505958382,7231.535714285715,0.0312668978846912,false,false
2020-01-04,atm35000133,Izmir,40010,1167,538,629,7291.27,-0.0066349045023345,-0.0034728866097738,7227.905714285715,0.0309862267394496,true,false
2020-01-05,atm35000133,Izmir,37325,1261,631,630,7430.83,0.0191406983968498,0.001189706278631,7229.167142857143,0.0314050890979766,true,false
2020-01-06,atm35000133,Izmir,40530,1069,444,625,7525.46,0.0127347819826317,0.0417923547497982,7272.294285714286,0.0291435871176385,false,false
2020-01-07,atm35000133,Izmir,44070,1309,615,694,8050.0,0.0697020514360584,0.1274857208485416,7402.325714285714,0.0362012045859287,false,false
2020-01-01,atm35000134,Izmir,42180,1209,580,629,7225.58,0.0120171769998516,0.0088703653283626,7270.584285714285,0.0203415646379413,false,true
2020-01-02,atm35000134,Izmir,41710,1153,512,641,6953.17,-0.0377007797297932,-0.0544986027916969,7213.330000000001,0.0215160153679279,false,false
2020-01-03,atm35000134,Izmir,34745,1176,619,557,7339.97,0.0556293028935004,0.0176692505958382,7231.535714285715,0.0312668978846912,false,false
2020-01-04,atm35000134,Izmir,37520,1140,558,582,7291.27,-0.0066349045023345,-0.0034728866097738,7227.905714285715,0.0309862267394496,true,false
2020-01-05,atm35000134,Izmir,48650,1287,576,711,7430.83,0.0191406983968498,0.001189706278631,7229.167142857143,0.0314050890979766,true,false
2020-01-06,atm35000134,Izmir,42070,1181,538,643,7525.46,0.0127347819826317,0.0417923547497982,7272.294285714286,0.0291435871176385,false,false
2020-01-07,atm35000134,Izmir,43345,1384,695,689,8050.0,0.0697020514360584,0.1274857208485416,7402.325714285714,0.0362012045859287,false,false
2020-01-01,atm35000135,Izmir,43435,1108,425,683,7225.58,0.0120171769998516,0.0088703653283626,7270.584285714285,0.0203415646379413,false,true
2020-01-02,atm35000135,Izmir,35680,1199,615,584,6953.17,-0.0377007797297932,-0.0544986027916969,7213.330000000001,0.0215160153679279,false,false
2020-01-03,atm35000135,Izmir,42680,1304,639,665,7339.97,0.0556293028935004,0.0176692505958382,7231.535714285715,0.0312668978846912,false,false
2020-01-04,atm35000135,Izmir,39180,1267,662,605,7291.27,-0.0066349045023345,-0.0034728866097738,7227.905714285715,0.0309862267394496,true,false
2020-01-05,atm35000135,Izmir,42880,1254,567,687,7430.83,0.0191406983968498,0.001189706278631,7229.167142857143,0.0314050890979766,true,false
2020-01-06,atm35000135,Izmir,38600,1198,583,615,7525.46,0.0127347819826317,0.0417923547497982,7272.294285714286,0.0291435871176385,false,false
2020-01-07,atm35000135,Izmir,44285,1193,520,673,8050.0,0.0697020514360584,0.1274857208485416,7402.325714285714,0.0362012045859287,false,false
2020-01-01,atm35000136,Izmir,38480,1152,522,630,7225.58,0.0120171769998516,0.0088703653283626,7270.584285714285,0.0203415646379413,false,true
2020-01-02,atm35000136,Izmir,42885,1228,547,681,6953.17,-0.0377007797297932,-0.0544986027916969,7213.330000000001,0.0215160153679279,false,false
2020-01-03,atm35000136,Izmir,39075,1308,663,645,7339.97,0.0556293028935004,0.0176692505958382,7231.535714285715,0.0312668978846912,false,false
2020-01-04,atm35000136,Izmir,42535,1129,482,647,7291.27,-0.0066349045023345,-0.0034728866097738,7227.905714285715,0.0309862267394496,true,false
2020-01-05,atm35000136,Izmir,45610,1215,501,714,7430.83,0.0191406983968498,0.001189706278631,7229.167142857143,0.0314050890979766,true,false
2020-01-06,atm35000136,Izmir,36160,1140,548,592,7525.46,0.0127347819826317,0.0417923547497982,7272.294285714286,0.0291435871176385,false,false
2020-01-07,atm35000136,Izmir,43690,1363,704,659,8050.0,0.0697020514360584,0.1274857208485416,7402.325714285714,0.0362012045859287,false,false
2020-01-01,atm35000137,Izmir,35560,1138,531,607,7225.58,0.0120171769998516,0.0088703653283626,7270.584285714285,0.0203415646379413,false,true
2020-01-02,atm35000137,Izmir,43375,1243,560,683,6953.17,-0.0377007797297932,-0.0544986027916969,7213.330000000001,0.0215160153679279,false,false
2020-01-03,atm35000137,Izmir,42285,1116,459,657,7339.97,0.0556293028935004,0.0176692505958382,7231.535714285715,0.0312668978846912,false,false
2020-01-04,atm35000137,Izmir,42685,1227,553,674,7291.27,-0.0066349045023345,-0.0034728866097738,7227.905714285715,0.0309862267394496,true,false
2020-01-05,atm35000137,Izmir,41090,1232,607,625,7430.83,0.0191406983968498,0.001189706278631,7229.167142857143,0.0314050890979766,true,false
2020-01-06,atm35000137,Izmir,37955,1146,519,627,7525.46,0.0127347819826317,0.0417923547497982,7272.294285714286,0.0291435871176385,false,false
2020-01-07,atm35000137,Izmir,35455,1163,592,571,8050.0,0.0697020514360584,0.1274857208485416,7402.325714285714,0.0362012045859287,false,false
2020-01-01,atm35000138,Izmir,40280,1254,567,687,7225.58,0.0120171769998516,0.0088703653283626,7270.584285714285,0.0203415646379413,false,true
2020-01-02,atm35000138,Izmir,39440,1260,646,614,6953.17,-0.0377007797297932,-0.0544986027916969,7213.330000000001,0.0215160153679279,false,false
2020-01-03,atm35000138,Izmir,41220,1289,617,672,7339.97,0.0556293028935004,0.0176692505958382,7231.535714285715,0.0312668978846912,false,false
2020-01-04,atm35000138,Izmir,34710,1162,582,580,7291.27,-0.0066349045023345,-0.0034728866097738,7227.905714285715,0.0309862267394496,true,false
2020-01-05,atm35000138,Izmir,42705,1260,590,670,7430.83,0.0191406983968498,0.001189706278631,7229.167142857143,0.0314050890979766,true,false
2020-01-06,atm35000138,Izmir,41205,1183,529,654,7525.46,0.0127347819826317,0.0417923547497982,7272.294285714286,0.0291435871176385,false,false
2020-01-07,atm35000138,Izmir,38400,1018,443,575,8050.0,0.0697020514360584,0.1274857208485416,7402.325714285714,0.0362012045859287,false,false
2020-01-01,atm35000139,Izmir,40740,1190,549,641,7225.58,0.0120171769998516,0.0088703653283626,7270.584285714285,0.0203415646379413,false,true
2020-01-02,atm35000139,Izmir,43820,1270,588,682,6953.17,-0.0377007797297932,-0.0544986027916969,7213.330000000001,0.0215160153679279,false,false
2020-01-03,atm35000139,Izmir,43560,1326,642,684,7339.97,0.0556293028935004,0.0176692505958382,7231.535714285715,0.0312668978846912,false,false
2020-01-04,atm35000139,Izmir,39250,1303,651,652,7291.27,-0.0066349045023345,-0.0034728866097738,7227.905714285715,0.0309862267394496,true,false
2020-01-05,atm35000139,Izmir,44740,1195,516,679,7430.83,0.0191406983968498,0.001189706278631,7229.167142857143,0.0314050890979766,true,false
2020-01-06,atm35000139,Izmir,38325,1260,663,597,7525.46,0.0127347819826317,0.0417923547497982,7272.294285714286,0.0291435871176385,false,false
2020-01-07,atm35000139,Izmir,42630,1318,629,689,8050.0,0.0697020514360584,0.1274857208485416,7402.325714285714,0.0362012045859287,false,false
2020-01-01,atm3500014,Izmir,39080,1098,508,590,7225.58,0.0120171769998516,0.0088703653283626,7270.584285714285,0.0203415646379413,false,true
2020-01-02,atm3500014,Izmir,41445,1166,529,637,6953.17,-0.0377007797297932,-0.0544986027916969,7213.330000000001,0.0215160153679279,false,false
2020-01-03,atm3500014,Izmir,38035,1142,535,607,7339.97,0.0556293028935004,0.0176692505958382,7231.535714285715,0.0312668978846912,false,false
2020-01-04,atm3500014,Izmir,46225,1270,554,716,7291.27,-0.0066349045023345,-0.0034728866097738,7227.905714285715,0.0309862267394496,true,false
2020-01-05,atm3500014,Izmir,41780,1170,523,647,7430.83,0.0191406983968498,0.001189706278631,7229.167142857143,0.0314050890979766,true,false
2020-01-06,atm3500014,Izmir,46245,1188,524,664,7525.46,0.0127347819826317,0.0417923547497982,7272.294285714286,0.0291435871176385,false,false
2020-01-07,atm3500014,Izmir,42320,1227,600,627,8050.0,0.0697020514360584,0.1274857208485416,7402.325714285714,0.0362012045859287,false,false
2020-01-01,atm35000140,Izmir,36775,1206,569,637,7225.58,0.0120171769998516,0.0088703653283626,7270.584285714285,0.0203415646379413,false,true
2020-01-02,atm35000140,Izmir,43300,1218,538,680,6953.17,-0.0377007797297932,-0.0544986027916969,7213.330000000001,0.0215160153679279,false,false
2020-01-03,atm35000140,Izmir,44075,1307,667,640,7339.97,0.0556293028935004,0.0176692505958382,7231.535714285715,0.0312668978846912,false,false
2020-01-04,atm35000140,Izmir,45780,1127,440,687,7291.27,-0.0066349045023345,-0.0034728866097738,7227.905714285715,0.0309862267394496,true,false
2020-01-05,atm35000140,Izmir,45365,1251,554,697,7430.83,0.0191406983968498,0.001189706278631,7229.167142857143,0.0314050890979766,true,false
2020-01-06,atm35000140,Izmir,38740,1203,616,587,7525.46,0.0127347819826317,0.0417923547497982,7272.294285714286,0.0291435871176385,false,false
2020-01-07,atm35000140,Izmir,40700,1295,648,647,8050.0,0.0697020514360584,0.1274857208485416,7402.325714285714,0.0362012045859287,false,false
2020-01-01,atm35000141,Izmir,43970,1257,599,658,7225.58,0.0120171769998516,0.0088703653283626,7270.584285714285,0.0203415646379413,false,true
2020-01-02,atm35000141,Izmir,41515,1136,481,655,6953.17,-0.0377007797297932,-0.0544986027916969,7213.330000000001,0.0215160153679279,false,false
2020-01-03,atm35000141,Izmir,35510,1122,545,577,7339.97,0.0556293028935004,0.0176692505958382,7231.535714285715,0.0312668978846912,false,false
2020-01-04,atm35000141,Izmir,39635,1169,539,630,7291.27,-0.0066349045023345,-0.0034728866097738,7227.905714285715,0.0309862267394496,true,false
2020-01-05,atm35000141,Izmir,42495,1218,567,651,7430.83,0.0191406983968498,0.001189706278631,7229.167142857143,0.0314050890979766,true,false
2020-01-06,atm35000141,Izmir,40615,1204,579,625,7525.46,0.0127347819826317,0.0417923547497982,7272.294285714286,0.0291435871176385,false,false
2020-01-07,atm35000141,Izmir,34920,1128,564,564,8050.0,0.0697020514360584,0.1274857208485416,7402.325714285714,0.0362012045859287,false,false
2020-01-01,atm35000142,Izmir,41240,1204,550,654,7225.58,0.0120171769998516,0.0088703653283626,7270.584285714285,0.0203415646379413,false,true
2020-01-02,atm35000142,Izmir,39575,1114,462,652,6953.17,-0.0377007797297932,-0.0544986027916969,7213.330000000001,0.0215160153679279,false,false
2020-01-03,atm35000142,Izmir,43475,1186,513,673,7339.97,0.0556293028935004,0.0176692505958382,7231.535714285715,0.0312668978846912,false,false
2020-01-04,atm35000142,Izmir,40755,1212,567,645,7291.27,-0.0066349045023345,-0.0034728866097738,7227.905714285715,0.0309862267394496,true,false
2020-01-05,atm35000142,Izmir,39030,1124,507,617,7430.83,0.0191406983968498,0.001189706278631,7229.167142857143,0.0314050890979766,true,false
2020-01-06,atm35000142,Izmir,37050,1056,468,588,7525.46,0.0127347819826317,0.0417923547497982,7272.294285714286,0.0291435871176385,false,false
2020-01-07,atm35000142,Izmir,45220,1268,606,662,8050.0,0.0697020514360584,0.1274857208485416,7402.325714285714,0.0362012045859287,false,false
2020-01-01,atm35000143,Izmir,42725,1249,606,643,7225.58,0.0120171769998516,0.0088703653283626,7270.584285714285,0.0203415646379413,false,true
2020-01-02,atm35000143,Izmir,42670,1065,397,668,6953.17,-0.0377007797297932,-0.0544986027916969,7213.330000000001,0.0215160153679279,false,false
2020-01-03,atm35000143,Izmir,40105,1153,556,597,7339.97,0.0556293028935004,0.0176692505958382,7231.535714285715,0.0312668978846912,false,false
2020-01-04,atm35000143,Izmir,43035,1193,539,654,7291.27,-0.0066349045023345,-0.0034728866097738,7227.905714285715,0.0309862267394496,true,false
2020-01-05,atm35000143,Izmir,40715,1284,641,643,7430.83,0.0191406983968498,0.001189706278631,7229.167142857143,0.0314050890979766,true,false
2020-01-06,atm35000143,Izmir,37225,1025,486,539,7525.46,0.0127347819826317,0.0417923547497982,7272.294285714286,0.0291435871176385,false,false
2020-01-07,atm35000143,Izmir,39440,1256,596,660,8050.0,0.0697020514360584,0.1274857208485416,7402.325714285714,0.0362012045859287,false,false
2020-01-01,atm35000144,Izmir,41890,1138,537,601,7225.58,0.0120171769998516,0.0088703653283626,7270.584285714285,0.0203415646379413,false,true
2020-01-02,atm35000144,Izmir,43160,1210,562,648,6953.17,-0.0377007797297932,-0.0544986027916969,7213.330000000001,0.0215160153679279,false,false
2020-01-03,atm35000144,Izmir,41895,1214,570,644,7339.97,0.0556293028935004,0.0176692505958382,7231.535714285715,0.0312668978846912,false,false
2020-01-04,atm35000144,Izmir,42000,1171,522,649,7291.27,-0.0066349045023345,-0.0034728866097738,7227.905714285715,0.0309862267394496,true,false
2020-01-05,atm35000144,Izmir,40560,1215,523,692,7430.83,0.0191406983968498,0.001189706278631,7229.167142857143,0.0314050890979766,true,false
2020-01-06,atm35000144,Izmir,38445,1078,499,579,7525.46,0.0127347819826317,0.0417923547497982,7272.294285714286,0.0291435871176385,false,false
2020-01-07,atm35000144,Izmir,47235,1097,399,698,8050.0,0.0697020514360584,0.1274857208485416,7402.325714285714,0.0362012045859287,false,false
2020-01-01,atm35000145,Izmir,40580,1190,546,644,7225.58,0.0120171769998516,0.0088703653283626,7270.584285714285,0.0203415646379413,false,true
2020-01-02,atm35000145,Izmir,42685,1207,531,676,6953.17,-0.0377007797297932,-0.0544986027916969,7213.330000000001,0.0215160153679279,false,false
2020-01-03,atm35000145,Izmir,39935,1199,542,657,7339.97,0.0556293028935004,0.0176692505958382,7231.535714285715,0.0312668978846912,false,false
2020-01-04,atm35000145,Izmir,39120,1335,684,651,7291.27,-0.0066349045023345,-0.0034728866097738,7227.905714285715,0.0309862267394496,true,false
2020-01-05,atm35000145,Izmir,44985,1232,557,675,7430.83,0.0191406983968498,0.001189706278631,7229.167142857143,0.0314050890979766,true,false
2020-01-06,atm35000145,Izmir,45375,1321,601,720,7525.46,0.0127347819826317,0.0417923547497982,7272.294285714286,0.0291435871176385,false,false
2020-01-07,atm35000145,Izmir,38935,1128,523,605,8050.0,0.0697020514360584,0.1274857208485416,7402.325714285714,0.0362012045859287,false,false
2020-01-01,atm35000146,Izmir,41680,1201,512,689,7225.58,0.0120171769998516,0.0088703653283626,7270.584285714285,0.0203415646379413,false,true
2020-01-02,atm35000146,Izmir,42025,1168,545,623,6953.17,-0.0377007797297932,-0.0544986027916969,7213.330000000001,0.0215160153679279,false,false
2020-01-03,atm35000146,Izmir,36665,1257,635,622,7339.97,0.0556293028935004,0.0176692505958382,7231.535714285715,0.0312668978846912,false,false
2020-01-04,atm35000146,Izmir,34030,1147,615,532,7291.27,-0.0066349045023345,-0.0034728866097738,7227.905714285715,0.0309862267394496,true,false
2020-01-05,atm35000146,Izmir,34170,1111,530,581,7430.83,0.0191406983968498,0.001189706278631,7229.167142857143,0.0314050890979766,true,false
2020-01-06,atm35000146,Izmir,45405,1296,567,729,7525.46,0.0127347819826317,0.0417923547497982,7272.294285714286,0.0291435871176385,false,false
2020-01-07,atm35000146,Izmir,41980,1313,631,682,8050.0,0.0697020514360584,0.1274857208485416,7402.325714285714,0.0362012045859287,false,false
2020-01-01,atm35000147,Izmir,38585,1178,571,607,7225.58,0.0120171769998516,0.0088703653283626,7270.584285714285,0.0203415646379413,false,true
2020-01-02,atm35000147,Izmir,36895,1084,498,586,6953.17,-0.0377007797297932,-0.0544986027916969,7213.330000000001,0.0215160153679279,false,false
2020-01-03,atm35000147,Izmir,45770,1235,512,723,7339.97,0.0556293028935004,0.0176692505958382,7231.535714285715,0.0312668978846912,false,false
2020-01-04,atm35000147,Izmir,37690,1288,688,600,7291.27,-0.0066349045023345,-0.0034728866097738,7227.905714285715,0.0309862267394496,true,false
2020-01-05,atm35000147,Izmir,41535,1106,477,629,7430.83,0.0191406983968498,0.001189706278631,7229.167142857143,0.0314050890979766,true,false
2020-01-06,atm35000147,Izmir,39060,1000,432,568,7525.46,0.0127347819826317,0.0417923547497982,7272.294285714286,0.0291435871176385,false,false
2020-01-07,atm35000147,Izmir,36915,1098,533,565,8050.0,0.0697020514360584,0.1274857208485416,7402.325714285714,0.0362012045859287,false,false
2020-01-01,atm35000148,Izmir,44275,1153,515,638,7225.58,0.0120171769998516,0.0088703653283626,7270.584285714285,0.0203415646379413,false,true
2020-01-02,atm35000148,Izmir,41235,1201,544,657,6953.17,-0.0377007797297932,-0.0544986027916969,7213.330000000001,0.0215160153679279,false,false
2020-01-03,atm35000148,Izmir,41175,1162,565,597,7339.97,0.0556293028935004,0.0176692505958382,7231.535714285715,0.0312668978846912,false,false
2020-01-04,atm35000148,Izmir,37875,1047,456,591,7291.27,-0.0066349045023345,-0.0034728866097738,7227.905714285715,0.0309862267394496,true,false
2020-01-05,atm35000148,Izmir,46520,1236,538,698,7430.83,0.0191406983968498,0.001189706278631,7229.167142857143,0.0314050890979766,true,false
2020-01-06,atm35000148,Izmir,44980,1253,562,691,7525.46,0.0127347819826317,0.0417923547497982,7272.294285714286,0.0291435871176385,false,false
2020-01-07,atm35000148,Izmir,42655,1183,522,661,8050.0,0.0697020514360584,0.1274857208485416,7402.325714285714,0.0362012045859287,false,false
2020-01-01,atm35000149,Izmir,44310,1276,534,742,7225.58,0.0120171769998516,0.0088703653283626,7270.584285714285,0.0203415646379413,false,true
2020-01-02,atm35000149,Izmir,36480,1114,517,597,6953.17,-0.0377007797297932,-0.0544986027916969,7213.330000000001,0.0215160153679279,false,false
2020-01-03,atm35000149,Izmir,39490,1166,553,613,7339.97,0.0556293028935004,0.0176692505958382,7231.535714285715,0.0312668978846912,false,false
2020-01-04,atm35000149,Izmir,38750,1227,628,599,7291.27,-0.0066349045023345,-0.0034728866097738,7227.905714285715,0.0309862267394496,true,false
2020-01-05,atm35000149,Izmir,48160,1294,569,725,7430.83,0.0191406983968498,0.001189706278631,7229.167142857143,0.0314050890979766,true,false
2020-01-06,atm35000149,Izmir,38255,1164,560,604,7525.46,0.0127347819826317,0.0417923547497982,7272.294285714286,0.0291435871176385,false,false
2020-01-07,atm35000149,Izmir,38600,1146,547,599,8050.0,0.0697020514360584,0.1274857208485416,7402.325714285714,0.0362012045859287,false,false
2020-01-01,atm3500015,Izmir,40760,1219,578,641,7225.58,0.0120171769998516,0.0088703653283626,7270.584285714285,0.0203415646379413,false,true
2020-01-02,atm3500015,Izmir,37165,1102,519,583,6953.17,-0.0377007797297932,-0.0544986027916969,7213.330000000001,0.0215160153679279,false,false
2020-01-03,atm3500015,Izmir,44915,1200,531,669,7339.97,0.0556293028935004,0.0176692505958382,7231.535714285715,0.0312668978846912,false,false
2020-01-04,atm3500015,Izmir,46745,1279,573,706,7291.27,-0.0066349045023345,-0.0034728866097738,7227.905714285715,0.0309862267394496,true,false
2020-01-05,atm3500015,Izmir,39450,1109,481,628,7430.83,0.0191406983968498,0.001189706278631,7229.167142857143,0.0314050890979766,true,false
2020-01-06,atm3500015,Izmir,40140,1185,573,612,7525.46,0.0127347819826317,0.0417923547497982,7272.294285714286,0.0291435871176385,false,false
2020-01-07,atm3500015,Izmir,42365,1184,560,624,8050.0,0.0697020514360584,0.1274857208485416,7402.325714285714,0.0362012045859287,false,false
2020-01-01,atm35000150,Izmir,34860,1056,507,549,7225.58,0.0120171769998516,0.0088703653283626,7270.584285714285,0.0203415646379413,false,true
2020-01-02,atm35000150,Izmir,36950,1156,587,569,6953.17,-0.0377007797297932,-0.0544986027916969,7213.330000000001,0.0215160153679279,false,false
2020-01-03,atm35000150,Izmir,43095,1201,508,693,7339.97,0.0556293028935004,0.0176692505958382,7231.535714285715,0.0312668978846912,false,false
2020-01-04,atm35000150,Izmir,37910,973,359,614,7291.27,-0.0066349045023345,-0.0034728866097738,7227.905714285715,0.0309862267394496,true,false
2020-01-05,atm35000150,Izmir,39170,1294,661,633,7430.83,0.0191406983968498,0.001189706278631,7229.167142857143,0.0314050890979766,true,false
2020-01-06,atm35000150,Izmir,38565,1223,621,602,7525.46,0.0127347819826317,0.0417923547497982,7272.294285714286,0.0291435871176385,false,false
2020-01-07,atm35000150,Izmir,43955,1223,572,651,8050.0,0.0697020514360584,0.1274857208485416,7402.325714285714,0.0362012045859287,false,false
2020-01-01,atm35000151,Izmir,36315,1253,677,576,7225.58,0.0120171769998516,0.0088703653283626,7270.584285714285,0.0203415646379413,false,true
2020-01-02,atm35000151,Izmir,46755,1317,584,733,6953.17,-0.0377007797297932,-0.0544986027916969,7213.330000000001,0.0215160153679279,false,false
2020-01-03,atm35000151,Izmir,41955,1294,623,671,7339.97,0.0556293028935004,0.0176692505958382,7231.535714285715,0.0312668978846912,false,false
2020-01-04,atm35000151,Izmir,40545,1150,569,581,7291.27,-0.0066349045023345,-0.0034728866097738,7227.905714285715,0.0309862267394496,true,false
2020-01-05,atm35000151,Izmir,42290,1189,560,629,7430.83,0.0191406983968498,0.001189706278631,7229.167142857143,0.0314050890979766,true,false
2020-01-06,atm35000151,Izmir,44540,1279,576,703,7525.46,0.0127347819826317,0.0417923547497982,7272.294285714286,0.0291435871176385,false,false
2020-01-07,atm35000151,Izmir,45210,1238,544,694,8050.0,0.0697020514360584,0.1274857208485416,7402.325714285714,0.0362012045859287,false,false
2020-01-01,atm35000152,Izmir,36640,1131,535,596,7225.58,0.0120171769998516,0.0088703653283626,7270.584285714285,0.0203415646379413,false,true
2020-01-02,atm35000152,Izmir,36065,1113,541,572,6953.17,-0.0377007797297932,-0.0544986027916969,7213.330000000001,0.0215160153679279,false,false
2020-01-03,atm35000152,Izmir,33675,1099,550,549,7339.97,0.0556293028935004,0.0176692505958382,7231.535714285715,0.0312668978846912,false,false
2020-01-04,atm35000152,Izmir,41125,1174,509,665,7291.27,-0.0066349045023345,-0.0034728866097738,7227.905714285715,0.0309862267394496,true,false
2020-01-05,atm35000152,Izmir,35580,1201,625,576,7430.83,0.0191406983968498,0.001189706278631,7229.167142857143,0.0314050890979766,true,false
2020-01-06,atm35000152,Izmir,38440,1134,506,628,7525.46,0.0127347819826317,0.0417923547497982,7272.294285714286,0.0291435871176385,false,false
2020-01-07,atm35000152,Izmir,39195,1307,678,629,8050.0,0.0697020514360584,0.1274857208485416,7402.325714285714,0.0362012045859287,false,false
2020-01-01,atm35000153,Izmir,38665,1074,469,605,7225.58,0.0120171769998516,0.0088703653283626,7270.584285714285,0.0203415646379413,false,true
2020-01-02,atm35000153,Izmir,41855,1198,530,668,6953.17,-0.0377007797297932,-0.0544986027916969,7213.330000000001,0.0215160153679279,false,false
2020-01-03,atm35000153,Izmir,45470,1273,602,671,7339.97,0.0556293028935004,0.0176692505958382,7231.535714285715,0.0312668978846912,false,false
2020-01-04,atm35000153,Izmir,41830,1306,677,629,7291.27,-0.0066349045023345,-0.0034728866097738,7227.905714285715,0.0309862267394496,true,false
2020-01-05,atm35000153,Izmir,42350,1145,502,643,7430.83,0.0191406983968498,0.001189706278631,7229.167142857143,0.0314050890979766,true,false
2020-01-06,atm35000153,Izmir,41075,1284,654,630,7525.46,0.0127347819826317,0.0417923547497982,7272.294285714286,0.0291435871176385,false,false
2020-01-07,atm35000153,Izmir,39960,1244,579,665,8050.0,0.0697020514360584,0.1274857208485416,7402.325714285714,0.0362012045859287,false,false
2020-01-01,atm35000154,Izmir,37420,1116,532,584,7225.58,0.0120171769998516,0.0088703653283626,7270.584285714285,0.0203415646379413,false,true
2020-01-02,atm35000154,Izmir,42870,1255,619,636,6953.17,-0.0377007797297932,-0.0544986027916969,7213.330000000001,0.0215160153679279,false,false
2020-01-03,atm35000154,Izmir,47010,1226,541,685,7339.97,0.0556293028935004,0.0176692505958382,7231.535714285715,0.0312668978846912,false,false
2020-01-04,atm35000154,Izmir,44195,1132,489,643,7291.27,-0.0066349045023345,-0.0034728866097738,7227.905714285715,0.0309862267394496,true,false
2020-01-05,atm35000154,Izmir,39370,1269,673,596,7430.83,0.0191406983968498,0.001189706278631,7229.167142857143,0.0314050890979766,true,false
2020-01-06,atm35000154,Izmir,39285,1190,578,612,7525.46,0.0127347819826317,0.0417923547497982,7272.294285714286,0.0291435871176385,false,false
2020-01-07,atm35000154,Izmir,41405,1143,515,628,8050.0,0.0697020514360584,0.1274857208485416,7402.325714285714,0.0362012045859287,false,false
2020-01-01,atm35000155,Izmir,44465,1219,533,686,7225.58,0.0120171769998516,0.0088703653283626,7270.584285714285,0.0203415646379413,false,true
2020-01-02,atm35000155,Izmir,44140,1273,589,684,6953.17,-0.0377007797297932,-0.0544986027916969,7213.330000000001,0.0215160153679279,false,false
2020-01-03,atm35000155,Izmir,46465,1283,599,684,7339.97,0.0556293028935004,0.0176692505958382,7231.535714285715,0.0312668978846912,false,false
2020-01-04,atm35000155,Izmir,38790,1156,554,602,7291.27,-0.0066349045023345,-0.0034728866097738,7227.905714285715,0.0309862267394496,true,false
2020-01-05,atm35000155,Izmir,46880,1289,581,708,7430.83,0.0191406983968498,0.001189706278631,7229.167142857143,0.0314050890979766,true,false
2020-01-06,atm35000155,Izmir,43275,1371,680,691,7525.46,0.0127347819826317,0.0417923547497982,7272.294285714286,0.0291435871176385,false,false
2020-01-07,atm35000155,Izmir,43425,1200,489,711,8050.0,0.0697020514360584,0.1274857208485416,7402.325714285714,0.0362012045859287,false,false
2020-01-01,atm35000156,Izmir,44515,1259,603,656,7225.58,0.0120171769998516,0.0088703653283626,7270.584285714285,0.0203415646379413,false,true
2020-01-02,atm35000156,Izmir,34770,1128,573,555,6953.17,-0.0377007797297932,-0.0544986027916969,7213.330000000001,0.0215160153679279,false,false
2020-01-03,atm35000156,Izmir,38365,1221,581,640,7339.97,0.0556293028935004,0.0176692505958382,7231.535714285715,0.0312668978846912,false,false
2020-01-04,atm35000156,Izmir,42335,1303,617,686,7291.27,-0.0066349045023345,-0.0034728866097738,7227.905714285715,0.0309862267394496,true,false
2020-01-05,atm35000156,Izmir,42945,1125,452,673,7430.83,0.0191406983968498,0.001189706278631,7229.167142857143,0.0314050890979766,true,false
2020-01-06,atm35000156,Izmir,35520,1165,556,609,7525.46,0.0127347819826317,0.0417923547497982,7272.294285714286,0.0291435871176385,false,false
2020-01-07,atm35000156,Izmir,44440,1226,518,708,8050.0,0.0697020514360584,0.1274857208485416,7402.325714285714,0.0362012045859287,false,false
2020-01-01,atm35000157,Izmir,34980,1160,552,608,7225.58,0.0120171769998516,0.0088703653283626,7270.584285714285,0.0203415646379413,false,true
2020-01-02,atm35000157,Izmir,40030,1155,542,613,6953.17,-0.0377007797297932,-0.0544986027916969,7213.330000000001,0.0215160153679279,false,false
2020-01-03,atm35000157,Izmir,36100,1077,479,598,7339.97,0.0556293028935004,0.0176692505958382,7231.535714285715,0.0312668978846912,false,false
2020-01-04,atm35000157,Izmir,41600,1162,508,654,7291.27,-0.0066349045023345,-0.0034728866097738,7227.905714285715,0.0309862267394496,true,false
2020-01-05,atm35000157,Izmir,35195,1105,532,573,7430.83,0.0191406983968498,0.001189706278631,7229.167142857143,0.0314050890979766,true,false
2020-01-06,atm35000157,Izmir,41775,1209,542,667,7525.46,0.0127347819826317,0.0417923547497982,7272.294285714286,0.0291435871176385,false,false
2020-01-07,atm35000157,Izmir,38505,1196,580,616,8050.0,0.0697020514360584,0.1274857208485416,7402.325714285714,0.0362012045859287,false,false
2020-01-01,atm35000158,Izmir,37450,1153,534,619,7225.58,0.0120171769998516,0.0088703653283626,7270.584285714285,0.0203415646379413,false,true
2020-01-02,atm35000158,Izmir,42880,1231,553,678,6953.17,-0.0377007797297932,-0.0544986027916969,7213.330000000001,0.0215160153679279,false,false
2020-01-03,atm35000158,Izmir,45315,1302,632,670,7339.97,0.0556293028935004,0.0176692505958382,7231.535714285715,0.0312668978846912,false,false
2020-01-04,atm35000158,Izmir,41400,1265,599,666,7291.27,-0.0066349045023345,-0.0034728866097738,7227.905714285715,0.0309862267394496,true,false
2020-01-05,atm35000158,Izmir,44255,1204,509,695,7430.83,0.0191406983968498,0.001189706278631,7229.167142857143,0.0314050890979766,true,false
2020-01-06,atm35000158,Izmir,36500,1103,529,574,7525.46,0.0127347819826317,0.0417923547497982,7272.294285714286,0.0291435871176385,false,false
2020-01-07,atm35000158,Izmir,45585,1221,504,717,8050.0,0.0697020514360584,0.1274857208485416,7402.325714285714,0.0362012045859287,false,false
2020-01-01,atm35000159,Izmir,39685,1267,645,622,7225.58,0.0120171769998516,0.0088703653283626,7270.584285714285,0.0203415646379413,false,true
2020-01-02,atm35000159,Izmir,42595,1290,608,682,6953.17,-0.0377007797297932,-0.0544986027916969,7213.330000000001,0.0215160153679279,false,false
2020-01-03,atm35000159,Izmir,42120,1261,612,649,7339.97,0.0556293028935004,0.0176692505958382,7231.535714285715,0.0312668978846912,false,false
2020-01-04,atm35000159,Izmir,43985,1261,576,685,7291.27,-0.0066349045023345,-0.0034728866097738,7227.905714285715,0.0309862267394496,true,false
2020-01-05,atm35000159,Izmir,42010,1219,523,696,7430.83,0.0191406983968498,0.001189706278631,7229.167142857143,0.0314050890979766,true,false
2020-01-06,atm35000159,Izmir,45600,1295,600,695,7525.46,0.0127347819826317,0.0417923547497982,7272.294285714286,0.0291435871176385,false,false
2020-01-07,atm35000159,Izmir,39270,1106,511,595,8050.0,0.0697020514360584,0.1274857208485416,7402.325714285714,0.0362012045859287,false,false
2020-01-01,atm3500016,Izmir,39020,1220,602,618,7225.58,0.0120171769998516,0.0088703653283626,7270.584285714285,0.0203415646379413,false,true
2020-01-02,atm3500016,Izmir,40945,1300,639,661,6953.17,-0.0377007797297932,-0.0544986027916969,7213.330000000001,0.0215160153679279,false,false
2020-01-03,atm3500016,Izmir,37540,1238,614,624,7339.97,0.0556293028935004,0.0176692505958382,7231.535714285715,0.0312668978846912,false,false
2020-01-04,atm3500016,Izmir,39640,1206,632,574,7291.27,-0.0066349045023345,-0.0034728866097738,7227.905714285715,0.0309862267394496,true,false
2020-01-05,atm3500016,Izmir,36700,1140,536,604,7430.83,0.0191406983968498,0.001189706278631,7229.167142857143,0.0314050890979766,true,false
2020-01-06,atm3500016,Izmir,39065,1168,605,563,7525.46,0.0127347819826317,0.0417923547497982,7272.294285714286,0.0291435871176385,false,false
2020-01-07,atm3500016,Izmir,38905,1155,530,625,8050.0,0.0697020514360584,0.1274857208485416,7402.325714285714,0.0362012045859287,false,false
2020-01-01,atm35000160,Izmir,40515,1151,497,654,7225.58,0.0120171769998516,0.0088703653283626,7270.584285714285,0.0203415646379413,false,true
2020-01-02,atm35000160,Izmir,40260,1366,690,676,6953.17,-0.0377007797297932,-0.0544986027916969,7213.330000000001,0.0215160153679279,false,false
2020-01-03,atm35000160,Izmir,38180,1221,594,627,7339.97,0.0556293028935004,0.0176692505958382,7231.535714285715,0.0312668978846912,false,false
2020-01-04,atm35000160,Izmir,42825,1254,607,647,7291.27,-0.0066349045023345,-0.0034728866097738,7227.905714285715,0.0309862267394496,true,false
2020-01-05,atm35000160,Izmir,43510,1164,505,659,7430.83,0.0191406983968498,0.001189706278631,7229.167142857143,0.0314050890979766,true,false
2020-01-06,atm35000160,Izmir,37635,1151,559,592,7525.46,0.0127347819826317,0.0417923547497982,7272.294285714286,0.0291435871176385,false,false
2020-01-07,atm35000160,Izmir,38305,1097,501,596,8050.0,0.0697020514360584,0.1274857208485416,7402.325714285714,0.0362012045859287,false,false
2020-01-01,atm35000161,Izmir,44855,1339,626,713,7225.58,0.0120171769998516,0.0088703653283626,7270.584285714285,0.0203415646379413,false,true
2020-01-02,atm35000161,Izmir,40685,1252,570,682,6953.17,-0.0377007797297932,-0.0544986027916969,7213.330000000001,0.0215160153679279,false,false
2020-01-03,atm35000161,Izmir,41250,1131,530,601,7339.97,0.0556293028935004,0.0176692505958382,7231.535714285715,0.0312668978846912,false,false
2020-01-04,atm35000161,Izmir,43915,1293,610,683,7291.27,-0.0066349045023345,-0.0034728866097738,7227.905714285715,0.0309862267394496,true,false
2020-01-05,atm35000161,Izmir,41100,1232,590,642,7430.83,0.0191406983968498,0.001189706278631,7229.167142857143,0.0314050890979766,true,false
2020-01-06,atm35000161,Izmir,42295,1097,482,615,7525.46,0.0127347819826317,0.0417923547497982,7272.294285714286,0.0291435871176385,false,false
2020-01-07,atm35000161,Izmir,44535,1243,560,683,8050.0,0.0697020514360584,0.1274857208485416,7402.325714285714,0.0362012045859287,false,false
2020-01-01,atm35000162,Izmir,40745,1217,574,643,7225.58,0.0120171769998516,0.0088703653283626,7270.584285714285,0.0203415646379413,false,true
2020-01-02,atm35000162,Izmir,43065,1226,567,659,6953.17,-0.0377007797297932,-0.0544986027916969,7213.330000000001,0.0215160153679279,false,false
2020-01-03,atm35000162,Izmir,41340,1299,598,701,7339.97,0.0556293028935004,0.0176692505958382,7231.535714285715,0.0312668978846912,false,false
2020-01-04,atm35000162,Izmir,41020,1276,633,643,7291.27,-0.0066349045023345,-0.0034728866097738,7227.905714285715,0.0309862267394496,true,false
2020-01-05,atm35000162,Izmir,35855,1158,554,604,7430.83,0.0191406983968498,0.001189706278631,7229.167142857143,0.0314050890979766,true,false
2020-01-06,atm35000162,Izmir,38065,1194,582,612,7525.46,0.0127347819826317,0.0417923547497982,7272.294285714286,0.0291435871176385,false,false
2020-01-07,atm35000162,Izmir,41335,1248,557,691,8050.0,0.0697020514360584,0.1274857208485416,7402.325714285714,0.0362012045859287,false,false
2020-01-01,atm35000163,Izmir,44250,1156,467,689,7225.58,0.0120171769998516,0.0088703653283626,7270.584285714285,0.0203415646379413,false,true
2020-01-02,atm35000163,Izmir,35070,1221,628,593,6953.17,-0.0377007797297932,-0.0544986027916969,7213.330000000001,0.0215160153679279,false,false
2020-01-03,atm35000163,Izmir,42135,1215,562,653,7339.97,0.0556293028935004,0.0176692505958382,7231.535714285715,0.0312668978846912,false,false
2020-01-04,atm35000163,Izmir,46370,1288,597,691,7291.27,-0.0066349045023345,-0.0034728866097738,7227.905714285715,0.0309862267394496,true,false
2020-01-05,atm35000163,Izmir,44650,1244,604,640,7430.83,0.0191406983968498,0.001189706278631,7229.167142857143,0.0314050890979766,true,false
2020-01-06,atm35000163,Izmir,36930,1214,585,629,7525.46,0.0127347819826317,0.0417923547497982,7272.294285714286,0.0291435871176385,false,false
2020-01-07,atm35000163,Izmir,46825,1308,636,672,8050.0,0.0697020514360584,0.1274857208485416,7402.325714285714,0.0362012045859287,false,false
2020-01-01,atm35000164,Izmir,46000,1176,468,708,7225.58,0.0120171769998516,0.0088703653283626,7270.584285714285,0.0203415646379413,false,true
2020-01-02,atm35000164,Izmir,41420,1261,585,676,6953.17,-0.0377007797297932,-0.0544986027916969,7213.330000000001,0.0215160153679279,false,false
2020-01-03,atm35000164,Izmir,37940,1226,609,617,7339.97,0.0556293028935004,0.0176692505958382,7231.535714285715,0.0312668978846912,false,false
2020-01-04,atm35000164,Izmir,38575,1192,581,611,7291.27,-0.0066349045023345,-0.0034728866097738,7227.905714285715,0.0309862267394496,true,false
2020-01-05,atm35000164,Izmir,42215,1257,617,640,7430.83,0.0191406983968498,0.001189706278631,7229.167142857143,0.0314050890979766,true,false
2020-01-06,atm35000164,Izmir,36070,1161,577,584,7525.46,0.0127347819826317,0.0417923547497982,7272.294285714286,0.0291435871176385,false,false
2020-01-07,atm35000164,Izmir,39845,1205,580,625,8050.0,0.0697020514360584,0.1274857208485416,7402.325714285714,0.0362012045859287,false,false
2020-01-01,atm35000165,Izmir,43650,1258,550,708,7225.58,0.0120171769998516,0.0088703653283626,7270.584285714285,0.0203415646379413,false,true
2020-01-02,atm35000165,Izmir,38990,1078,471,607,6953.17,-0.0377007797297932,-0.0544986027916969,7213.330000000001,0.0215160153679279,false,false
2020-01-03,atm35000165,Izmir,38690,1129,549,580,7339.97,0.0556293028935004,0.0176692505958382,7231.535714285715,0.0312668978846912,false,false
2020-01-04,atm35000165,Izmir,37000,1193,596,597,7291.27,-0.0066349045023345,-0.0034728866097738,7227.905714285715,0.0309862267394496,true,false
2020-01-05,atm35000165,Izmir,43870,1244,565,679,7430.83,0.0191406983968498,0.001189706278631,7229.167142857143,0.0314050890979766,true,false
2020-01-06,atm35000165,Izmir,37930,1160,545,615,7525.46,0.0127347819826317,0.0417923547497982,7272.294285714286,0.0291435871176385,false,false
2020-01-07,atm35000165,Izmir,36570,1124,494,630,8050.0,0.0697020514360584,0.1274857208485416,7402.325714285714,0.0362012045859287,false,false
2020-01-01,atm35000166,Izmir,43860,1236,598,638,7225.58,0.0120171769998516,0.0088703653283626,7270.584285714285,0.0203415646379413,false,true
2020-01-02,atm35000166,Izmir,43585,1335,606,729,6953.17,-0.0377007797297932,-0.0544986027916969,7213.330000000001,0.0215160153679279,false,false
2020-01-03,atm35000166,Izmir,39570,1084,498,586,7339.97,0.0556293028935004,0.0176692505958382,7231.535714285715,0.0312668978846912,false,false
2020-01-04,atm35000166,Izmir,43340,1330,671,659,7291.27,-0.0066349045023345,-0.0034728866097738,7227.905714285715,0.0309862267394496,true,false
2020-01-05,atm35000166,Izmir,39225,1166,555,611,7430.83,0.0191406983968498,0.001189706278631,7229.167142857143,0.0314050890979766,true,false
2020-01-06,atm35000166,Izmir,42995,1161,547,614,7525.46,0.0127347819826317,0.0417923547497982,7272.294285714286,0.0291435871176385,false,false
2020-01-07,atm35000166,Izmir,39740,1166,548,618,8050.0,0.0697020514360584,0.1274857208485416,7402.325714285714,0.0362012045859287,false,false
2020-01-01,atm35000167,Izmir,66415,2023,978,1045,7225.58,0.0120171769998516,0.0088703653283626,7270.584285714285,0.0203415646379413,false,true
2020-01-02,atm35000167,Izmir,70175,1998,896,1102,6953.17,-0.0377007797297932,-0.0544986027916969,7213.330000000001,0.0215160153679279,false,false
2020-01-03,atm35000167,Izmir,69635,2040,951,1089,7339.97,0.0556293028935004,0.0176692505958382,7231.535714285715,0.0312668978846912,false,false
2020-01-04,atm35000167,Izmir,69765,2130,1043,1087,7291.27,-0.0066349045023345,-0.0034728866097738,7227.905714285715,0.0309862267394496,true,false
2020-01-05,atm35000167,Izmir,68950,2049,962,1087,7430.83,0.0191406983968498,0.001189706278631,7229.167142857143,0.0314050890979766,true,false
2020-01-06,atm35000167,Izmir,71590,2068,1000,1068,7525.46,0.0127347819826317,0.0417923547497982,7272.294285714286,0.0291435871176385,false,false
2020-01-07,atm35000167,Izmir,72990,2078,995,1083,8050.0,0.0697020514360584,0.1274857208485416,7402.325714285714,0.0362012045859287,false,false
2020-01-01,atm35000168,Izmir,65550,2029,955,1074,7225.58,0.0120171769998516,0.0088703653283626,7270.584285714285,0.0203415646379413,false,true
2020-01-02,atm35000168,Izmir,68435,2065,994,1071,6953.17,-0.0377007797297932,-0.0544986027916969,7213.330000000001,0.0215160153679279,false,false
2020-01-03,atm35000168,Izmir,67185,1992,912,1080,7339.97,0.0556293028935004,0.0176692505958382,7231.535714285715,0.0312668978846912,false,false
2020-01-04,atm35000168,Izmir,67820,1994,914,1080,7291.27,-0.0066349045023345,-0.0034728866097738,7227.905714285715,0.0309862267394496,true,false
2020-01-05,atm35000168,Izmir,70895,2072,993,1079,7430.83,0.0191406983968498,0.001189706278631,7229.167142857143,0.0314050890979766,true,false
2020-01-06,atm35000168,Izmir,69255,2054,956,1098,7525.46,0.0127347819826317,0.0417923547497982,7272.294285714286,0.0291435871176385,false,false
2020-01-07,atm35000168,Izmir,73265,2028,929,1099,8050.0,0.0697020514360584,0.1274857208485416,7402.325714285714,0.0362012045859287,false,false
2020-01-01,atm35000169,Izmir,40470,1321,685,636,7225.58,0.0120171769998516,0.0088703653283626,7270.584285714285,0.0203415646379413,false,true
2020-01-02,atm35000169,Izmir,39035,1155,570,585,6953.17,-0.0377007797297932,-0.0544986027916969,7213.330000000001,0.0215160153679279,false,false
2020-01-03,atm35000169,Izmir,41715,1173,514,659,7339.97,0.0556293028935004,0.0176692505958382,7231.535714285715,0.0312668978846912,false,false
2020-01-04,atm35000169,Izmir,39485,1051,464,587,7291.27,-0.0066349045023345,-0.0034728866097738,7227.905714285715,0.0309862267394496,true,false
2020-01-05,atm35000169,Izmir,41025,1167,494,673,7430.83,0.0191406983968498,0.001189706278631,7229.167142857143,0.0314050890979766,true,false
2020-01-06,atm35000169,Izmir,45505,1238,538,700,7525.46,0.0127347819826317,0.0417923547497982,7272.294285714286,0.0291435871176385,false,false
2020-01-07,atm35000169,Izmir,48290,1296,583,713,8050.0,0.0697020514360584,0.1274857208485416,7402.325714285714,0.0362012045859287,false,false
2020-01-01,atm3500017,Izmir,46645,1211,530,681,7225.58,0.0120171769998516,0.0088703653283626,7270.584285714285,0.0203415646379413,false,true
2020-01-02,atm3500017,Izmir,38285,1100,468,632,6953.17,-0.0377007797297932,-0.0544986027916969,7213.330000000001,0.0215160153679279,false,false
2020-01-03,atm3500017,Izmir,40425,1062,424,638,7339.97,0.0556293028935004,0.0176692505958382,7231.535714285715,0.0312668978846912,false,false
2020-01-04,atm3500017,Izmir,43650,1181,524,657,7291.27,-0.0066349045023345,-0.0034728866097738,7227.905714285715,0.0309862267394496,true,false
2020-01-05,atm3500017,Izmir,37340,1269,625,644,7430.83,0.0191406983968498,0.001189706278631,7229.167142857143,0.0314050890979766,true,false
2020-01-06,atm3500017,Izmir,46130,1343,665,678,7525.46,0.0127347819826317,0.0417923547497982,7272.294285714286,0.0291435871176385,false,false
2020-01-07,atm3500017,Izmir,45200,1224,530,694,8050.0,0.0697020514360584,0.1274857208485416,7402.325714285714,0.0362012045859287,false,false
2020-01-01,atm35000170,Izmir,43700,1195,517,678,7225.58,0.0120171769998516,0.0088703653283626,7270.584285714285,0.0203415646379413,false,true
2020-01-02,atm35000170,Izmir,40970,1164,543,621,6953.17,-0.0377007797297932,-0.0544986027916969,7213.330000000001,0.0215160153679279,false,false
2020-01-03,atm35000170,Izmir,41340,1185,537,648,7339.97,0.0556293028935004,0.0176692505958382,7231.535714285715,0.0312668978846912,false,false
2020-01-04,atm35000170,Izmir,39085,1102,496,606,7291.27,-0.0066349045023345,-0.0034728866097738,7227.905714285715,0.0309862267394496,true,false
2020-01-05,atm35000170,Izmir,42435,1137,470,667,7430.83,0.0191406983968498,0.001189706278631,7229.167142857143,0.0314050890979766,true,false
2020-01-06,atm35000170,Izmir,40345,1268,641,627,7525.46,0.0127347819826317,0.0417923547497982,7272.294285714286,0.0291435871176385,false,false
2020-01-07,atm35000170,Izmir,45020,1225,503,722,8050.0,0.0697020514360584,0.1274857208485416,7402.325714285714,0.0362012045859287,false,false
2020-01-01,atm35000171,Izmir,36700,1164,559,605,7225.58,0.0120171769998516,0.0088703653283626,7270.584285714285,0.0203415646379413,false,true
2020-01-02,atm35000171,Izmir,37485,1183,607,576,6953.17,-0.0377007797297932,-0.0544986027916969,7213.330000000001,0.0215160153679279,false,false
2020-01-03,atm35000171,Izmir,44780,1236,559,677,7339.97,0.0556293028935004,0.0176692505958382,7231.535714285715,0.0312668978846912,false,false
2020-01-04,atm35000171,Izmir,40245,1197,518,679,7291.27,-0.0066349045023345,-0.0034728866097738,7227.905714285715,0.0309862267394496,true,false
2020-01-05,atm35000171,Izmir,37925,1219,658,561,7430.83,0.0191406983968498,0.001189706278631,7229.167142857143,0.0314050890979766,true,false
2020-01-06,atm35000171,Izmir,39880,1216,590,626,7525.46,0.0127347819826317,0.0417923547497982,7272.294285714286,0.0291435871176385,false,false
2020-01-07,atm35000171,Izmir,36425,1211,595,616,8050.0,0.0697020514360584,0.1274857208485416,7402.325714285714,0.0362012045859287,false,false
2020-01-01,atm35000172,Izmir,34785,1226,615,611,7225.58,0.0120171769998516,0.0088703653283626,7270.584285714285,0.0203415646379413,false,true
2020-01-02,atm35000172,Izmir,35690,1067,484,583,6953.17,-0.0377007797297932,-0.0544986027916969,7213.330000000001,0.0215160153679279,false,false
2020-01-03,atm35000172,Izmir,42005,1233,570,663,7339.97,0.0556293028935004,0.0176692505958382,7231.535714285715,0.0312668978846912,false,false
2020-01-04,atm35000172,Izmir,38905,1184,535,649,7291.27,-0.0066349045023345,-0.0034728866097738,7227.905714285715,0.0309862267394496,true,false
2020-01-05,atm35000172,Izmir,35775,1229,627,602,7430.83,0.0191406983968498,0.001189706278631,7229.167142857143,0.0314050890979766,true,false
2020-01-06,atm35000172,Izmir,41495,1131,508,623,7525.46,0.0127347819826317,0.0417923547497982,7272.294285714286,0.0291435871176385,false,false
2020-01-07,atm35000172,Izmir,39500,1197,549,648,8050.0,0.0697020514360584,0.1274857208485416,7402.325714285714,0.0362012045859287,false,false
2020-01-01,atm35000173,Izmir,42260,1208,539,669,7225.58,0.0120171769998516,0.0088703653283626,7270.584285714285,0.0203415646379413,false,true
2020-01-02,atm35000173,Izmir,39280,1216,593,623,6953.17,-0.0377007797297932,-0.0544986027916969,7213.330000000001,0.0215160153679279,false,false
2020-01-03,atm35000173,Izmir,46435,1289,577,712,7339.97,0.0556293028935004,0.0176692505958382,7231.535714285715,0.0312668978846912,false,false
2020-01-04,atm35000173,Izmir,39595,1227,615,612,7291.27,-0.0066349045023345,-0.0034728866097738,7227.905714285715,0.0309862267394496,true,false
2020-01-05,atm35000173,Izmir,35680,1238,666,572,7430.83,0.0191406983968498,0.001189706278631,7229.167142857143,0.0314050890979766,true,false
2020-01-06,atm35000173,Izmir,40335,1252,605,647,7525.46,0.0127347819826317,0.0417923547497982,7272.294285714286,0.0291435871176385,false,false
2020-01-07,atm35000173,Izmir,39210,1273,671,602,8050.0,0.0697020514360584,0.1274857208485416,7402.325714285714,0.0362012045859287,false,false
2020-01-01,atm35000174,Izmir,45020,1126,452,674,7225.58,0.0120171769998516,0.0088703653283626,7270.584285714285,0.0203415646379413,false,true
2020-01-02,atm35000174,Izmir,37765,1174,557,617,6953.17,-0.0377007797297932,-0.0544986027916969,7213.330000000001,0.0215160153679279,false,false
2020-01-03,atm35000174,Izmir,52735,1364,606,758,7339.97,0.0556293028935004,0.0176692505958382,7231.535714285715,0.0312668978846912,false,false
2020-01-04,atm35000174,Izmir,43380,1220,519,701,7291.27,-0.0066349045023345,-0.0034728866097738,7227.905714285715,0.0309862267394496,true,false
2020-01-05,atm35000174,Izmir,39735,1188,542,646,7430.83,0.0191406983968498,0.001189706278631,7229.167142857143,0.0314050890979766,true,false
2020-01-06,atm35000174,Izmir,35245,1071,487,584,7525.46,0.0127347819826317,0.0417923547497982,7272.294285714286,0.0291435871176385,false,false
2020-01-07,atm35000174,Izmir,41585,1107,491,616,8050.0,0.0697020514360584,0.1274857208485416,7402.325714285714,0.0362012045859287,false,false
2020-01-01,atm35000175,Izmir,44595,1108,439,669,7225.58,0.0120171769998516,0.0088703653283626,7270.584285714285,0.0203415646379413,false,true
2020-01-02,atm35000175,Izmir,49505,1295,548,747,6953.17,-0.0377007797297932,-0.0544986027916969,7213.330000000001,0.0215160153679279,false,false
2020-01-03,atm35000175,Izmir,46840,1186,511,675,7339.97,0.0556293028935004,0.0176692505958382,7231.535714285715,0.0312668978846912,false,false
2020-01-04,atm35000175,Izmir,39270,1196,565,631,7291.27,-0.0066349045023345,-0.0034728866097738,7227.905714285715,0.0309862267394496,true,false
2020-01-05,atm35000175,Izmir,39760,1125,528,597,7430.83,0.0191406983968498,0.001189706278631,7229.167142857143,0.0314050890979766,true,false
2020-01-06,atm35000175,Izmir,44150,1252,611,641,7525.46,0.0127347819826317,0.0417923547497982,7272.294285714286,0.0291435871176385,false,false
2020-01-07,atm35000175,Izmir,34780,1115,540,575,8050.0,0.0697020514360584,0.1274857208485416,7402.325714285714,0.0362012045859287,false,false
2020-01-01,atm35000176,Izmir,39570,1213,563,650,7225.58,0.0120171769998516,0.0088703653283626,7270.584285714285,0.0203415646379413,false,true
2020-01-02,atm35000176,Izmir,39060,1261,649,612,6953.17,-0.0377007797297932,-0.0544986027916969,7213.330000000001,0.0215160153679279,false,false
2020-01-03,atm35000176,Izmir,43590,1102,440,662,7339.97,0.0556293028935004,0.0176692505958382,7231.535714285715,0.0312668978846912,false,false
2020-01-04,atm35000176,Izmir,38815,1081,463,618,7291.27,-0.0066349045023345,-0.0034728866097738,7227.905714285715,0.0309862267394496,true,false
2020-01-05,atm35000176,Izmir,46230,1144,475,669,7430.83,0.0191406983968498,0.001189706278631,7229.167142857143,0.0314050890979766,true,false
2020-01-06,atm35000176,Izmir,40670,1195,573,622,7525.46,0.0127347819826317,0.0417923547497982,7272.294285714286,0.0291435871176385,false,false
2020-01-07,atm35000176,Izmir,38810,1204,556,648,8050.0,0.0697020514360584,0.1274857208485416,7402.325714285714,0.0362012045859287,false,false
2020-01-01,atm35000177,Izmir,38410,1224,611,613,7225.58,0.0120171769998516,0.0088703653283626,7270.584285714285,0.0203415646379413,false,true
2020-01-02,atm35000177,Izmir,38410,1321,720,601,6953.17,-0.0377007797297932,-0.0544986027916969,7213.330000000001,0.0215160153679279,false,false
2020-01-03,atm35000177,Izmir,38335,1158,578,580,7339.97,0.0556293028935004,0.0176692505958382,7231.535714285715,0.0312668978846912,false,false
2020-01-04,atm35000177,Izmir,40525,1113,489,624,7291.27,-0.0066349045023345,-0.0034728866097738,7227.905714285715,0.0309862267394496,true,false
2020-01-05,atm35000177,Izmir,40755,1122,497,625,7430.83,0.0191406983968498,0.001189706278631,7229.167142857143,0.0314050890979766,true,false
2020-01-06,atm35000177,Izmir,42290,1266,581,685,7525.46,0.0127347819826317,0.0417923547497982,7272.294285714286,0.0291435871176385,false,false
2020-01-07,atm35000177,Izmir,39895,1175,573,602,8050.0,0.0697020514360584,0.1274857208485416,7402.325714285714,0.0362012045859287,false,false
2020-01-01,atm35000178,Izmir,42900,1325,672,653,7225.58,0.0120171769998516,0.0088703653283626,7270.584285714285,0.0203415646379413,false,true
2020-01-02,atm35000178,Izmir,40870,1165,520,645,6953.17,-0.0377007797297932,-0.0544986027916969,7213.330000000001,0.0215160153679279,false,false
2020-01-03,atm35000178,Izmir,38040,1196,594,602,7339.97,0.0556293028935004,0.0176692505958382,7231.535714285715,0.0312668978846912,false,false
2020-01-04,atm35000178,Izmir,40335,1282,660,622,7291.27,-0.0066349045023345,-0.0034728866097738,7227.905714285715,0.0309862267394496,true,false
2020-01-05,atm35000178,Izmir,44080,1228,552,676,7430.83,0.0191406983968498,0.001189706278631,7229.167142857143,0.0314050890979766,true,false
2020-01-06,atm35000178,Izmir,41145,1303,638,665,7525.46,0.0127347819826317,0.0417923547497982,7272.294285714286,0.0291435871176385,false,false
2020-01-07,atm35000178,Izmir,39475,1192,567,625,8050.0,0.0697020514360584,0.1274857208485416,7402.325714285714,0.0362012045859287,false,false
2020-01-01,atm35000179,Izmir,37785,1228,605,623,7225.58,0.0120171769998516,0.0088703653283626,7270.584285714285,0.0203415646379413,false,true
2020-01-02,atm35000179,Izmir,44425,1259,620,639,6953.17,-0.0377007797297932,-0.0544986027916969,7213.330000000001,0.0215160153679279,false,false
2020-01-03,atm35000179,Izmir,46490,1288,590,698,7339.97,0.0556293028935004,0.0176692505958382,7231.535714285715,0.0312668978846912,false,false
2020-01-04,atm35000179,Izmir,44095,1316,620,696,7291.27,-0.0066349045023345,-0.0034728866097738,7227.905714285715,0.0309862267394496,true,false
2020-01-05,atm35000179,Izmir,42190,1154,501,653,7430.83,0.0191406983968498,0.001189706278631,7229.167142857143,0.0314050890979766,true,false
2020-01-06,atm35000179,Izmir,40020,1119,485,634,7525.46,0.0127347819826317,0.0417923547497982,7272.294285714286,0.0291435871176385,false,false
2020-01-07,atm35000179,Izmir,45830,1312,619,693,8050.0,0.0697020514360584,0.1274857208485416,7402.325714285714,0.0362012045859287,false,false
2020-01-01,atm3500018,Izmir,39255,1179,557,622,7225.58,0.0120171769998516,0.0088703653283626,7270.584285714285,0.0203415646379413,false,true
2020-01-02,atm3500018,Izmir,41560,1181,512,669,6953.17,-0.0377007797297932,-0.0544986027916969,7213.330000000001,0.0215160153679279,false,false
2020-01-03,atm3500018,Izmir,41770,1236,577,659,7339.97,0.0556293028935004,0.0176692505958382,7231.535714285715,0.0312668978846912,false,false
2020-01-04,atm3500018,Izmir,38720,1145,560,585,7291.27,-0.0066349045023345,-0.0034728866097738,7227.905714285715,0.0309862267394496,true,false
2020-01-05,atm3500018,Izmir,45675,1328,624,704,7430.83,0.0191406983968498,0.001189706278631,7229.167142857143,0.0314050890979766,true,false
2020-01-06,atm3500018,Izmir,42630,1235,567,668,7525.46,0.0127347819826317,0.0417923547497982,7272.294285714286,0.0291435871176385,false,false
2020-01-07,atm3500018,Izmir,44960,1186,540,646,8050.0,0.0697020514360584,0.1274857208485416,7402.325714285714,0.0362012045859287,false,false
2020-01-01,atm35000180,Izmir,46750,1327,605,722,7225.58,0.0120171769998516,0.0088703653283626,7270.584285714285,0.0203415646379413,false,true
2020-01-02,atm35000180,Izmir,40675,1247,597,650,6953.17,-0.0377007797297932,-0.0544986027916969,7213.330000000001,0.0215160153679279,false,false
2020-01-03,atm35000180,Izmir,37955,1224,625,599,7339.97,0.0556293028935004,0.0176692505958382,7231.535714285715,0.0312668978846912,false,false
2020-01-04,atm35000180,Izmir,38605,1033,434,599,7291.27,-0.0066349045023345,-0.0034728866097738,7227.905714285715,0.0309862267394496,true,false
2020-01-05,atm35000180,Izmir,42745,1273,644,629,7430.83,0.0191406983968498,0.001189706278631,7229.167142857143,0.0314050890979766,true,false
2020-01-06,atm35000180,Izmir,42705,1303,601,702,7525.46,0.0127347819826317,0.0417923547497982,7272.294285714286,0.0291435871176385,false,false
2020-01-07,atm35000180,Izmir,42240,1186,533,653,8050.0,0.0697020514360584,0.1274857208485416,7402.325714285714,0.0362012045859287,false,false
2020-01-01,atm35000181,Izmir,39720,1171,521,650,7225.58,0.0120171769998516,0.0088703653283626,7270.584285714285,0.0203415646379413,false,true
2020-01-02,atm35000181,Izmir,48240,1222,501,721,6953.17,-0.0377007797297932,-0.0544986027916969,7213.330000000001,0.0215160153679279,false,false
2020-01-03,atm35000181,Izmir,40525,1305,634,671,7339.97,0.0556293028935004,0.0176692505958382,7231.535714285715,0.0312668978846912,false,false
2020-01-04,atm35000181,Izmir,32360,1166,623,543,7291.27,-0.0066349045023345,-0.0034728866097738,7227.905714285715,0.0309862267394496,true,false
2020-01-05,atm35000181,Izmir,44695,1084,397,687,7430.83,0.0191406983968498,0.001189706278631,7229.167142857143,0.0314050890979766,true,false
2020-01-06,atm35000181,Izmir,34945,1059,533,526,7525.46,0.0127347819826317,0.0417923547497982,7272.294285714286,0.0291435871176385,false,false
2020-01-07,atm35000181,Izmir,40975,1081,453,628,8050.0,0.0697020514360584,0.1274857208485416,7402.325714285714,0.0362012045859287,false,false
2020-01-01,atm35000182,Izmir,42935,1283,609,674,7225.58,0.0120171769998516,0.0088703653283626,7270.584285714285,0.0203415646379413,false,true
2020-01-02,atm35000182,Izmir,39275,1191,603,588,6953.17,-0.0377007797297932,-0.0544986027916969,7213.330000000001,0.0215160153679279,false,false
2020-01-03,atm35000182,Izmir,35055,1117,541,576,7339.97,0.0556293028935004,0.0176692505958382,7231.535714285715,0.0312668978846912,false,false
2020-01-04,atm35000182,Izmir,43240,1200,508,692,7291.27,-0.0066349045023345,-0.0034728866097738,7227.905714285715,0.0309862267394496,true,false
2020-01-05,atm35000182,Izmir,36555,1222,609,613,7430.83,0.0191406983968498,0.001189706278631,7229.167142857143,0.0314050890979766,true,false
2020-01-06,atm35000182,Izmir,39335,1168,584,584,7525.46,0.0127347819826317,0.0417923547497982,7272.294285714286,0.0291435871176385,false,false
2020-01-07,atm35000182,Izmir,43720,1225,523,702,8050.0,0.0697020514360584,0.1274857208485416,7402.325714285714,0.0362012045859287,false,false
2020-01-01,atm35000183,Izmir,40310,1276,664,612,7225.58,0.0120171769998516,0.0088703653283626,7270.584285714285,0.0203415646379413,false,true
2020-01-02,atm35000183,Izmir,35570,1238,611,627,6953.17,-0.0377007797297932,-0.0544986027916969,7213.330000000001,0.0215160153679279,false,false
2020-01-03,atm35000183,Izmir,43355,1365,641,724,7339.97,0.0556293028935004,0.0176692505958382,7231.535714285715,0.0312668978846912,false,false
2020-01-04,atm35000183,Izmir,40255,1130,553,577,7291.27,-0.0066349045023345,-0.0034728866097738,7227.905714285715,0.0309862267394496,true,false
2020-01-05,atm35000183,Izmir,35235,1154,501,653,7430.83,0.0191406983968498,0.001189706278631,7229.167142857143,0.0314050890979766,true,false
2020-01-06,atm35000183,Izmir,43090,1303,631,672,7525.46,0.0127347819826317,0.0417923547497982,7272.294285714286,0.0291435871176385,false,false
2020-01-07,atm35000183,Izmir,40530,1139,550,589,8050.0,0.0697020514360584,0.1274857208485416,7402.325714285714,0.0362012045859287,false,false
2020-01-01,atm35000184,Izmir,41440,1219,545,674,7225.58,0.0120171769998516,0.0088703653283626,7270.584285714285,0.0203415646379413,false,true
2020-01-02,atm35000184,Izmir,39540,1131,518,613,6953.17,-0.0377007797297932,-0.0544986027916969,7213.330000000001,0.0215160153679279,false,false
2020-01-03,atm35000184,Izmir,44995,1326,590,736,7339.97,0.0556293028935004,0.0176692505958382,7231.535714285715,0.0312668978846912,false,false
2020-01-04,atm35000184,Izmir,40995,1193,561,632,7291.27,-0.0066349045023345,-0.0034728866097738,7227.905714285715,0.0309862267394496,true,false
2020-01-05,atm35000184,Izmir,38640,1200,593,607,7430.83,0.0191406983968498,0.001189706278631,7229.167142857143,0.0314050890979766,true,false
2020-01-06,atm35000184,Izmir,42305,1336,662,674,7525.46,0.0127347819826317,0.0417923547497982,7272.294285714286,0.0291435871176385,false,false
2020-01-07,atm35000184,Izmir,38605,1154,578,576,8050.0,0.0697020514360584,0.1274857208485416,7402.325714285714,0.0362012045859287,false,false
2020-01-01,atm35000185,Izmir,35385,1106,548,558,7225.58,0.0120171769998516,0.0088703653283626,7270.584285714285,0.0203415646379413,false,true
2020-01-02,atm35000185,Izmir,42080,1146,528,618,6953.17,-0.0377007797297932,-0.0544986027916969,7213.330000000001,0.0215160153679279,false,false
2020-01-03,atm35000185,Izmir,39160,1258,679,579,7339.97,0.0556293028935004,0.0176692505958382,7231.535714285715,0.0312668978846912,false,false
2020-01-04,atm35000185,Izmir,41500,1170,570,600,7291.27,-0.0066349045023345,-0.0034728866097738,7227.905714285715,0.0309862267394496,true,false
2020-01-05,atm35000185,Izmir,41635,1099,437,662,7430.83,0.0191406983968498,0.001189706278631,7229.167142857143,0.0314050890979766,true,false
2020-01-06,atm35000185,Izmir,38065,1096,526,570,7525.46,0.0127347819826317,0.0417923547497982,7272.294285714286,0.0291435871176385,false,false
2020-01-07,atm35000185,Izmir,37865,1232,609,623,8050.0,0.0697020514360584,0.1274857208485416,7402.325714285714,0.0362012045859287,false,false
2020-01-01,atm35000186,Izmir,43975,1353,698,655,7225.58,0.0120171769998516,0.0088703653283626,7270.584285714285,0.0203415646379413,false,true
2020-01-02,atm35000186,Izmir,35325,1032,455,577,6953.17,-0.0377007797297932,-0.0544986027916969,7213.330000000001,0.0215160153679279,false,false
2020-01-03,atm35000186,Izmir,44220,1236,562,674,7339.97,0.0556293028935004,0.0176692505958382,7231.535714285715,0.0312668978846912,false,false
2020-01-04,atm35000186,Izmir,35990,1092,502,590,7291.27,-0.0066349045023345,-0.0034728866097738,7227.905714285715,0.0309862267394496,true,false
2020-01-05,atm35000186,Izmir,36695,1138,532,606,7430.83,0.0191406983968498,0.001189706278631,7229.167142857143,0.0314050890979766,true,false
2020-01-06,atm35000186,Izmir,34310,1132,539,593,7525.46,0.0127347819826317,0.0417923547497982,7272.294285714286,0.0291435871176385,false,false
2020-01-07,atm35000186,Izmir,42170,1171,549,622,8050.0,0.0697020514360584,0.1274857208485416,7402.325714285714,0.0362012045859287,false,false
2020-01-01,atm35000187,Izmir,39400,1186,507,679,7225.58,0.0120171769998516,0.0088703653283626,7270.584285714285,0.0203415646379413,false,true
2020-01-02,atm35000187,Izmir,45470,1293,573,720,6953.17,-0.0377007797297932,-0.0544986027916969,7213.330000000001,0.0215160153679279,false,false
2020-01-03,atm35000187,Izmir,45265,1270,552,718,7339.97,0.0556293028935004,0.0176692505958382,7231.535714285715,0.0312668978846912,false,false
2020-01-04,atm35000187,Izmir,45240,1292,586,706,7291.27,-0.0066349045023345,-0.0034728866097738,7227.905714285715,0.0309862267394496,true,false
2020-01-05,atm35000187,Izmir,41230,1243,583,660,7430.83,0.0191406983968498,0.001189706278631,7229.167142857143,0.0314050890979766,true,false
2020-01-06,atm35000187,Izmir,42995,1172,526,646,7525.46,0.0127347819826317,0.0417923547497982,7272.294285714286,0.0291435871176385,false,false
2020-01-07,atm35000187,Izmir,41595,1238,570,668,8050.0,0.0697020514360584,0.1274857208485416,7402.325714285714,0.0362012045859287,false,false
2020-01-01,atm35000188,Izmir,38930,1271,622,649,7225.58,0.0120171769998516,0.0088703653283626,7270.584285714285,0.0203415646379413,false,true
2020-01-02,atm35000188,Izmir,43065,1278,604,674,6953.17,-0.0377007797297932,-0.0544986027916969,7213.330000000001,0.0215160153679279,false,false
2020-01-03,atm35000188,Izmir,44090,1311,660,651,7339.97,0.0556293028935004,0.0176692505958382,7231.535714285715,0.0312668978846912,false,false
2020-01-04,atm35000188,Izmir,40095,1172,524,648,7291.27,-0.0066349045023345,-0.0034728866097738,7227.905714285715,0.0309862267394496,true,false
2020-01-05,atm35000188,Izmir,36925,1204,588,616,7430.83,0.0191406983968498,0.001189706278631,7229.167142857143,0.0314050890979766,true,false
2020-01-06,atm35000188,Izmir,41790,1314,645,669,7525.46,0.0127347819826317,0.0417923547497982,7272.294285714286,0.0291435871176385,false,false
2020-01-07,atm35000188,Izmir,39450,1075,459,616,8050.0,0.0697020514360584,0.1274857208485416,7402.325714285714,0.0362012045859287,false,false
2020-01-01,atm35000189,Izmir,43940,1340,660,680,7225.58,0.0120171769998516,0.0088703653283626,7270.584285714285,0.0203415646379413,false,true
2020-01-02,atm35000189,Izmir,43505,1177,549,628,6953.17,-0.0377007797297932,-0.0544986027916969,7213.330000000001,0.0215160153679279,false,false
2020-01-03,atm35000189,Izmir,44555,1210,534,676,7339.97,0.0556293028935004,0.0176692505958382,7231.535714285715,0.0312668978846912,false,false
2020-01-04,atm35000189,Izmir,35310,1215,613,602,7291.27,-0.0066349045023345,-0.0034728866097738,7227.905714285715,0.0309862267394496,true,false
2020-01-05,atm35000189,Izmir,34360,1149,581,568,7430.83,0.0191406983968498,0.001189706278631,7229.167142857143,0.0314050890979766,true,false
2020-01-06,atm35000189,Izmir,36225,1113,530,583,7525.46,0.0127347819826317,0.0417923547497982,7272.294285714286,0.0291435871176385,false,false
2020-01-07,atm35000189,Izmir,40450,1085,423,662,8050.0,0.0697020514360584,0.1274857208485416,7402.325714285714,0.0362012045859287,false,false
2020-01-01,atm3500019,Izmir,46485,1160,498,662,7225.58,0.0120171769998516,0.0088703653283626,7270.584285714285,0.0203415646379413,false,true
2020-01-02,atm3500019,Izmir,39435,1123,523,600,6953.17,-0.0377007797297932,-0.0544986027916969,7213.330000000001,0.0215160153679279,false,false
2020-01-03,atm3500019,Izmir,43810,1180,528,652,7339.97,0.0556293028935004,0.0176692505958382,7231.535714285715,0.0312668978846912,false,false
2020-01-04,atm3500019,Izmir,41955,1211,559,652,7291.27,-0.0066349045023345,-0.0034728866097738,7227.905714285715,0.0309862267394496,true,false
2020-01-05,atm3500019,Izmir,41925,1193,569,624,7430.83,0.0191406983968498,0.001189706278631,7229.167142857143,0.0314050890979766,true,false
2020-01-06,atm3500019,Izmir,43315,1288,598,690,7525.46,0.0127347819826317,0.0417923547497982,7272.294285714286,0.0291435871176385,false,false
2020-01-07,atm3500019,Izmir,37565,1147,550,597,8050.0,0.0697020514360584,0.1274857208485416,7402.325714285714,0.0362012045859287,false,false
2020-01-01,atm35000190,Izmir,44075,1272,624,648,7225.58,0.0120171769998516,0.0088703653283626,7270.584285714285,0.0203415646379413,false,true
2020-01-02,atm35000190,Izmir,39340,1205,563,642,6953.17,-0.0377007797297932,-0.0544986027916969,7213.330000000001,0.0215160153679279,false,false
2020-01-03,atm35000190,Izmir,40655,1138,479,659,7339.97,0.0556293028935004,0.0176692505958382,7231.535714285715,0.0312668978846912,false,false
2020-01-04,atm35000190,Izmir,41350,1296,664,632,7291.27,-0.0066349045023345,-0.0034728866097738,7227.905714285715,0.0309862267394496,true,false
2020-01-05,atm35000190,Izmir,42425,1153,469,684,7430.83,0.0191406983968498,0.001189706278631,7229.167142857143,0.0314050890979766,true,false
2020-01-06,atm35000190,Izmir,41700,1108,518,590,7525.46,0.0127347819826317,0.0417923547497982,7272.294285714286,0.0291435871176385,false,false
2020-01-07,atm35000190,Izmir,39645,1186,561,625,8050.0,0.0697020514360584,0.1274857208485416,7402.325714285714,0.0362012045859287,false,false
2020-01-01,atm35000191,Izmir,39580,1188,544,644,7225.58,0.0120171769998516,0.0088703653283626,7270.584285714285,0.0203415646379413,false,true
2020-01-02,atm35000191,Izmir,37275,1103,539,564,6953.17,-0.0377007797297932,-0.0544986027916969,7213.330000000001,0.0215160153679279,false,false
2020-01-03,atm35000191,Izmir,40010,1127,493,634,7339.97,0.0556293028935004,0.0176692505958382,7231.535714285715,0.0312668978846912,false,false
2020-01-04,atm35000191,Izmir,47440,1269,555,714,7291.27,-0.0066349045023345,-0.0034728866097738,7227.905714285715,0.0309862267394496,true,false
2020-01-05,atm35000191,Izmir,39155,1235,657,578,7430.83,0.0191406983968498,0.001189706278631,7229.167142857143,0.0314050890979766,true,false
2020-01-06,atm35000191,Izmir,39670,1174,592,582,7525.46,0.0127347819826317,0.0417923547497982,7272.294285714286,0.0291435871176385,false,false
2020-01-07,atm35000191,Izmir,44180,1242,574,668,8050.0,0.0697020514360584,0.1274857208485416,7402.325714285714,0.0362012045859287,false,false
2020-01-01,atm35000192,Izmir,40985,1281,623,658,7225.58,0.0120171769998516,0.0088703653283626,7270.584285714285,0.0203415646379413,false,true
2020-01-02,atm35000192,Izmir,44015,1328,623,705,6953.17,-0.0377007797297932,-0.0544986027916969,7213.330000000001,0.0215160153679279,false,false
2020-01-03,atm35000192,Izmir,42725,1176,480,696,7339.97,0.0556293028935004,0.0176692505958382,7231.535714285715,0.0312668978846912,false,false
2020-01-04,atm35000192,Izmir,43180,1158,522,636,7291.27,-0.0066349045023345,-0.0034728866097738,7227.905714285715,0.0309862267394496,true,false
2020-01-05,atm35000192,Izmir,42935,1179,519,660,7430.83,0.0191406983968498,0.001189706278631,7229.167142857143,0.0314050890979766,true,false
2020-01-06,atm35000192,Izmir,35130,991,430,561,7525.46,0.0127347819826317,0.0417923547497982,7272.294285714286,0.0291435871176385,false,false
2020-01-07,atm35000192,Izmir,47820,1271,562,709,8050.0,0.0697020514360584,0.1274857208485416,7402.325714285714,0.0362012045859287,false,false
2020-01-01,atm35000193,Izmir,44865,1393,692,701,7225.58,0.0120171769998516,0.0088703653283626,7270.584285714285,0.0203415646379413,false,true
2020-01-02,atm35000193,Izmir,33615,1138,588,550,6953.17,-0.0377007797297932,-0.0544986027916969,7213.330000000001,0.0215160153679279,false,false
2020-01-03,atm35000193,Izmir,35680,1131,541,590,7339.97,0.0556293028935004,0.0176692505958382,7231.535714285715,0.0312668978846912,false,false
2020-01-04,atm35000193,Izmir,41965,1204,520,684,7291.27,-0.0066349045023345,-0.0034728866097738,7227.905714285715,0.0309862267394496,true,false
2020-01-05,atm35000193,Izmir,44395,1257,597,660,7430.83,0.0191406983968498,0.001189706278631,7229.167142857143,0.0314050890979766,true,false
2020-01-06,atm35000193,Izmir,39395,1278,670,608,7525.46,0.0127347819826317,0.0417923547497982,7272.294285714286,0.0291435871176385,false,false
2020-01-07,atm35000193,Izmir,37440,1256,676,580,8050.0,0.0697020514360584,0.1274857208485416,7402.325714285714,0.0362012045859287,false,false
2020-01-01,atm35000194,Izmir,43395,1267,605,662,7225.58,0.0120171769998516,0.0088703653283626,7270.584285714285,0.0203415646379413,false,true
2020-01-02,atm35000194,Izmir,38980,1187,564,623,6953.17,-0.0377007797297932,-0.0544986027916969,7213.330000000001,0.0215160153679279,false,false
2020-01-03,atm35000194,Izmir,38185,1195,581,614,7339.97,0.0556293028935004,0.0176692505958382,7231.535714285715,0.0312668978846912,false,false
2020-01-04,atm35000194,Izmir,35785,1168,586,582,7291.27,-0.0066349045023345,-0.0034728866097738,7227.905714285715,0.0309862267394496,true,false
2020-01-05,atm35000194,Izmir,40395,1189,519,670,7430.83,0.0191406983968498,0.001189706278631,7229.167142857143,0.0314050890979766,true,false
2020-01-06,atm35000194,Izmir,41125,1063,455,608,7525.46,0.0127347819826317,0.0417923547497982,7272.294285714286,0.0291435871176385,false,false
2020-01-07,atm35000194,Izmir,37555,994,436,558,8050.0,0.0697020514360584,0.1274857208485416,7402.325714285714,0.0362012045859287,false,false
2020-01-01,atm35000195,Izmir,42630,1309,620,689,7225.58,0.0120171769998516,0.0088703653283626,7270.584285714285,0.0203415646379413,false,true
2020-01-02,atm35000195,Izmir,39085,1237,613,624,6953.17,-0.0377007797297932,-0.0544986027916969,7213.330000000001,0.0215160153679279,false,false
2020-01-03,atm35000195,Izmir,43500,1357,691,666,7339.97,0.0556293028935004,0.0176692505958382,7231.535714285715,0.0312668978846912,false,false
2020-01-04,atm35000195,Izmir,42545,1174,552,622,7291.27,-0.0066349045023345,-0.0034728866097738,7227.905714285715,0.0309862267394496,true,false
2020-01-05,atm35000195,Izmir,43300,1178,524,654,7430.83,0.0191406983968498,0.001189706278631,7229.167142857143,0.0314050890979766,true,false
2020-01-06,atm35000195,Izmir,44095,1287,589,698,7525.46,0.0127347819826317,0.0417923547497982,7272.294285714286,0.0291435871176385,false,false
2020-01-07,atm35000195,Izmir,44300,1335,631,704,8050.0,0.0697020514360584,0.1274857208485416,7402.325714285714,0.0362012045859287,false,false
2020-01-01,atm35000196,Izmir,44290,1279,619,660,7225.58,0.0120171769998516,0.0088703653283626,7270.584285714285,0.0203415646379413,false,true
2020-01-02,atm35000196,Izmir,42585,1131,443,688,6953.17,-0.0377007797297932,-0.0544986027916969,7213.330000000001,0.0215160153679279,false,false
2020-01-03,atm35000196,Izmir,36195,1291,681,610,7339.97,0.0556293028935004,0.0176692505958382,7231.535714285715,0.0312668978846912,false,false
2020-01-04,atm35000196,Izmir,37440,1112,539,573,7291.27,-0.0066349045023345,-0.0034728866097738,7227.905714285715,0.0309862267394496,true,false
2020-01-05,atm35000196,Izmir,41740,1281,630,651,7430.83,0.0191406983968498,0.001189706278631,7229.167142857143,0.0314050890979766,true,false
2020-01-06,atm35000196,Izmir,36045,1089,525,564,7525.46,0.0127347819826317,0.0417923547497982,7272.294285714286,0.0291435871176385,false,false
2020-01-07,atm35000196,Izmir,42280,1209,549,660,8050.0,0.0697020514360584,0.1274857208485416,7402.325714285714,0.0362012045859287,false,false
2020-01-01,atm35000197,Izmir,39225,1245,672,573,7225.58,0.0120171769998516,0.0088703653283626,7270.584285714285,0.0203415646379413,false,true
2020-01-02,atm35000197,Izmir,44150,1329,635,694,6953.17,-0.0377007797297932,-0.0544986027916969,7213.330000000001,0.0215160153679279,false,false
2020-01-03,atm35000197,Izmir,39060,1236,566,670,7339.97,0.0556293028935004,0.0176692505958382,7231.535714285715,0.0312668978846912,false,false
2020-01-04,atm35000197,Izmir,43635,1204,544,660,7291.27,-0.0066349045023345,-0.0034728866097738,7227.905714285715,0.0309862267394496,true,false
2020-01-05,atm35000197,Izmir,41925,1121,511,610,7430.83,0.0191406983968498,0.001189706278631,7229.167142857143,0.0314050890979766,true,false
2020-01-06,atm35000197,Izmir,47575,1218,485,733,7525.46,0.0127347819826317,0.0417923547497982,7272.294285714286,0.0291435871176385,false,false
2020-01-07,atm35000197,Izmir,40075,1104,517,587,8050.0,0.0697020514360584,0.1274857208485416,7402.325714285714,0.0362012045859287,false,false
2020-01-01,atm35000198,Izmir,45245,1159,464,695,7225.58,0.0120171769998516,0.0088703653283626,7270.584285714285,0.0203415646379413,false,true
2020-01-02,atm35000198,Izmir,44785,1336,635,701,6953.17,-0.0377007797297932,-0.0544986027916969,7213.330000000001,0.0215160153679279,false,false
2020-01-03,atm35000198,Izmir,43340,1225,570,655,7339.97,0.0556293028935004,0.0176692505958382,7231.535714285715,0.0312668978846912,false,false
2020-01-04,atm35000198,Izmir,42090,1206,575,631,7291.27,-0.0066349045023345,-0.0034728866097738,7227.905714285715,0.0309862267394496,true,false
2020-01-05,atm35000198,Izmir,43135,1112,477,635,7430.83,0.0191406983968498,0.001189706278631,7229.167142857143,0.0314050890979766,true,false
2020-01-06,atm35000198,Izmir,41350,1177,536,641,7525.46,0.0127347819826317,0.0417923547497982,7272.294285714286,0.0291435871176385,false,false
2020-01-07,atm35000198,Izmir,35575,1145,595,550,8050.0,0.0697020514360584,0.1274857208485416,7402.325714285714,0.0362012045859287,false,false
2020-01-01,atm35000199,Izmir,40955,1208,574,634,7225.58,0.0120171769998516,0.0088703653283626,7270.584285714285,0.0203415646379413,false,true
2020-01-02,atm35000199,Izmir,36890,1232,640,592,6953.17,-0.0377007797297932,-0.0544986027916969,7213.330000000001,0.0215160153679279,false,false
2020-01-03,atm35000199,Izmir,39735,1193,552,641,7339.97,0.0556293028935004,0.0176692505958382,7231.535714285715,0.0312668978846912,false,false
2020-01-04,atm35000199,Izmir,42750,1258,601,657,7291.27,-0.0066349045023345,-0.0034728866097738,7227.905714285715,0.0309862267394496,true,false
2020-01-05,atm35000199,Izmir,40710,1272,638,634,7430.83,0.0191406983968498,0.001189706278631,7229.167142857143,0.0314050890979766,true,false
2020-01-06,atm35000199,Izmir,40355,1239,567,672,7525.46,0.0127347819826317,0.0417923547497982,7272.294285714286,0.0291435871176385,false,false
2020-01-07,atm35000199,Izmir,39420,1234,634,600,8050.0,0.0697020514360584,0.1274857208485416,7402.325714285714,0.0362012045859287,false,false
2020-01-01,atm350002,Izmir,43575,1229,613,616,7225.58,0.0120171769998516,0.0088703653283626,7270.584285714285,0.0203415646379413,false,true
2020-01-02,atm350002,Izmir,32420,1109,569,540,6953.17,-0.0377007797297932,-0.0544986027916969,7213.330000000001,0.0215160153679279,false,false
2020-01-03,atm350002,Izmir,47095,1186,493,693,7339.97,0.0556293028935004,0.0176692505958382,7231.535714285715,0.0312668978846912,false,false
2020-01-04,atm350002,Izmir,42015,1190,521,669,7291.27,-0.0066349045023345,-0.0034728866097738,7227.905714285715,0.0309862267394496,true,false
2020-01-05,atm350002,Izmir,40995,1208,567,641,7430.83,0.0191406983968498,0.001189706278631,7229.167142857143,0.0314050890979766,true,false
2020-01-06,atm350002,Izmir,39160,1196,585,611,7525.46,0.0127347819826317,0.0417923547497982,7272.294285714286,0.0291435871176385,false,false
2020-01-07,atm350002,Izmir,39440,1338,682,656,8050.0,0.0697020514360584,0.1274857208485416,7402.325714285714,0.0362012045859287,false,false
2020-01-01,atm3500020,Izmir,41850,1248,613,635,7225.58,0.0120171769998516,0.0088703653283626,7270.584285714285,0.0203415646379413,false,true
2020-01-02,atm3500020,Izmir,43715,1206,583,623,6953.17,-0.0377007797297932,-0.0544986027916969,7213.330000000001,0.0215160153679279,false,false
2020-01-03,atm3500020,Izmir,40080,1264,647,617,7339.97,0.0556293028935004,0.0176692505958382,7231.535714285715,0.0312668978846912,false,false
2020-01-04,atm3500020,Izmir,40585,1088,445,643,7291.27,-0.0066349045023345,-0.0034728866097738,7227.905714285715,0.0309862267394496,true,false
2020-01-05,atm3500020,Izmir,36695,1031,470,561,7430.83,0.0191406983968498,0.001189706278631,7229.167142857143,0.0314050890979766,true,false
2020-01-06,atm3500020,Izmir,44920,1237,557,680,7525.46,0.0127347819826317,0.0417923547497982,7272.294285714286,0.0291435871176385,false,false
2020-01-07,atm3500020,Izmir,43915,1198,514,684,8050.0,0.0697020514360584,0.1274857208485416,7402.325714285714,0.0362012045859287,false,false
2020-01-01,atm35000200,Izmir,43235,1173,491,682,7225.58,0.0120171769998516,0.0088703653283626,7270.584285714285,0.0203415646379413,false,true
2020-01-02,atm35000200,Izmir,43470,1215,506,709,6953.17,-0.0377007797297932,-0.0544986027916969,7213.330000000001,0.0215160153679279,false,false
2020-01-03,atm35000200,Izmir,42145,1221,576,645,7339.97,0.0556293028935004,0.0176692505958382,7231.535714285715,0.0312668978846912,false,false
2020-01-04,atm35000200,Izmir,46310,1172,470,702,7291.27,-0.0066349045023345,-0.0034728866097738,7227.905714285715,0.0309862267394496,true,false
2020-01-05,atm35000200,Izmir,40230,1232,587,645,7430.83,0.0191406983968498,0.001189706278631,7229.167142857143,0.0314050890979766,true,false
2020-01-06,atm35000200,Izmir,38835,1237,623,614,7525.46,0.0127347819826317,0.0417923547497982,7272.294285714286,0.0291435871176385,false,false
2020-01-07,atm35000200,Izmir,41735,1225,585,640,8050.0,0.0697020514360584,0.1274857208485416,7402.325714285714,0.0362012045859287,false,false
2020-01-01,atm35000201,Izmir,38765,1200,584,616,7225.58,0.0120171769998516,0.0088703653283626,7270.584285714285,0.0203415646379413,false,true
2020-01-02,atm35000201,Izmir,38060,1157,549,608,6953.17,-0.0377007797297932,-0.0544986027916969,7213.330000000001,0.0215160153679279,false,false
2020-01-03,atm35000201,Izmir,43480,1218,574,644,7339.97,0.0556293028935004,0.0176692505958382,7231.535714285715,0.0312668978846912,false,false
2020-01-04,atm35000201,Izmir,41585,1255,606,649,7291.27,-0.0066349045023345,-0.0034728866097738,7227.905714285715,0.0309862267394496,true,false
2020-01-05,atm35000201,Izmir,44185,1259,589,670,7430.83,0.0191406983968498,0.001189706278631,7229.167142857143,0.0314050890979766,true,false
2020-01-06,atm35000201,Izmir,45290,1166,486,680,7525.46,0.0127347819826317,0.0417923547497982,7272.294285714286,0.0291435871176385,false,false
2020-01-07,atm35000201,Izmir,44130,1221,513,708,8050.0,0.0697020514360584,0.1274857208485416,7402.325714285714,0.0362012045859287,false,false
2020-01-01,atm35000202,Izmir,37790,1074,505,569,7225.58,0.0120171769998516,0.0088703653283626,7270.584285714285,0.0203415646379413,false,true
2020-01-02,atm35000202,Izmir,48860,1296,545,751,6953.17,-0.0377007797297932,-0.0544986027916969,7213.330000000001,0.0215160153679279,false,false
2020-01-03,atm35000202,Izmir,40080,1180,566,614,7339.97,0.0556293028935004,0.0176692505958382,7231.535714285715,0.0312668978846912,false,false
2020-01-04,atm35000202,Izmir,44365,1344,667,677,7291.27,-0.0066349045023345,-0.0034728866097738,7227.905714285715,0.0309862267394496,true,false
2020-01-05,atm35000202,Izmir,45135,1250,545,705,7430.83,0.0191406983968498,0.001189706278631,7229.167142857143,0.0314050890979766,true,false
2020-01-06,atm35000202,Izmir,35005,1112,537,575,7525.46,0.0127347819826317,0.0417923547497982,7272.294285714286,0.0291435871176385,false,false
2020-01-07,atm35000202,Izmir,37840,1153,550,603,8050.0,0.0697020514360584,0.1274857208485416,7402.325714285714,0.0362012045859287,false,false
2020-01-01,atm35000203,Izmir,50990,1366,602,764,7225.58,0.0120171769998516,0.0088703653283626,7270.584285714285,0.0203415646379413,false,true
2020-01-02,atm35000203,Izmir,40345,1324,662,662,6953.17,-0.0377007797297932,-0.0544986027916969,7213.330000000001,0.0215160153679279,false,false
2020-01-03,atm35000203,Izmir,36855,1188,594,594,7339.97,0.0556293028935004,0.0176692505958382,7231.535714285715,0.0312668978846912,false,false
2020-01-04,atm35000203,Izmir,50125,1273,532,741,7291.27,-0.0066349045023345,-0.0034728866097738,7227.905714285715,0.0309862267394496,true,false
2020-01-05,atm35000203,Izmir,41110,1072,474,598,7430.83,0.0191406983968498,0.001189706278631,7229.167142857143,0.0314050890979766,true,false
2020-01-06,atm35000203,Izmir,39960,1186,573,613,7525.46,0.0127347819826317,0.0417923547497982,7272.294285714286,0.0291435871176385,false,false
2020-01-07,atm35000203,Izmir,46570,1314,604,710,8050.0,0.0697020514360584,0.1274857208485416,7402.325714285714,0.0362012045859287,false,false
2020-01-01,atm35000204,Izmir,41915,1219,557,662,7225.58,0.0120171769998516,0.0088703653283626,7270.584285714285,0.0203415646379413,false,true
2020-01-02,atm35000204,Izmir,38640,1217,594,623,6953.17,-0.0377007797297932,-0.0544986027916969,7213.330000000001,0.0215160153679279,false,false
2020-01-03,atm35000204,Izmir,44705,1166,496,670,7339.97,0.0556293028935004,0.0176692505958382,7231.535714285715,0.0312668978846912,false,false
2020-01-04,atm35000204,Izmir,34670,1118,517,601,7291.27,-0.0066349045023345,-0.0034728866097738,7227.905714285715,0.0309862267394496,true,false
2020-01-05,atm35000204,Izmir,44415,1163,514,649,7430.83,0.0191406983968498,0.001189706278631,7229.167142857143,0.0314050890979766,true,false
2020-01-06,atm35000204,Izmir,39120,1266,656,610,7525.46,0.0127347819826317,0.0417923547497982,7272.294285714286,0.0291435871176385,false,false
2020-01-07,atm35000204,Izmir,43865,1199,555,644,8050.0,0.0697020514360584,0.1274857208485416,7402.325714285714,0.0362012045859287,false,false
2020-01-01,atm35000205,Izmir,44400,1354,643,711,7225.58,0.0120171769998516,0.0088703653283626,7270.584285714285,0.0203415646379413,false,true
2020-01-02,atm35000205,Izmir,43410,1229,567,662,6953.17,-0.0377007797297932,-0.0544986027916969,7213.330000000001,0.0215160153679279,false,false
2020-01-03,atm35000205,Izmir,44450,1249,613,636,7339.97,0.0556293028935004,0.0176692505958382,7231.535714285715,0.0312668978846912,false,false
2020-01-04,atm35000205,Izmir,42315,1190,515,675,7291.27,-0.0066349045023345,-0.0034728866097738,7227.905714285715,0.0309862267394496,true,false
2020-01-05,atm35000205,Izmir,41050,1185,567,618,7430.83,0.0191406983968498,0.001189706278631,7229.167142857143,0.0314050890979766,true,false
2020-01-06,atm35000205,Izmir,36620,1165,530,635,7525.46,0.0127347819826317,0.0417923547497982,7272.294285714286,0.0291435871176385,false,false
2020-01-07,atm35000205,Izmir,41960,1138,475,663,8050.0,0.0697020514360584,0.1274857208485416,7402.325714285714,0.0362012045859287,false,false
2020-01-01,atm35000206,Izmir,64985,2056,994,1062,7225.58,0.0120171769998516,0.0088703653283626,7270.584285714285,0.0203415646379413,false,true
2020-01-02,atm35000206,Izmir,71550,2037,957,1080,6953.17,-0.0377007797297932,-0.0544986027916969,7213.330000000001,0.0215160153679279,false,false
2020-01-03,atm35000206,Izmir,67610,2052,979,1073,7339.97,0.0556293028935004,0.0176692505958382,7231.535714285715,0.0312668978846912,false,false
2020-01-04,atm35000206,Izmir,72775,2086,991,1095,7291.27,-0.0066349045023345,-0.0034728866097738,7227.905714285715,0.0309862267394496,true,false
2020-01-05,atm35000206,Izmir,66875,2044,976,1068,7430.83,0.0191406983968498,0.001189706278631,7229.167142857143,0.0314050890979766,true,false
2020-01-06,atm35000206,Izmir,68185,2082,1000,1082,7525.46,0.0127347819826317,0.0417923547497982,7272.294285714286,0.0291435871176385,false,false
2020-01-07,atm35000206,Izmir,69630,2034,932,1102,8050.0,0.0697020514360584,0.1274857208485416,7402.325714285714,0.0362012045859287,false,false
2020-01-01,atm35000207,Izmir,39980,1233,636,597,7225.58,0.0120171769998516,0.0088703653283626,7270.584285714285,0.0203415646379413,false,true
2020-01-02,atm35000207,Izmir,41830,1205,572,633,6953.17,-0.0377007797297932,-0.0544986027916969,7213.330000000001,0.0215160153679279,false,false
2020-01-03,atm35000207,Izmir,41010,1317,692,625,7339.97,0.0556293028935004,0.0176692505958382,7231.535714285715,0.0312668978846912,false,false
2020-01-04,atm35000207,Izmir,41305,1127,468,659,7291.27,-0.0066349045023345,-0.0034728866097738,7227.905714285715,0.0309862267394496,true,false
2020-01-05,atm35000207,Izmir,41140,1177,533,644,7430.83,0.0191406983968498,0.001189706278631,7229.167142857143,0.0314050890979766,true,false
2020-01-06,atm35000207,Izmir,44940,1175,459,716,7525.46,0.0127347819826317,0.0417923547497982,7272.294285714286,0.0291435871176385,false,false
2020-01-07,atm35000207,Izmir,36815,1149,575,574,8050.0,0.0697020514360584,0.1274857208485416,7402.325714285714,0.0362012045859287,false,false
2020-01-01,atm35000208,Izmir,40495,1307,659,648,7225.58,0.0120171769998516,0.0088703653283626,7270.584285714285,0.0203415646379413,false,true
2020-01-02,atm35000208,Izmir,42425,1182,557,625,6953.17,-0.0377007797297932,-0.0544986027916969,7213.330000000001,0.0215160153679279,false,false
2020-01-03,atm35000208,Izmir,39610,1225,632,593,7339.97,0.0556293028935004,0.0176692505958382,7231.535714285715,0.0312668978846912,false,false
2020-01-04,atm35000208,Izmir,43825,1224,546,678,7291.27,-0.0066349045023345,-0.0034728866097738,7227.905714285715,0.0309862267394496,true,false
2020-01-05,atm35000208,Izmir,42980,1255,591,664,7430.83,0.0191406983968498,0.001189706278631,7229.167142857143,0.0314050890979766,true,false
2020-01-06,atm35000208,Izmir,40925,1196,533,663,7525.46,0.0127347819826317,0.0417923547497982,7272.294285714286,0.0291435871176385,false,false
2020-01-07,atm35000208,Izmir,37930,1253,636,617,8050.0,0.0697020514360584,0.1274857208485416,7402.325714285714,0.0362012045859287,false,false
2020-01-01,atm35000209,Izmir,41590,1264,578,686,7225.58,0.0120171769998516,0.0088703653283626,7270.584285714285,0.0203415646379413,false,true
2020-01-02,atm35000209,Izmir,43450,1193,513,680,6953.17,-0.0377007797297932,-0.0544986027916969,7213.330000000001,0.0215160153679279,false,false
2020-01-03,atm35000209,Izmir,36480,1133,550,583,7339.97,0.0556293028935004,0.0176692505958382,7231.535714285715,0.0312668978846912,false,false
2020-01-04,atm35000209,Izmir,44500,1276,602,674,7291.27,-0.0066349045023345,-0.0034728866097738,7227.905714285715,0.0309862267394496,true,false
2020-01-05,atm35000209,Izmir,38470,1108,496,612,7430.83,0.0191406983968498,0.001189706278631,7229.167142857143,0.0314050890979766,true,false
2020-01-06,atm35000209,Izmir,41380,1176,576,600,7525.46,0.0127347819826317,0.0417923547497982,7272.294285714286,0.0291435871176385,false,false
2020-01-07,atm35000209,Izmir,36920,1200,597,603,8050.0,0.0697020514360584,0.1274857208485416,7402.325714285714,0.0362012045859287,false,false
2020-01-01,atm3500021,Izmir,38410,1174,538,636,7225.58,0.0120171769998516,0.0088703653283626,7270.584285714285,0.0203415646379413,false,true
2020-01-02,atm3500021,Izmir,38535,1111,496,615,6953.17,-0.0377007797297932,-0.0544986027916969,7213.330000000001,0.0215160153679279,false,false
2020-01-03,atm3500021,Izmir,37265,1028,452,576,7339.97,0.0556293028935004,0.0176692505958382,7231.535714285715,0.0312668978846912,false,false
2020-01-04,atm3500021,Izmir,37640,1044,472,572,7291.27,-0.0066349045023345,-0.0034728866097738,7227.905714285715,0.0309862267394496,true,false
2020-01-05,atm3500021,Izmir,39425,1192,590,602,7430.83,0.0191406983968498,0.001189706278631,7229.167142857143,0.0314050890979766,true,false
2020-01-06,atm3500021,Izmir,50135,1321,619,702,7525.46,0.0127347819826317,0.0417923547497982,7272.294285714286,0.0291435871176385,false,false
2020-01-07,atm3500021,Izmir,40935,1085,486,599,8050.0,0.0697020514360584,0.1274857208485416,7402.325714285714,0.0362012045859287,false,false
2020-01-01,atm35000210,Izmir,39310,1303,666,637,7225.58,0.0120171769998516,0.0088703653283626,7270.584285714285,0.0203415646379413,false,true
2020-01-02,atm35000210,Izmir,38720,1143,544,599,6953.17,-0.0377007797297932,-0.0544986027916969,7213.330000000001,0.0215160153679279,false,false
2020-01-03,atm35000210,Izmir,41840,1087,438,649,7339.97,0.0556293028935004,0.0176692505958382,7231.535714285715,0.0312668978846912,false,false
2020-01-04,atm35000210,Izmir,45010,1291,605,686,7291.27,-0.0066349045023345,-0.0034728866097738,7227.905714285715,0.0309862267394496,true,false
2020-01-05,atm35000210,Izmir,39550,1271,618,653,7430.83,0.0191406983968498,0.001189706278631,7229.167142857143,0.0314050890979766,true,false
2020-01-06,atm35000210,Izmir,45385,1213,515,698,7525.46,0.0127347819826317,0.0417923547497982,7272.294285714286,0.0291435871176385,false,false
2020-01-07,atm35000210,Izmir,38390,1140,529,611,8050.0,0.0697020514360584,0.1274857208485416,7402.325714285714,0.0362012045859287,false,false
2020-01-01,atm35000211,Izmir,41895,1230,554,676,7225.58,0.0120171769998516,0.0088703653283626,7270.584285714285,0.0203415646379413,false,true
2020-01-02,atm35000211,Izmir,41615,1237,574,663,6953.17,-0.0377007797297932,-0.0544986027916969,7213.330000000001,0.0215160153679279,false,false
2020-01-03,atm35000211,Izmir,41565,1153,519,634,7339.97,0.0556293028935004,0.0176692505958382,7231.535714285715,0.0312668978846912,false,false
2020-01-04,atm35000211,Izmir,47540,1288,585,703,7291.27,-0.0066349045023345,-0.0034728866097738,7227.905714285715,0.0309862267394496,true,false
2020-01-05,atm35000211,Izmir,43860,1158,442,716,7430.83,0.0191406983968498,0.001189706278631,7229.167142857143,0.0314050890979766,true,false
2020-01-06,atm35000211,Izmir,45745,1283,551,732,7525.46,0.0127347819826317,0.0417923547497982,7272.294285714286,0.0291435871176385,false,false
2020-01-07,atm35000211,Izmir,38935,1147,576,571,8050.0,0.0697020514360584,0.1274857208485416,7402.325714285714,0.0362012045859287,false,false
2020-01-01,atm35000212,Izmir,41995,1194,523,671,7225.58,0.0120171769998516,0.0088703653283626,7270.584285714285,0.0203415646379413,false,true
2020-01-02,atm35000212,Izmir,37585,1275,689,586,6953.17,-0.0377007797297932,-0.0544986027916969,7213.330000000001,0.0215160153679279,false,false
2020-01-03,atm35000212,Izmir,43495,1223,574,649,7339.97,0.0556293028935004,0.0176692505958382,7231.535714285715,0.0312668978846912,false,false
2020-01-04,atm35000212,Izmir,44000,1171,469,702,7291.27,-0.0066349045023345,-0.0034728866097738,7227.905714285715,0.0309862267394496,true,false
2020-01-05,atm35000212,Izmir,44250,1346,644,702,7430.83,0.0191406983968498,0.001189706278631,7229.167142857143,0.0314050890979766,true,false
2020-01-06,atm35000212,Izmir,39645,1103,509,594,7525.46,0.0127347819826317,0.0417923547497982,7272.294285714286,0.0291435871176385,false,false
2020-01-07,atm35000212,Izmir,38065,1174,557,617,8050.0,0.0697020514360584,0.1274857208485416,7402.325714285714,0.0362012045859287,false,false
2020-01-01,atm35000213,Izmir,40580,1182,564,618,7225.58,0.0120171769998516,0.0088703653283626,7270.584285714285,0.0203415646379413,false,true
2020-01-02,atm35000213,Izmir,38590,1261,688,573,6953.17,-0.0377007797297932,-0.0544986027916969,7213.330000000001,0.0215160153679279,false,false
2020-01-03,atm35000213,Izmir,39320,1185,547,638,7339.97,0.0556293028935004,0.0176692505958382,7231.535714285715,0.0312668978846912,false,false
2020-01-04,atm35000213,Izmir,42275,1125,491,634,7291.27,-0.0066349045023345,-0.0034728866097738,7227.905714285715,0.0309862267394496,true,false
2020-01-05,atm35000213,Izmir,42750,1315,663,652,7430.83,0.0191406983968498,0.001189706278631,7229.167142857143,0.0314050890979766,true,false
2020-01-06,atm35000213,Izmir,42055,1145,477,668,7525.46,0.0127347819826317,0.0417923547497982,7272.294285714286,0.0291435871176385,false,false
2020-01-07,atm35000213,Izmir,39320,1152,521,631,8050.0,0.0697020514360584,0.1274857208485416,7402.325714285714,0.0362012045859287,false,false
2020-01-01,atm35000214,Izmir,42725,1233,546,687,7225.58,0.0120171769998516,0.0088703653283626,7270.584285714285,0.0203415646379413,false,true
2020-01-02,atm35000214,Izmir,47905,1332,554,778,6953.17,-0.0377007797297932,-0.0544986027916969,7213.330000000001,0.0215160153679279,false,false
2020-01-03,atm35000214,Izmir,36795,1048,456,592,7339.97,0.0556293028935004,0.0176692505958382,7231.535714285715,0.0312668978846912,false,false
2020-01-04,atm35000214,Izmir,35195,1160,570,590,7291.27,-0.0066349045023345,-0.0034728866097738,7227.905714285715,0.0309862267394496,true,false
2020-01-05,atm35000214,Izmir,41630,1128,507,621,7430.83,0.0191406983968498,0.001189706278631,7229.167142857143,0.0314050890979766,true,false
2020-01-06,atm35000214,Izmir,44670,1232,549,683,7525.46,0.0127347819826317,0.0417923547497982,7272.294285714286,0.0291435871176385,false,false
2020-01-07,atm35000214,Izmir,41130,1133,509,624,8050.0,0.0697020514360584,0.1274857208485416,7402.325714285714,0.0362012045859287,false,false
2020-01-01,atm35000215,Izmir,37900,1130,503,627,7225.58,0.0120171769998516,0.0088703653283626,7270.584285714285,0.0203415646379413,false,true
2020-01-02,atm35000215,Izmir,40230,1160,550,610,6953.17,-0.0377007797297932,-0.0544986027916969,7213.330000000001,0.0215160153679279,false,false
2020-01-03,atm35000215,Izmir,45200,1299,588,711,7339.97,0.0556293028935004,0.0176692505958382,7231.535714285715,0.0312668978846912,false,false
2020-01-04,atm35000215,Izmir,43475,1293,615,678,7291.27,-0.0066349045023345,-0.0034728866097738,7227.905714285715,0.0309862267394496,true,false
2020-01-05,atm35000215,Izmir,42950,1121,473,648,7430.83,0.0191406983968498,0.001189706278631,7229.167142857143,0.0314050890979766,true,false
2020-01-06,atm35000215,Izmir,39825,1197,562,635,7525.46,0.0127347819826317,0.0417923547497982,7272.294285714286,0.0291435871176385,false,false
2020-01-07,atm35000215,Izmir,39685,1330,714,616,8050.0,0.0697020514360584,0.1274857208485416,7402.325714285714,0.0362012045859287,false,false
2020-01-01,atm35000216,Izmir,40275,1164,538,626,7225.58,0.0120171769998516,0.0088703653283626,7270.584285714285,0.0203415646379413,false,true
2020-01-02,atm35000216,Izmir,41505,1149,492,657,6953.17,-0.0377007797297932,-0.0544986027916969,7213.330000000001,0.0215160153679279,false,false
2020-01-03,atm35000216,Izmir,35370,1029,439,590,7339.97,0.0556293028935004,0.0176692505958382,7231.535714285715,0.0312668978846912,false,false
2020-01-04,atm35000216,Izmir,41830,1219,562,657,7291.27,-0.0066349045023345,-0.0034728866097738,7227.905714285715,0.0309862267394496,true,false
2020-01-05,atm35000216,Izmir,42825,1253,539,714,7430.83,0.0191406983968498,0.001189706278631,7229.167142857143,0.0314050890979766,true,false
2020-01-06,atm35000216,Izmir,40510,1123,502,621,7525.46,0.0127347819826317,0.0417923547497982,7272.294285714286,0.0291435871176385,false,false
2020-01-07,atm35000216,Izmir,43585,1271,597,674,8050.0,0.0697020514360584,0.1274857208485416,7402.325714285714,0.0362012045859287,false,false
2020-01-01,atm35000217,Izmir,43815,1300,652,648,7225.58,0.0120171769998516,0.0088703653283626,7270.584285714285,0.0203415646379413,false,true
2020-01-02,atm35000217,Izmir,43875,1241,580,661,6953.17,-0.0377007797297932,-0.0544986027916969,7213.330000000001,0.0215160153679279,false,false
2020-01-03,atm35000217,Izmir,42240,1265,613,652,7339.97,0.0556293028935004,0.0176692505958382,7231.535714285715,0.0312668978846912,false,false
2020-01-04,atm35000217,Izmir,48310,1279,586,693,7291.27,-0.0066349045023345,-0.0034728866097738,7227.905714285715,0.0309862267394496,true,false
2020-01-05,atm35000217,Izmir,45435,1308,603,705,7430.83,0.0191406983968498,0.001189706278631,7229.167142857143,0.0314050890979766,true,false
2020-01-06,atm35000217,Izmir,40655,1303,629,674,7525.46,0.0127347819826317,0.0417923547497982,7272.294285714286,0.0291435871176385,false,false
2020-01-07,atm35000217,Izmir,36355,1124,571,553,8050.0,0.0697020514360584,0.1274857208485416,7402.325714285714,0.0362012045859287,false,false
2020-01-01,atm35000218,Izmir,36515,1183,599,584,7225.58,0.0120171769998516,0.0088703653283626,7270.584285714285,0.0203415646379413,false,true
2020-01-02,atm35000218,Izmir,42220,1055,421,634,6953.17,-0.0377007797297932,-0.0544986027916969,7213.330000000001,0.0215160153679279,false,false
2020-01-03,atm35000218,Izmir,43900,1168,528,640,7339.97,0.0556293028935004,0.0176692505958382,7231.535714285715,0.0312668978846912,false,false
2020-01-04,atm35000218,Izmir,42980,1372,659,713,7291.27,-0.0066349045023345,-0.0034728866097738,7227.905714285715,0.0309862267394496,true,false
2020-01-05,atm35000218,Izmir,41830,1271,626,645,7430.83,0.0191406983968498,0.001189706278631,7229.167142857143,0.0314050890979766,true,false
2020-01-06,atm35000218,Izmir,48075,1393,657,736,7525.46,0.0127347819826317,0.0417923547497982,7272.294285714286,0.0291435871176385,false,false
2020-01-07,atm35000218,Izmir,37730,1134,526,608,8050.0,0.0697020514360584,0.1274857208485416,7402.325714285714,0.0362012045859287,false,false
2020-01-01,atm35000219,Izmir,41310,1256,646,610,7225.58,0.0120171769998516,0.0088703653283626,7270.584285714285,0.0203415646379413,false,true
2020-01-02,atm35000219,Izmir,38380,1171,571,600,6953.17,-0.0377007797297932,-0.0544986027916969,7213.330000000001,0.0215160153679279,false,false
2020-01-03,atm35000219,Izmir,35855,1180,537,643,7339.97,0.0556293028935004,0.0176692505958382,7231.535714285715,0.0312668978846912,false,false
2020-01-04,atm35000219,Izmir,41275,1366,698,668,7291.27,-0.0066349045023345,-0.0034728866097738,7227.905714285715,0.0309862267394496,true,false
2020-01-05,atm35000219,Izmir,36495,1099,474,625,7430.83,0.0191406983968498,0.001189706278631,7229.167142857143,0.0314050890979766,true,false
2020-01-06,atm35000219,Izmir,42225,1339,606,733,7525.46,0.0127347819826317,0.0417923547497982,7272.294285714286,0.0291435871176385,false,false
2020-01-07,atm35000219,Izmir,45705,1288,595,693,8050.0,0.0697020514360584,0.1274857208485416,7402.325714285714,0.0362012045859287,false,false
2020-01-01,atm3500022,Izmir,38570,1086,477,609,7225.58,0.0120171769998516,0.0088703653283626,7270.584285714285,0.0203415646379413,false,true
2020-01-02,atm3500022,Izmir,43470,1216,530,686,6953.17,-0.0377007797297932,-0.0544986027916969,7213.330000000001,0.0215160153679279,false,false
2020-01-03,atm3500022,Izmir,41840,1169,536,633,7339.97,0.0556293028935004,0.0176692505958382,7231.535714285715,0.0312668978846912,false,false
2020-01-04,atm3500022,Izmir,43535,1328,656,672,7291.27,-0.0066349045023345,-0.0034728866097738,7227.905714285715,0.0309862267394496,true,false
2020-01-05,atm3500022,Izmir,37875,1311,667,644,7430.83,0.0191406983968498,0.001189706278631,7229.167142857143,0.0314050890979766,true,false
2020-01-06,atm3500022,Izmir,42770,1213,570,643,7525.46,0.0127347819826317,0.0417923547497982,7272.294285714286,0.0291435871176385,false,false
2020-01-07,atm3500022,Izmir,42800,1164,508,656,8050.0,0.0697020514360584,0.1274857208485416,7402.325714285714,0.0362012045859287,false,false
2020-01-01,atm35000220,Izmir,39200,1277,649,628,7225.58,0.0120171769998516,0.0088703653283626,7270.584285714285,0.0203415646379413,false,true
2020-01-02,atm35000220,Izmir,38625,1195,599,596,6953.17,-0.0377007797297932,-0.0544986027916969,7213.330000000001,0.0215160153679279,false,false
2020-01-03,atm35000220,Izmir,40055,1136,529,607,7339.97,0.0556293028935004,0.0176692505958382,7231.535714285715,0.0312668978846912,false,false
2020-01-04,atm35000220,Izmir,37550,1189,605,584,7291.27,-0.0066349045023345,-0.0034728866097738,7227.905714285715,0.0309862267394496,true,false
2020-01-05,atm35000220,Izmir,40640,1163,581,582,7430.83,0.0191406983968498,0.001189706278631,7229.167142857143,0.0314050890979766,true,false
2020-01-06,atm35000220,Izmir,35790,1093,514,579,7525.46,0.0127347819826317,0.0417923547497982,7272.294285714286,0.0291435871176385,false,false
2020-01-07,atm35000220,Izmir,40820,1194,535,659,8050.0,0.0697020514360584,0.1274857208485416,7402.325714285714,0.0362012045859287,false,false
2020-01-01,atm35000221,Izmir,38990,1154,552,602,7225.58,0.0120171769998516,0.0088703653283626,7270.584285714285,0.0203415646379413,false,true
2020-01-02,atm35000221,Izmir,40860,1135,521,614,6953.17,-0.0377007797297932,-0.0544986027916969,7213.330000000001,0.0215160153679279,false,false
2020-01-03,atm35000221,Izmir,40545,1240,574,666,7339.97,0.0556293028935004,0.0176692505958382,7231.535714285715,0.0312668978846912,false,false
2020-01-04,atm35000221,Izmir,42140,1141,506,635,7291.27,-0.0066349045023345,-0.0034728866097738,7227.905714285715,0.0309862267394496,true,false
2020-01-05,atm35000221,Izmir,38600,1163,566,597,7430.83,0.0191406983968498,0.001189706278631,7229.167142857143,0.0314050890979766,true,false
2020-01-06,atm35000221,Izmir,39520,1198,552,646,7525.46,0.0127347819826317,0.0417923547497982,7272.294285714286,0.0291435871176385,false,false
2020-01-07,atm35000221,Izmir,39775,1268,621,647,8050.0,0.0697020514360584,0.1274857208485416,7402.325714285714,0.0362012045859287,false,false
2020-01-01,atm35000222,Izmir,37860,1135,547,588,7225.58,0.0120171769998516,0.0088703653283626,7270.584285714285,0.0203415646379413,false,true
2020-01-02,atm35000222,Izmir,41660,1174,587,587,6953.17,-0.0377007797297932,-0.0544986027916969,7213.330000000001,0.0215160153679279,false,false
2020-01-03,atm35000222,Izmir,39640,1132,516,616,7339.97,0.0556293028935004,0.0176692505958382,7231.535714285715,0.0312668978846912,false,false
2020-01-04,atm35000222,Izmir,40300,1208,571,637,7291.27,-0.0066349045023345,-0.0034728866097738,7227.905714285715,0.0309862267394496,true,false
2020-01-05,atm35000222,Izmir,42110,1177,483,694,7430.83,0.0191406983968498,0.001189706278631,7229.167142857143,0.0314050890979766,true,false
2020-01-06,atm35000222,Izmir,43065,1191,516,675,7525.46,0.0127347819826317,0.0417923547497982,7272.294285714286,0.0291435871176385,false,false
2020-01-07,atm35000222,Izmir,37635,1151,570,581,8050.0,0.0697020514360584,0.1274857208485416,7402.325714285714,0.0362012045859287,false,false
2020-01-01,atm35000223,Izmir,41460,1299,663,636,7225.58,0.0120171769998516,0.0088703653283626,7270.584285714285,0.0203415646379413,false,true
2020-01-02,atm35000223,Izmir,41475,1326,661,665,6953.17,-0.0377007797297932,-0.0544986027916969,7213.330000000001,0.0215160153679279,false,false
2020-01-03,atm35000223,Izmir,39575,1185,616,569,7339.97,0.0556293028935004,0.0176692505958382,7231.535714285715,0.0312668978846912,false,false
2020-01-04,atm35000223,Izmir,41435,1141,485,656,7291.27,-0.0066349045023345,-0.0034728866097738,7227.905714285715,0.0309862267394496,true,false
2020-01-05,atm35000223,Izmir,42715,1331,623,708,7430.83,0.0191406983968498,0.001189706278631,7229.167142857143,0.0314050890979766,true,false
2020-01-06,atm35000223,Izmir,41475,1167,531,636,7525.46,0.0127347819826317,0.0417923547497982,7272.294285714286,0.0291435871176385,false,false
2020-01-07,atm35000223,Izmir,37750,1209,600,609,8050.0,0.0697020514360584,0.1274857208485416,7402.325714285714,0.0362012045859287,false,false
2020-01-01,atm35000224,Izmir,42620,1251,629,622,7225.58,0.0120171769998516,0.0088703653283626,7270.584285714285,0.0203415646379413,false,true
2020-01-02,atm35000224,Izmir,41200,1245,640,605,6953.17,-0.0377007797297932,-0.0544986027916969,7213.330000000001,0.0215160153679279,false,false
2020-01-03,atm35000224,Izmir,36450,1028,463,565,7339.97,0.0556293028935004,0.0176692505958382,7231.535714285715,0.0312668978846912,false,false
2020-01-04,atm35000224,Izmir,41240,1295,655,640,7291.27,-0.0066349045023345,-0.0034728866097738,7227.905714285715,0.0309862267394496,true,false
2020-01-05,atm35000224,Izmir,43935,1237,555,682,7430.83,0.0191406983968498,0.001189706278631,7229.167142857143,0.0314050890979766,true,false
2020-01-06,atm35000224,Izmir,42465,1152,487,665,7525.46,0.0127347819826317,0.0417923547497982,7272.294285714286,0.0291435871176385,false,false
2020-01-07,atm35000224,Izmir,36785,1078,492,586,8050.0,0.0697020514360584,0.1274857208485416,7402.325714285714,0.0362012045859287,false,false
2020-01-01,atm35000225,Izmir,41675,1229,598,631,7225.58,0.0120171769998516,0.0088703653283626,7270.584285714285,0.0203415646379413,false,true
2020-01-02,atm35000225,Izmir,36940,1063,503,560,6953.17,-0.0377007797297932,-0.0544986027916969,7213.330000000001,0.0215160153679279,false,false
2020-01-03,atm35000225,Izmir,38380,1233,605,628,7339.97,0.0556293028935004,0.0176692505958382,7231.535714285715,0.0312668978846912,false,false
2020-01-04,atm35000225,Izmir,42850,1203,561,642,7291.27,-0.0066349045023345,-0.0034728866097738,7227.905714285715,0.0309862267394496,true,false
2020-01-05,atm35000225,Izmir,42515,1264,622,642,7430.83,0.0191406983968498,0.001189706278631,7229.167142857143,0.0314050890979766,true,false
2020-01-06,atm35000225,Izmir,42130,1242,586,656,7525.46,0.0127347819826317,0.0417923547497982,7272.294285714286,0.0291435871176385,false,false
2020-01-07,atm35000225,Izmir,43115,1256,638,618,8050.0,0.0697020514360584,0.1274857208485416,7402.325714285714,0.0362012045859287,false,false
2020-01-01,atm35000226,Izmir,43305,1257,580,677,7225.58,0.0120171769998516,0.0088703653283626,7270.584285714285,0.0203415646379413,false,true
2020-01-02,atm35000226,Izmir,38845,1211,642,569,6953.17,-0.0377007797297932,-0.0544986027916969,7213.330000000001,0.0215160153679279,false,false
2020-01-03,atm35000226,Izmir,42755,1182,543,639,7339.97,0.0556293028935004,0.0176692505958382,7231.535714285715,0.0312668978846912,false,false
2020-01-04,atm35000226,Izmir,41935,1243,564,679,7291.27,-0.0066349045023345,-0.0034728866097738,7227.905714285715,0.0309862267394496,true,false
2020-01-05,atm35000226,Izmir,46125,1234,533,701,7430.83,0.0191406983968498,0.001189706278631,7229.167142857143,0.0314050890979766,true,false
2020-01-06,atm35000226,Izmir,37390,1218,635,583,7525.46,0.0127347819826317,0.0417923547497982,7272.294285714286,0.0291435871176385,false,false
2020-01-07,atm35000226,Izmir,39840,1197,548,649,8050.0,0.0697020514360584,0.1274857208485416,7402.325714285714,0.0362012045859287,false,false
2020-01-01,atm35000227,Izmir,65910,2008,936,1072,7225.58,0.0120171769998516,0.0088703653283626,7270.584285714285,0.0203415646379413,false,true
2020-01-02,atm35000227,Izmir,69570,2054,967,1087,6953.17,-0.0377007797297932,-0.0544986027916969,7213.330000000001,0.0215160153679279,false,false
2020-01-03,atm35000227,Izmir,71240,2012,921,1091,7339.97,0.0556293028935004,0.0176692505958382,7231.535714285715,0.0312668978846912,false,false
2020-01-04,atm35000227,Izmir,69485,1987,923,1064,7291.27,-0.0066349045023345,-0.0034728866097738,7227.905714285715,0.0309862267394496,true,false
2020-01-05,atm35000227,Izmir,70985,2014,923,1091,7430.83,0.0191406983968498,0.001189706278631,7229.167142857143,0.0314050890979766,true,false
2020-01-06,atm35000227,Izmir,70090,1980,909,1071,7525.46,0.0127347819826317,0.0417923547497982,7272.294285714286,0.0291435871176385,false,false
2020-01-07,atm35000227,Izmir,65955,2014,975,1039,8050.0,0.0697020514360584,0.1274857208485416,7402.325714285714,0.0362012045859287,false,false
2020-01-01,atm35000228,Izmir,41660,1177,528,649,7225.58,0.0120171769998516,0.0088703653283626,7270.584285714285,0.0203415646379413,false,true
2020-01-02,atm35000228,Izmir,39765,1328,691,637,6953.17,-0.0377007797297932,-0.0544986027916969,7213.330000000001,0.0215160153679279,false,false
2020-01-03,atm35000228,Izmir,43835,1285,616,669,7339.97,0.0556293028935004,0.0176692505958382,7231.535714285715,0.0312668978846912,false,false
2020-01-04,atm35000228,Izmir,40345,1208,604,604,7291.27,-0.0066349045023345,-0.0034728866097738,7227.905714285715,0.0309862267394496,true,false
2020-01-05,atm35000228,Izmir,41445,1243,576,667,7430.83,0.0191406983968498,0.001189706278631,7229.167142857143,0.0314050890979766,true,false
2020-01-06,atm35000228,Izmir,36265,1195,594,601,7525.46,0.0127347819826317,0.0417923547497982,7272.294285714286,0.0291435871176385,false,false
2020-01-07,atm35000228,Izmir,50345,1263,549,714,8050.0,0.0697020514360584,0.1274857208485416,7402.325714285714,0.0362012045859287,false,false
2020-01-01,atm35000229,Izmir,41310,1250,655,595,7225.58,0.0120171769998516,0.0088703653283626,7270.584285714285,0.0203415646379413,false,true
2020-01-02,atm35000229,Izmir,37980,1119,532,587,6953.17,-0.0377007797297932,-0.0544986027916969,7213.330000000001,0.0215160153679279,false,false
2020-01-03,atm35000229,Izmir,44480,1219,537,682,7339.97,0.0556293028935004,0.0176692505958382,7231.535714285715,0.0312668978846912,false,false
2020-01-04,atm35000229,Izmir,50305,1283,577,706,7291.27,-0.0066349045023345,-0.0034728866097738,7227.905714285715,0.0309862267394496,true,false
2020-01-05,atm35000229,Izmir,43075,1222,552,670,7430.83,0.0191406983968498,0.001189706278631,7229.167142857143,0.0314050890979766,true,false
2020-01-06,atm35000229,Izmir,36050,1096,486,610,7525.46,0.0127347819826317,0.0417923547497982,7272.294285714286,0.0291435871176385,false,false
2020-01-07,atm35000229,Izmir,35495,1153,583,570,8050.0,0.0697020514360584,0.1274857208485416,7402.325714285714,0.0362012045859287,false,false
2020-01-01,atm3500023,Izmir,43455,1248,574,674,7225.58,0.0120171769998516,0.0088703653283626,7270.584285714285,0.0203415646379413,false,true
2020-01-02,atm3500023,Izmir,39875,1156,561,595,6953.17,-0.0377007797297932,-0.0544986027916969,7213.330000000001,0.0215160153679279,false,false
2020-01-03,atm3500023,Izmir,37685,1111,501,610,7339.97,0.0556293028935004,0.0176692505958382,7231.535714285715,0.0312668978846912,false,false
2020-01-04,atm3500023,Izmir,42265,1226,572,654,7291.27,-0.0066349045023345,-0.0034728866097738,7227.905714285715,0.0309862267394496,true,false
2020-01-05,atm3500023,Izmir,39065,1166,522,644,7430.83,0.0191406983968498,0.001189706278631,7229.167142857143,0.0314050890979766,true,false
2020-01-06,atm3500023,Izmir,38920,1195,552,643,7525.46,0.0127347819826317,0.0417923547497982,7272.294285714286,0.0291435871176385,false,false
2020-01-07,atm3500023,Izmir,44305,1231,553,678,8050.0,0.0697020514360584,0.1274857208485416,7402.325714285714,0.0362012045859287,false,false
2020-01-01,atm35000230,Izmir,41070,1255,651,604,7225.58,0.0120171769998516,0.0088703653283626,7270.584285714285,0.0203415646379413,false,true
2020-01-02,atm35000230,Izmir,40530,1248,577,671,6953.17,-0.0377007797297932,-0.0544986027916969,7213.330000000001,0.0215160153679279,false,false
2020-01-03,atm35000230,Izmir,38615,1076,442,634,7339.97,0.0556293028935004,0.0176692505958382,7231.535714285715,0.0312668978846912,false,false
2020-01-04,atm35000230,Izmir,41325,1069,416,653,7291.27,-0.0066349045023345,-0.0034728866097738,7227.905714285715,0.0309862267394496,true,false
2020-01-05,atm35000230,Izmir,44940,1208,535,673,7430.83,0.0191406983968498,0.001189706278631,7229.167142857143,0.0314050890979766,true,false
2020-01-06,atm35000230,Izmir,44505,1278,602,676,7525.46,0.0127347819826317,0.0417923547497982,7272.294285714286,0.0291435871176385,false,false
2020-01-07,atm35000230,Izmir,39995,1138,510,628,8050.0,0.0697020514360584,0.1274857208485416,7402.325714285714,0.0362012045859287,false,false
2020-01-01,atm35000231,Izmir,39715,1168,516,652,7225.58,0.0120171769998516,0.0088703653283626,7270.584285714285,0.0203415646379413,false,true
2020-01-02,atm35000231,Izmir,44750,1169,501,668,6953.17,-0.0377007797297932,-0.0544986027916969,7213.330000000001,0.0215160153679279,false,false
2020-01-03,atm35000231,Izmir,39710,1197,587,610,7339.97,0.0556293028935004,0.0176692505958382,7231.535714285715,0.0312668978846912,false,false
2020-01-04,atm35000231,Izmir,44365,1220,562,658,7291.27,-0.0066349045023345,-0.0034728866097738,7227.905714285715,0.0309862267394496,true,false
2020-01-05,atm35000231,Izmir,46815,1235,525,710,7430.83,0.0191406983968498,0.001189706278631,7229.167142857143,0.0314050890979766,true,false
2020-01-06,atm35000231,Izmir,41490,1180,529,651,7525.46,0.0127347819826317,0.0417923547497982,7272.294285714286,0.0291435871176385,false,false
2020-01-07,atm35000231,Izmir,39975,1171,539,632,8050.0,0.0697020514360584,0.1274857208485416,7402.325714285714,0.0362012045859287,false,false
2020-01-01,atm35000232,Izmir,42910,1153,477,676,7225.58,0.0120171769998516,0.0088703653283626,7270.584285714285,0.0203415646379413,false,true
2020-01-02,atm35000232,Izmir,40585,1217,592,625,6953.17,-0.0377007797297932,-0.0544986027916969,7213.330000000001,0.0215160153679279,false,false
2020-01-03,atm35000232,Izmir,39440,1104,500,604,7339.97,0.0556293028935004,0.0176692505958382,7231.535714285715,0.0312668978846912,false,false
2020-01-04,atm35000232,Izmir,36670,1164,535,629,7291.27,-0.0066349045023345,-0.0034728866097738,7227.905714285715,0.0309862267394496,true,false
2020-01-05,atm35000232,Izmir,42780,1078,437,641,7430.83,0.0191406983968498,0.001189706278631,7229.167142857143,0.0314050890979766,true,false
2020-01-06,atm35000232,Izmir,43735,1266,548,718,7525.46,0.0127347819826317,0.0417923547497982,7272.294285714286,0.0291435871176385,false,false
2020-01-07,atm35000232,Izmir,39275,1252,624,628,8050.0,0.0697020514360584,0.1274857208485416,7402.325714285714,0.0362012045859287,false,false
2020-01-01,atm35000233,Izmir,43760,1213,543,670,7225.58,0.0120171769998516,0.0088703653283626,7270.584285714285,0.0203415646379413,false,true
2020-01-02,atm35000233,Izmir,41025,1127,521,606,6953.17,-0.0377007797297932,-0.0544986027916969,7213.330000000001,0.0215160153679279,false,false
2020-01-03,atm35000233,Izmir,42880,1285,594,691,7339.97,0.0556293028935004,0.0176692505958382,7231.535714285715,0.0312668978846912,false,false
2020-01-04,atm35000233,Izmir,40700,1211,572,639,7291.27,-0.0066349045023345,-0.0034728866097738,7227.905714285715,0.0309862267394496,true,false
2020-01-05,atm35000233,Izmir,41955,1134,494,640,7430.83,0.0191406983968498,0.001189706278631,7229.167142857143,0.0314050890979766,true,false
2020-01-06,atm35000233,Izmir,34435,1167,579,588,7525.46,0.0127347819826317,0.0417923547497982,7272.294285714286,0.0291435871176385,false,false
2020-01-07,atm35000233,Izmir,38035,1112,513,599,8050.0,0.0697020514360584,0.1274857208485416,7402.325714285714,0.0362012045859287,false,false
2020-01-01,atm35000234,Izmir,42070,1229,573,656,7225.58,0.0120171769998516,0.0088703653283626,7270.584285714285,0.0203415646379413,false,true
2020-01-02,atm35000234,Izmir,44400,1207,542,665,6953.17,-0.0377007797297932,-0.0544986027916969,7213.330000000001,0.0215160153679279,false,false
2020-01-03,atm35000234,Izmir,38880,1175,560,615,7339.97,0.0556293028935004,0.0176692505958382,7231.535714285715,0.0312668978846912,false,false
2020-01-04,atm35000234,Izmir,36055,1183,593,590,7291.27,-0.0066349045023345,-0.0034728866097738,7227.905714285715,0.0309862267394496,true,false
2020-01-05,atm35000234,Izmir,33885,1042,482,560,7430.83,0.0191406983968498,0.001189706278631,7229.167142857143,0.0314050890979766,true,false
2020-01-06,atm35000234,Izmir,38535,1218,595,623,7525.46,0.0127347819826317,0.0417923547497982,7272.294285714286,0.0291435871176385,false,false
2020-01-07,atm35000234,Izmir,42850,1322,618,704,8050.0,0.0697020514360584,0.1274857208485416,7402.325714285714,0.0362012045859287,false,false
2020-01-01,atm35000235,Izmir,36845,1129,529,600,7225.58,0.0120171769998516,0.0088703653283626,7270.584285714285,0.0203415646379413,false,true
2020-01-02,atm35000235,Izmir,38865,1140,524,616,6953.17,-0.0377007797297932,-0.0544986027916969,7213.330000000001,0.0215160153679279,false,false
2020-01-03,atm35000235,Izmir,49620,1308,572,736,7339.97,0.0556293028935004,0.0176692505958382,7231.535714285715,0.0312668978846912,false,false
2020-01-04,atm35000235,Izmir,42980,1276,605,671,7291.27,-0.0066349045023345,-0.0034728866097738,7227.905714285715,0.0309862267394496,true,false
2020-01-05,atm35000235,Izmir,37335,1123,498,625,7430.83,0.0191406983968498,0.001189706278631,7229.167142857143,0.0314050890979766,true,false
2020-01-06,atm35000235,Izmir,41435,1223,581,642,7525.46,0.0127347819826317,0.0417923547497982,7272.294285714286,0.0291435871176385,false,false
2020-01-07,atm35000235,Izmir,38130,1165,563,602,8050.0,0.0697020514360584,0.1274857208485416,7402.325714285714,0.0362012045859287,false,false
2020-01-01,atm35000236,Izmir,44810,1327,672,655,7225.58,0.0120171769998516,0.0088703653283626,7270.584285714285,0.0203415646379413,false,true
2020-01-02,atm35000236,Izmir,37690,1287,720,567,6953.17,-0.0377007797297932,-0.0544986027916969,7213.330000000001,0.0215160153679279,false,false
2020-01-03,atm35000236,Izmir,45045,1154,494,660,7339.97,0.0556293028935004,0.0176692505958382,7231.535714285715,0.0312668978846912,false,false
2020-01-04,atm35000236,Izmir,41550,1136,529,607,7291.27,-0.0066349045023345,-0.0034728866097738,7227.905714285715,0.0309862267394496,true,false
2020-01-05,atm35000236,Izmir,40745,1282,612,670,7430.83,0.0191406983968498,0.001189706278631,7229.167142857143,0.0314050890979766,true,false
2020-01-06,atm35000236,Izmir,44670,1259,611,648,7525.46,0.0127347819826317,0.0417923547497982,7272.294285714286,0.0291435871176385,false,false
2020-01-07,atm35000236,Izmir,34925,1217,667,550,8050.0,0.0697020514360584,0.1274857208485416,7402.325714285714,0.0362012045859287,false,false
2020-01-01,atm35000237,Izmir,37685,1120,572,548,7225.58,0.0120171769998516,0.0088703653283626,7270.584285714285,0.0203415646379413,false,true
2020-01-02,atm35000237,Izmir,43130,1150,514,636,6953.17,-0.0377007797297932,-0.0544986027916969,7213.330000000001,0.0215160153679279,false,false
2020-01-03,atm35000237,Izmir,41315,1150,514,636,7339.97,0.0556293028935004,0.0176692505958382,7231.535714285715,0.0312668978846912,false,false
2020-01-04,atm35000237,Izmir,35620,1157,586,571,7291.27,-0.0066349045023345,-0.0034728866097738,7227.905714285715,0.0309862267394496,true,false
2020-01-05,atm35000237,Izmir,45270,1305,635,670,7430.83,0.0191406983968498,0.001189706278631,7229.167142857143,0.0314050890979766,true,false
2020-01-06,atm35000237,Izmir,40995,1177,548,629,7525.46,0.0127347819826317,0.0417923547497982,7272.294285714286,0.0291435871176385,false,false
2020-01-07,atm35000237,Izmir,40620,1290,632,658,8050.0,0.0697020514360584,0.1274857208485416,7402.325714285714,0.0362012045859287,false,false
2020-01-01,atm35000238,Izmir,37230,1093,485,608,7225.58,0.0120171769998516,0.0088703653283626,7270.584285714285,0.0203415646379413,false,true
2020-01-02,atm35000238,Izmir,43675,1289,647,642,6953.17,-0.0377007797297932,-0.0544986027916969,7213.330000000001,0.0215160153679279,false,false
2020-01-03,atm35000238,Izmir,38720,1092,483,609,7339.97,0.0556293028935004,0.0176692505958382,7231.535714285715,0.0312668978846912,false,false
2020-01-04,atm35000238,Izmir,42705,1197,541,656,7291.27,-0.0066349045023345,-0.0034728866097738,7227.905714285715,0.0309862267394496,true,false
2020-01-05,atm35000238,Izmir,38385,1160,518,642,7430.83,0.0191406983968498,0.001189706278631,7229.167142857143,0.0314050890979766,true,false
2020-01-06,atm35000238,Izmir,39990,1159,530,629,7525.46,0.0127347819826317,0.0417923547497982,7272.294285714286,0.0291435871176385,false,false
2020-01-07,atm35000238,Izmir,41100,1326,669,657,8050.0,0.0697020514360584,0.1274857208485416,7402.325714285714,0.0362012045859287,false,false
2020-01-01,atm35000239,Izmir,43895,1211,510,701,7225.58,0.0120171769998516,0.0088703653283626,7270.584285714285,0.0203415646379413,false,true
2020-01-02,atm35000239,Izmir,39260,1208,588,620,6953.17,-0.0377007797297932,-0.0544986027916969,7213.330000000001,0.0215160153679279,false,false
2020-01-03,atm35000239,Izmir,34205,1060,500,560,7339.97,0.0556293028935004,0.0176692505958382,7231.535714285715,0.0312668978846912,false,false
2020-01-04,atm35000239,Izmir,43365,1259,606,653,7291.27,-0.0066349045023345,-0.0034728866097738,7227.905714285715,0.0309862267394496,true,false
2020-01-05,atm35000239,Izmir,37755,1192,596,596,7430.83,0.0191406983968498,0.001189706278631,7229.167142857143,0.0314050890979766,true,false
2020-01-06,atm35000239,Izmir,35990,1164,545,619,7525.46,0.0127347819826317,0.0417923547497982,7272.294285714286,0.0291435871176385,false,false
2020-01-07,atm35000239,Izmir,37830,1261,653,608,8050.0,0.0697020514360584,0.1274857208485416,7402.325714285714,0.0362012045859287,false,false
2020-01-01,atm3500024,Izmir,41060,1177,516,661,7225.58,0.0120171769998516,0.0088703653283626,7270.584285714285,0.0203415646379413,false,true
2020-01-02,atm3500024,Izmir,44955,1167,503,664,6953.17,-0.0377007797297932,-0.0544986027916969,7213.330000000001,0.0215160153679279,false,false
2020-01-03,atm3500024,Izmir,43220,1321,666,655,7339.97,0.0556293028935004,0.0176692505958382,7231.535714285715,0.0312668978846912,false,false
2020-01-04,atm3500024,Izmir,41890,1151,519,632,7291.27,-0.0066349045023345,-0.0034728866097738,7227.905714285715,0.0309862267394496,true,false
2020-01-05,atm3500024,Izmir,40655,1198,553,645,7430.83,0.0191406983968498,0.001189706278631,7229.167142857143,0.0314050890979766,true,false
2020-01-06,atm3500024,Izmir,42890,1304,624,680,7525.46,0.0127347819826317,0.0417923547497982,7272.294285714286,0.0291435871176385,false,false
2020-01-07,atm3500024,Izmir,37315,1180,606,574,8050.0,0.0697020514360584,0.1274857208485416,7402.325714285714,0.0362012045859287,false,false
2020-01-01,atm35000240,Izmir,39075,1168,534,634,7225.58,0.0120171769998516,0.0088703653283626,7270.584285714285,0.0203415646379413,false,true
2020-01-02,atm35000240,Izmir,43325,1247,595,652,6953.17,-0.0377007797297932,-0.0544986027916969,7213.330000000001,0.0215160153679279,false,false
2020-01-03,atm35000240,Izmir,42045,1135,524,611,7339.97,0.0556293028935004,0.0176692505958382,7231.535714285715,0.0312668978846912,false,false
2020-01-04,atm35000240,Izmir,32410,1227,696,531,7291.27,-0.0066349045023345,-0.0034728866097738,7227.905714285715,0.0309862267394496,true,false
2020-01-05,atm35000240,Izmir,44150,1148,506,642,7430.83,0.0191406983968498,0.001189706278631,7229.167142857143,0.0314050890979766,true,false
2020-01-06,atm35000240,Izmir,44485,1208,496,712,7525.46,0.0127347819826317,0.0417923547497982,7272.294285714286,0.0291435871176385,false,false
2020-01-07,atm35000240,Izmir,44175,1191,542,649,8050.0,0.0697020514360584,0.1274857208485416,7402.325714285714,0.0362012045859287,false,false
2020-01-01,atm35000241,Izmir,42765,1040,405,635,7225.58,0.0120171769998516,0.0088703653283626,7270.584285714285,0.0203415646379413,false,true
2020-01-02,atm35000241,Izmir,44925,1293,607,686,6953.17,-0.0377007797297932,-0.0544986027916969,7213.330000000001,0.0215160153679279,false,false
2020-01-03,atm35000241,Izmir,37490,1060,479,581,7339.97,0.0556293028935004,0.0176692505958382,7231.535714285715,0.0312668978846912,false,false
2020-01-04,atm35000241,Izmir,38080,1170,525,645,7291.27,-0.0066349045023345,-0.0034728866097738,7227.905714285715,0.0309862267394496,true,false
2020-01-05,atm35000241,Izmir,40625,1153,529,624,7430.83,0.0191406983968498,0.001189706278631,7229.167142857143,0.0314050890979766,true,false
2020-01-06,atm35000241,Izmir,39930,1147,476,671,7525.46,0.0127347819826317,0.0417923547497982,7272.294285714286,0.0291435871176385,false,false
2020-01-07,atm35000241,Izmir,42725,1223,544,679,8050.0,0.0697020514360584,0.1274857208485416,7402.325714285714,0.0362012045859287,false,false
2020-01-01,atm35000242,Izmir,40320,1053,455,598,7225.58,0.0120171769998516,0.0088703653283626,7270.584285714285,0.0203415646379413,false,true
2020-01-02,atm35000242,Izmir,39030,1120,539,581,6953.17,-0.0377007797297932,-0.0544986027916969,7213.330000000001,0.0215160153679279,false,false
2020-01-03,atm35000242,Izmir,51250,1269,535,734,7339.97,0.0556293028935004,0.0176692505958382,7231.535714285715,0.0312668978846912,false,false
2020-01-04,atm35000242,Izmir,45955,1276,602,674,7291.27,-0.0066349045023345,-0.0034728866097738,7227.905714285715,0.0309862267394496,true,false
2020-01-05,atm35000242,Izmir,44705,1249,549,700,7430.83,0.0191406983968498,0.001189706278631,7229.167142857143,0.0314050890979766,true,false
2020-01-06,atm35000242,Izmir,39130,1155,555,600,7525.46,0.0127347819826317,0.0417923547497982,7272.294285714286,0.0291435871176385,false,false
2020-01-07,atm35000242,Izmir,42965,1217,568,649,8050.0,0.0697020514360584,0.1274857208485416,7402.325714285714,0.0362012045859287,false,false
2020-01-01,atm35000243,Izmir,45620,1191,529,662,7225.58,0.0120171769998516,0.0088703653283626,7270.584285714285,0.0203415646379413,false,true
2020-01-02,atm35000243,Izmir,47055,1328,630,698,6953.17,-0.0377007797297932,-0.0544986027916969,7213.330000000001,0.0215160153679279,false,false
2020-01-03,atm35000243,Izmir,42145,1125,518,607,7339.97,0.0556293028935004,0.0176692505958382,7231.535714285715,0.0312668978846912,false,false
2020-01-04,atm35000243,Izmir,40685,1178,520,658,7291.27,-0.0066349045023345,-0.0034728866097738,7227.905714285715,0.0309862267394496,true,false
2020-01-05,atm35000243,Izmir,36310,1172,595,577,7430.83,0.0191406983968498,0.001189706278631,7229.167142857143,0.0314050890979766,true,false
2020-01-06,atm35000243,Izmir,42575,1350,629,721,7525.46,0.0127347819826317,0.0417923547497982,7272.294285714286,0.0291435871176385,false,false
2020-01-07,atm35000243,Izmir,37070,1168,583,585,8050.0,0.0697020514360584,0.1274857208485416,7402.325714285714,0.0362012045859287,false,false
2020-01-01,atm35000244,Izmir,40640,1130,483,647,7225.58,0.0120171769998516,0.0088703653283626,7270.584285714285,0.0203415646379413,false,true
2020-01-02,atm35000244,Izmir,46150,1250,526,724,6953.17,-0.0377007797297932,-0.0544986027916969,7213.330000000001,0.0215160153679279,false,false
2020-01-03,atm35000244,Izmir,41140,1251,636,615,7339.97,0.0556293028935004,0.0176692505958382,7231.535714285715,0.0312668978846912,false,false
2020-01-04,atm35000244,Izmir,39380,1244,606,638,7291.27,-0.0066349045023345,-0.0034728866097738,7227.905714285715,0.0309862267394496,true,false
2020-01-05,atm35000244,Izmir,38150,1032,449,583,7430.83,0.0191406983968498,0.001189706278631,7229.167142857143,0.0314050890979766,true,false
2020-01-06,atm35000244,Izmir,37075,1171,581,590,7525.46,0.0127347819826317,0.0417923547497982,7272.294285714286,0.0291435871176385,false,false
2020-01-07,atm35000244,Izmir,40740,1164,532,632,8050.0,0.0697020514360584,0.1274857208485416,7402.325714285714,0.0362012045859287,false,false
2020-01-01,atm35000245,Izmir,35615,1114,515,599,7225.58,0.0120171769998516,0.0088703653283626,7270.584285714285,0.0203415646379413,false,true
2020-01-02,atm35000245,Izmir,31940,1069,522,547,6953.17,-0.0377007797297932,-0.0544986027916969,7213.330000000001,0.0215160153679279,false,false
2020-01-03,atm35000245,Izmir,41265,1124,483,641,7339.97,0.0556293028935004,0.0176692505958382,7231.535714285715,0.0312668978846912,false,false
2020-01-04,atm35000245,Izmir,45850,1267,595,672,7291.27,-0.0066349045023345,-0.0034728866097738,7227.905714285715,0.0309862267394496,true,false
2020-01-05,atm35000245,Izmir,41340,1193,553,640,7430.83,0.0191406983968498,0.001189706278631,7229.167142857143,0.0314050890979766,true,false
2020-01-06,atm35000245,Izmir,39190,1156,552,604,7525.46,0.0127347819826317,0.0417923547497982,7272.294285714286,0.0291435871176385,false,false
2020-01-07,atm35000245,Izmir,41625,1173,544,629,8050.0,0.0697020514360584,0.1274857208485416,7402.325714285714,0.0362012045859287,false,false
2020-01-01,atm35000246,Izmir,41465,1179,534,645,7225.58,0.0120171769998516,0.0088703653283626,7270.584285714285,0.0203415646379413,false,true
2020-01-02,atm35000246,Izmir,41835,1184,539,645,6953.17,-0.0377007797297932,-0.0544986027916969,7213.330000000001,0.0215160153679279,false,false
2020-01-03,atm35000246,Izmir,43985,1298,611,687,7339.97,0.0556293028935004,0.0176692505958382,7231.535714285715,0.0312668978846912,false,false
2020-01-04,atm35000246,Izmir,42360,1334,657,677,7291.27,-0.0066349045023345,-0.0034728866097738,7227.905714285715,0.0309862267394496,true,false
2020-01-05,atm35000246,Izmir,45345,1208,485,723,7430.83,0.0191406983968498,0.001189706278631,7229.167142857143,0.0314050890979766,true,false
2020-01-06,atm35000246,Izmir,40575,1306,640,666,7525.46,0.0127347819826317,0.0417923547497982,7272.294285714286,0.0291435871176385,false,false
2020-01-07,atm35000246,Izmir,37640,1141,506,635,8050.0,0.0697020514360584,0.1274857208485416,7402.325714285714,0.0362012045859287,false,false
2020-01-01,atm35000247,Izmir,40355,1117,526,591,7225.58,0.0120171769998516,0.0088703653283626,7270.584285714285,0.0203415646379413,false,true
2020-01-02,atm35000247,Izmir,42345,1183,554,629,6953.17,-0.0377007797297932,-0.0544986027916969,7213.330000000001,0.0215160153679279,false,false
2020-01-03,atm35000247,Izmir,49600,1352,628,724,7339.97,0.0556293028935004,0.0176692505958382,7231.535714285715,0.0312668978846912,false,false
2020-01-04,atm35000247,Izmir,38950,1244,618,626,7291.27,-0.0066349045023345,-0.0034728866097738,7227.905714285715,0.0309862267394496,true,false
2020-01-05,atm35000247,Izmir,39240,1156,545,611,7430.83,0.0191406983968498,0.001189706278631,7229.167142857143,0.0314050890979766,true,false
2020-01-06,atm35000247,Izmir,38695,1097,488,609,7525.46,0.0127347819826317,0.0417923547497982,7272.294285714286,0.0291435871176385,false,false
2020-01-07,atm35000247,Izmir,37245,1200,582,618,8050.0,0.0697020514360584,0.1274857208485416,7402.325714285714,0.0362012045859287,false,false
2020-01-01,atm35000248,Izmir,43300,1095,453,642,7225.58,0.0120171769998516,0.0088703653283626,7270.584285714285,0.0203415646379413,false,true
2020-01-02,atm35000248,Izmir,42770,1215,535,680,6953.17,-0.0377007797297932,-0.0544986027916969,7213.330000000001,0.0215160153679279,false,false
2020-01-03,atm35000248,Izmir,42645,1146,515,631,7339.97,0.0556293028935004,0.0176692505958382,7231.535714285715,0.0312668978846912,false,false
2020-01-04,atm35000248,Izmir,44795,1205,546,659,7291.27,-0.0066349045023345,-0.0034728866097738,7227.905714285715,0.0309862267394496,true,false
2020-01-05,atm35000248,Izmir,42095,1218,570,648,7430.83,0.0191406983968498,0.001189706278631,7229.167142857143,0.0314050890979766,true,false
2020-01-06,atm35000248,Izmir,35470,1136,554,582,7525.46,0.0127347819826317,0.0417923547497982,7272.294285714286,0.0291435871176385,false,false
2020-01-07,atm35000248,Izmir,44275,1242,564,678,8050.0,0.0697020514360584,0.1274857208485416,7402.325714285714,0.0362012045859287,false,false
2020-01-01,atm35000249,Izmir,41300,1270,628,642,7225.58,0.0120171769998516,0.0088703653283626,7270.584285714285,0.0203415646379413,false,true
2020-01-02,atm35000249,Izmir,42225,1241,622,619,6953.17,-0.0377007797297932,-0.0544986027916969,7213.330000000001,0.0215160153679279,false,false
2020-01-03,atm35000249,Izmir,38715,1255,629,626,7339.97,0.0556293028935004,0.0176692505958382,7231.535714285715,0.0312668978846912,false,false
2020-01-04,atm35000249,Izmir,38345,1150,530,620,7291.27,-0.0066349045023345,-0.0034728866097738,7227.905714285715,0.0309862267394496,true,false
2020-01-05,atm35000249,Izmir,45715,1283,596,687,7430.83,0.0191406983968498,0.001189706278631,7229.167142857143,0.0314050890979766,true,false
2020-01-06,atm35000249,Izmir,37460,1104,476,628,7525.46,0.0127347819826317,0.0417923547497982,7272.294285714286,0.0291435871176385,false,false
2020-01-07,atm35000249,Izmir,44485,1172,513,659,8050.0,0.0697020514360584,0.1274857208485416,7402.325714285714,0.0362012045859287,false,false
2020-01-01,atm3500025,Izmir,39560,1184,552,632,7225.58,0.0120171769998516,0.0088703653283626,7270.584285714285,0.0203415646379413,false,true
2020-01-02,atm3500025,Izmir,41160,1324,666,658,6953.17,-0.0377007797297932,-0.0544986027916969,7213.330000000001,0.0215160153679279,false,false
2020-01-03,atm3500025,Izmir,36600,1201,594,607,7339.97,0.0556293028935004,0.0176692505958382,7231.535714285715,0.0312668978846912,false,false
2020-01-04,atm3500025,Izmir,46230,1392,691,701,7291.27,-0.0066349045023345,-0.0034728866097738,7227.905714285715,0.0309862267394496,true,false
2020-01-05,atm3500025,Izmir,45535,1319,653,666,7430.83,0.0191406983968498,0.001189706278631,7229.167142857143,0.0314050890979766,true,false
2020-01-06,atm3500025,Izmir,38260,1211,590,621,7525.46,0.0127347819826317,0.0417923547497982,7272.294285714286,0.0291435871176385,false,false
2020-01-07,atm3500025,Izmir,42045,1287,573,714,8050.0,0.0697020514360584,0.1274857208485416,7402.325714285714,0.0362012045859287,false,false
2020-01-01,atm35000250,Izmir,36320,1214,626,588,7225.58,0.0120171769998516,0.0088703653283626,7270.584285714285,0.0203415646379413,false,true
2020-01-02,atm35000250,Izmir,41340,1226,521,705,6953.17,-0.0377007797297932,-0.0544986027916969,7213.330000000001,0.0215160153679279,false,false
2020-01-03,atm35000250,Izmir,47805,1328,588,740,7339.97,0.0556293028935004,0.0176692505958382,7231.535714285715,0.0312668978846912,false,false
2020-01-04,atm35000250,Izmir,47330,1328,619,709,7291.27,-0.0066349045023345,-0.0034728866097738,7227.905714285715,0.0309862267394496,true,false
2020-01-05,atm35000250,Izmir,39225,1097,501,596,7430.83,0.0191406983968498,0.001189706278631,7229.167142857143,0.0314050890979766,true,false
2020-01-06,atm35000250,Izmir,43340,1263,590,673,7525.46,0.0127347819826317,0.0417923547497982,7272.294285714286,0.0291435871176385,false,false
2020-01-07,atm35000250,Izmir,39250,1164,552,612,8050.0,0.0697020514360584,0.1274857208485416,7402.325714285714,0.0362012045859287,false,false
2020-01-01,atm35000251,Izmir,38375,1088,513,575,7225.58,0.0120171769998516,0.0088703653283626,7270.584285714285,0.0203415646379413,false,true
2020-01-02,atm35000251,Izmir,34000,1119,596,523,6953.17,-0.0377007797297932,-0.0544986027916969,7213.330000000001,0.0215160153679279,false,false
2020-01-03,atm35000251,Izmir,40865,1149,506,643,7339.97,0.0556293028935004,0.0176692505958382,7231.535714285715,0.0312668978846912,false,false
2020-01-04,atm35000251,Izmir,41375,1206,536,670,7291.27,-0.0066349045023345,-0.0034728866097738,7227.905714285715,0.0309862267394496,true,false
2020-01-05,atm35000251,Izmir,41175,1316,677,639,7430.83,0.0191406983968498,0.001189706278631,7229.167142857143,0.0314050890979766,true,false
2020-01-06,atm35000251,Izmir,40350,1178,561,617,7525.46,0.0127347819826317,0.0417923547497982,7272.294285714286,0.0291435871176385,false,false
2020-01-07,atm35000251,Izmir,41620,1181,525,656,8050.0,0.0697020514360584,0.1274857208485416,7402.325714285714,0.0362012045859287,false,false
2020-01-01,atm35000252,Izmir,38140,1231,614,617,7225.58,0.0120171769998516,0.0088703653283626,7270.584285714285,0.0203415646379413,false,true
2020-01-02,atm35000252,Izmir,45185,1232,505,727,6953.17,-0.0377007797297932,-0.0544986027916969,7213.330000000001,0.0215160153679279,false,false
2020-01-03,atm35000252,Izmir,39720,1072,461,611,7339.97,0.0556293028935004,0.0176692505958382,7231.535714285715,0.0312668978846912,false,false
2020-01-04,atm35000252,Izmir,36525,1123,543,580,7291.27,-0.0066349045023345,-0.0034728866097738,7227.905714285715,0.0309862267394496,true,false
2020-01-05,atm35000252,Izmir,37630,1108,526,582,7430.83,0.0191406983968498,0.001189706278631,7229.167142857143,0.0314050890979766,true,false
2020-01-06,atm35000252,Izmir,41180,1135,473,662,7525.46,0.0127347819826317,0.0417923547497982,7272.294285714286,0.0291435871176385,false,false
2020-01-07,atm35000252,Izmir,46055,1308,598,710,8050.0,0.0697020514360584,0.1274857208485416,7402.325714285714,0.0362012045859287,false,false
2020-01-01,atm35000253,Izmir,41740,1298,654,644,7225.58,0.0120171769998516,0.0088703653283626,7270.584285714285,0.0203415646379413,false,true
2020-01-02,atm35000253,Izmir,39470,1333,682,651,6953.17,-0.0377007797297932,-0.0544986027916969,7213.330000000001,0.0215160153679279,false,false
2020-01-03,atm35000253,Izmir,43055,1285,614,671,7339.97,0.0556293028935004,0.0176692505958382,7231.535714285715,0.0312668978846912,false,false
2020-01-04,atm35000253,Izmir,40405,1217,571,646,7291.27,-0.0066349045023345,-0.0034728866097738,7227.905714285715,0.0309862267394496,true,false
2020-01-05,atm35000253,Izmir,38660,1150,552,598,7430.83,0.0191406983968498,0.001189706278631,7229.167142857143,0.0314050890979766,true,false
2020-01-06,atm35000253,Izmir,46540,1261,564,697,7525.46,0.0127347819826317,0.0417923547497982,7272.294285714286,0.0291435871176385,false,false
2020-01-07,atm35000253,Izmir,43170,1267,560,707,8050.0,0.0697020514360584,0.1274857208485416,7402.325714285714,0.0362012045859287,false,false
2020-01-01,atm35000254,Izmir,35180,1128,512,616,7225.58,0.0120171769998516,0.0088703653283626,7270.584285714285,0.0203415646379413,false,true
2020-01-02,atm35000254,Izmir,44670,1276,611,665,6953.17,-0.0377007797297932,-0.0544986027916969,7213.330000000001,0.0215160153679279,false,false
2020-01-03,atm35000254,Izmir,38685,1162,581,581,7339.97,0.0556293028935004,0.0176692505958382,7231.535714285715,0.0312668978846912,false,false
2020-01-04,atm35000254,Izmir,49305,1217,503,714,7291.27,-0.0066349045023345,-0.0034728866097738,7227.905714285715,0.0309862267394496,true,false
2020-01-05,atm35000254,Izmir,39040,1224,620,604,7430.83,0.0191406983968498,0.001189706278631,7229.167142857143,0.0314050890979766,true,false
2020-01-06,atm35000254,Izmir,40670,1226,600,626,7525.46,0.0127347819826317,0.0417923547497982,7272.294285714286,0.0291435871176385,false,false
2020-01-07,atm35000254,Izmir,33970,1156,558,598,8050.0,0.0697020514360584,0.1274857208485416,7402.325714285714,0.0362012045859287,false,false
2020-01-01,atm35000255,Izmir,45300,1186,510,676,7225.58,0.0120171769998516,0.0088703653283626,7270.584285714285,0.0203415646379413,false,true
2020-01-02,atm35000255,Izmir,40245,1337,679,658,6953.17,-0.0377007797297932,-0.0544986027916969,7213.330000000001,0.0215160153679279,false,false
2020-01-03,atm35000255,Izmir,39990,1210,574,636,7339.97,0.0556293028935004,0.0176692505958382,7231.535714285715,0.0312668978846912,false,false
2020-01-04,atm35000255,Izmir,44835,1290,635,655,7291.27,-0.0066349045023345,-0.0034728866097738,7227.905714285715,0.0309862267394496,true,false
2020-01-05,atm35000255,Izmir,42280,1223,544,679,7430.83,0.0191406983968498,0.001189706278631,7229.167142857143,0.0314050890979766,true,false
2020-01-06,atm35000255,Izmir,40600,1165,529,636,7525.46,0.0127347819826317,0.0417923547497982,7272.294285714286,0.0291435871176385,false,false
2020-01-07,atm35000255,Izmir,43790,1178,544,634,8050.0,0.0697020514360584,0.1274857208485416,7402.325714285714,0.0362012045859287,false,false
2020-01-01,atm35000256,Izmir,41410,1169,543,626,7225.58,0.0120171769998516,0.0088703653283626,7270.584285714285,0.0203415646379413,false,true
2020-01-02,atm35000256,Izmir,39670,1130,523,607,6953.17,-0.0377007797297932,-0.0544986027916969,7213.330000000001,0.0215160153679279,false,false
2020-01-03,atm35000256,Izmir,39270,1288,665,623,7339.97,0.0556293028935004,0.0176692505958382,7231.535714285715,0.0312668978846912,false,false
2020-01-04,atm35000256,Izmir,39030,1270,645,625,7291.27,-0.0066349045023345,-0.0034728866097738,7227.905714285715,0.0309862267394496,true,false
2020-01-05,atm35000256,Izmir,41990,1227,590,637,7430.83,0.0191406983968498,0.001189706278631,7229.167142857143,0.0314050890979766,true,false
2020-01-06,atm35000256,Izmir,40075,1134,481,653,7525.46,0.0127347819826317,0.0417923547497982,7272.294285714286,0.0291435871176385,false,false
2020-01-07,atm35000256,Izmir,39930,1120,469,651,8050.0,0.0697020514360584,0.1274857208485416,7402.325714285714,0.0362012045859287,false,false
2020-01-01,atm35000257,Izmir,42295,1311,609,702,7225.58,0.0120171769998516,0.0088703653283626,7270.584285714285,0.0203415646379413,false,true
2020-01-02,atm35000257,Izmir,43015,1280,630,650,6953.17,-0.0377007797297932,-0.0544986027916969,7213.330000000001,0.0215160153679279,false,false
2020-01-03,atm35000257,Izmir,40640,1100,481,619,7339.97,0.0556293028935004,0.0176692505958382,7231.535714285715,0.0312668978846912,false,false
2020-01-04,atm35000257,Izmir,45455,1289,554,735,7291.27,-0.0066349045023345,-0.0034728866097738,7227.905714285715,0.0309862267394496,true,false
2020-01-05,atm35000257,Izmir,45835,1214,540,674,7430.83,0.0191406983968498,0.001189706278631,7229.167142857143,0.0314050890979766,true,false
2020-01-06,atm35000257,Izmir,43170,1161,518,643,7525.46,0.0127347819826317,0.0417923547497982,7272.294285714286,0.0291435871176385,false,false
2020-01-07,atm35000257,Izmir,42920,1271,603,668,8050.0,0.0697020514360584,0.1274857208485416,7402.325714285714,0.0362012045859287,false,false
2020-01-01,atm35000258,Izmir,40625,1182,554,628,7225.58,0.0120171769998516,0.0088703653283626,7270.584285714285,0.0203415646379413,false,true
2020-01-02,atm35000258,Izmir,41410,1184,554,630,6953.17,-0.0377007797297932,-0.0544986027916969,7213.330000000001,0.0215160153679279,false,false
2020-01-03,atm35000258,Izmir,43730,1257,589,668,7339.97,0.0556293028935004,0.0176692505958382,7231.535714285715,0.0312668978846912,false,false
2020-01-04,atm35000258,Izmir,42165,1230,544,686,7291.27,-0.0066349045023345,-0.0034728866097738,7227.905714285715,0.0309862267394496,true,false
2020-01-05,atm35000258,Izmir,40795,1096,489,607,7430.83,0.0191406983968498,0.001189706278631,7229.167142857143,0.0314050890979766,true,false
2020-01-06,atm35000258,Izmir,42095,1338,658,680,7525.46,0.0127347819826317,0.0417923547497982,7272.294285714286,0.0291435871176385,false,false
2020-01-07,atm35000258,Izmir,44060,1194,552,642,8050.0,0.0697020514360584,0.1274857208485416,7402.325714285714,0.0362012045859287,false,false
2020-01-01,atm35000259,Izmir,36040,1237,672,565,7225.58,0.0120171769998516,0.0088703653283626,7270.584285714285,0.0203415646379413,false,true
2020-01-02,atm35000259,Izmir,40100,1235,573,662,6953.17,-0.0377007797297932,-0.0544986027916969,7213.330000000001,0.0215160153679279,false,false
2020-01-03,atm35000259,Izmir,38340,1263,637,626,7339.97,0.0556293028935004,0.0176692505958382,7231.535714285715,0.0312668978846912,false,false
2020-01-04,atm35000259,Izmir,37830,1172,550,622,7291.27,-0.0066349045023345,-0.0034728866097738,7227.905714285715,0.0309862267394496,true,false
2020-01-05,atm35000259,Izmir,37325,1124,564,560,7430.83,0.0191406983968498,0.001189706278631,7229.167142857143,0.0314050890979766,true,false
2020-01-06,atm35000259,Izmir,41350,1185,543,642,7525.46,0.0127347819826317,0.0417923547497982,7272.294285714286,0.0291435871176385,false,false
2020-01-07,atm35000259,Izmir,39610,1286,649,637,8050.0,0.0697020514360584,0.1274857208485416,7402.325714285714,0.0362012045859287,false,false
2020-01-01,atm3500026,Izmir,38715,1138,518,620,7225.58,0.0120171769998516,0.0088703653283626,7270.584285714285,0.0203415646379413,false,true
2020-01-02,atm3500026,Izmir,40050,1125,479,646,6953.17,-0.0377007797297932,-0.0544986027916969,7213.330000000001,0.0215160153679279,false,false
2020-01-03,atm3500026,Izmir,39365,1201,579,622,7339.97,0.0556293028935004,0.0176692505958382,7231.535714285715,0.0312668978846912,false,false
2020-01-04,atm3500026,Izmir,41405,1299,665,634,7291.27,-0.0066349045023345,-0.0034728866097738,7227.905714285715,0.0309862267394496,true,false
2020-01-05,atm3500026,Izmir,46965,1259,576,683,7430.83,0.0191406983968498,0.001189706278631,7229.167142857143,0.0314050890979766,true,false
2020-01-06,atm3500026,Izmir,45390,1234,522,712,7525.46,0.0127347819826317,0.0417923547497982,7272.294285714286,0.0291435871176385,false,false
2020-01-07,atm3500026,Izmir,44015,1227,552,675,8050.0,0.0697020514360584,0.1274857208485416,7402.325714285714,0.0362012045859287,false,false
2020-01-01,atm35000260,Izmir,44525,1202,524,678,7225.58,0.0120171769998516,0.0088703653283626,7270.584285714285,0.0203415646379413,false,true
2020-01-02,atm35000260,Izmir,43095,1095,452,643,6953.17,-0.0377007797297932,-0.0544986027916969,7213.330000000001,0.0215160153679279,false,false
2020-01-03,atm35000260,Izmir,37620,1128,506,622,7339.97,0.0556293028935004,0.0176692505958382,7231.535714285715,0.0312668978846912,false,false
2020-01-04,atm35000260,Izmir,44160,1233,570,663,7291.27,-0.0066349045023345,-0.0034728866097738,7227.905714285715,0.0309862267394496,true,false
2020-01-05,atm35000260,Izmir,38490,1183,571,612,7430.83,0.0191406983968498,0.001189706278631,7229.167142857143,0.0314050890979766,true,false
2020-01-06,atm35000260,Izmir,39750,1183,599,584,7525.46,0.0127347819826317,0.0417923547497982,7272.294285714286,0.0291435871176385,false,false
2020-01-07,atm35000260,Izmir,35875,1098,537,561,8050.0,0.0697020514360584,0.1274857208485416,7402.325714285714,0.0362012045859287,false,false
2020-01-01,atm35000261,Izmir,41200,1177,541,636,7225.58,0.0120171769998516,0.0088703653283626,7270.584285714285,0.0203415646379413,false,true
2020-01-02,atm35000261,Izmir,37590,1238,668,570,6953.17,-0.0377007797297932,-0.0544986027916969,7213.330000000001,0.0215160153679279,false,false
2020-01-03,atm35000261,Izmir,42965,1165,525,640,7339.97,0.0556293028935004,0.0176692505958382,7231.535714285715,0.0312668978846912,false,false
2020-01-04,atm35000261,Izmir,39225,1137,529,608,7291.27,-0.0066349045023345,-0.0034728866097738,7227.905714285715,0.0309862267394496,true,false
2020-01-05,atm35000261,Izmir,46545,1247,566,681,7430.83,0.0191406983968498,0.001189706278631,7229.167142857143,0.0314050890979766,true,false
2020-01-06,atm35000261,Izmir,37185,1216,633,583,7525.46,0.0127347819826317,0.0417923547497982,7272.294285714286,0.0291435871176385,false,false
2020-01-07,atm35000261,Izmir,43320,1154,467,687,8050.0,0.0697020514360584,0.1274857208485416,7402.325714285714,0.0362012045859287,false,false
2020-01-01,atm35000262,Izmir,36240,1066,485,581,7225.58,0.0120171769998516,0.0088703653283626,7270.584285714285,0.0203415646379413,false,true
2020-01-02,atm35000262,Izmir,40405,1222,557,665,6953.17,-0.0377007797297932,-0.0544986027916969,7213.330000000001,0.0215160153679279,false,false
2020-01-03,atm35000262,Izmir,39740,1200,555,645,7339.97,0.0556293028935004,0.0176692505958382,7231.535714285715,0.0312668978846912,false,false
2020-01-04,atm35000262,Izmir,44065,1176,472,704,7291.27,-0.0066349045023345,-0.0034728866097738,7227.905714285715,0.0309862267394496,true,false
2020-01-05,atm35000262,Izmir,41095,1161,546,615,7430.83,0.0191406983968498,0.001189706278631,7229.167142857143,0.0314050890979766,true,false
2020-01-06,atm35000262,Izmir,46280,1289,614,675,7525.46,0.0127347819826317,0.0417923547497982,7272.294285714286,0.0291435871176385,false,false
2020-01-07,atm35000262,Izmir,40885,1191,546,645,8050.0,0.0697020514360584,0.1274857208485416,7402.325714285714,0.0362012045859287,false,false
2020-01-01,atm35000263,Izmir,40080,1150,541,609,7225.58,0.0120171769998516,0.0088703653283626,7270.584285714285,0.0203415646379413,false,true
2020-01-02,atm35000263,Izmir,37840,1227,601,626,6953.17,-0.0377007797297932,-0.0544986027916969,7213.330000000001,0.0215160153679279,false,false
2020-01-03,atm35000263,Izmir,35555,1128,592,536,7339.97,0.0556293028935004,0.0176692505958382,7231.535714285715,0.0312668978846912,false,false
2020-01-04,atm35000263,Izmir,43105,1202,547,655,7291.27,-0.0066349045023345,-0.0034728866097738,7227.905714285715,0.0309862267394496,true,false
2020-01-05,atm35000263,Izmir,43720,1237,553,684,7430.83,0.0191406983968498,0.001189706278631,7229.167142857143,0.0314050890979766,true,false
2020-01-06,atm35000263,Izmir,39935,1138,492,646,7525.46,0.0127347819826317,0.0417923547497982,7272.294285714286,0.0291435871176385,false,false
2020-01-07,atm35000263,Izmir,37835,1127,501,626,8050.0,0.0697020514360584,0.1274857208485416,7402.325714285714,0.0362012045859287,false,false
2020-01-01,atm35000264,Izmir,44160,1253,544,709,7225.58,0.0120171769998516,0.0088703653283626,7270.584285714285,0.0203415646379413,false,true
2020-01-02,atm35000264,Izmir,43305,1169,491,678,6953.17,-0.0377007797297932,-0.0544986027916969,7213.330000000001,0.0215160153679279,false,false
2020-01-03,atm35000264,Izmir,37725,1069,482,587,7339.97,0.0556293028935004,0.0176692505958382,7231.535714285715,0.0312668978846912,false,false
2020-01-04,atm35000264,Izmir,38855,1045,448,597,7291.27,-0.0066349045023345,-0.0034728866097738,7227.905714285715,0.0309862267394496,true,false
2020-01-05,atm35000264,Izmir,43195,1081,421,660,7430.83,0.0191406983968498,0.001189706278631,7229.167142857143,0.0314050890979766,true,false
2020-01-06,atm35000264,Izmir,49470,1293,549,744,7525.46,0.0127347819826317,0.0417923547497982,7272.294285714286,0.0291435871176385,false,false
2020-01-07,atm35000264,Izmir,41665,1241,627,614,8050.0,0.0697020514360584,0.1274857208485416,7402.325714285714,0.0362012045859287,false,false
2020-01-01,atm35000265,Izmir,36935,1161,574,587,7225.58,0.0120171769998516,0.0088703653283626,7270.584285714285,0.0203415646379413,false,true
2020-01-02,atm35000265,Izmir,45545,1231,527,704,6953.17,-0.0377007797297932,-0.0544986027916969,7213.330000000001,0.0215160153679279,false,false
2020-01-03,atm35000265,Izmir,39785,1253,614,639,7339.97,0.0556293028935004,0.0176692505958382,7231.535714285715,0.0312668978846912,false,false
2020-01-04,atm35000265,Izmir,45165,1256,544,712,7291.27,-0.0066349045023345,-0.0034728866097738,7227.905714285715,0.0309862267394496,true,false
2020-01-05,atm35000265,Izmir,38210,1136,538,598,7430.83,0.0191406983968498,0.001189706278631,7229.167142857143,0.0314050890979766,true,false
2020-01-06,atm35000265,Izmir,46455,1323,588,735,7525.46,0.0127347819826317,0.0417923547497982,7272.294285714286,0.0291435871176385,false,false
2020-01-07,atm35000265,Izmir,43465,1135,491,644,8050.0,0.0697020514360584,0.1274857208485416,7402.325714285714,0.0362012045859287,false,false
2020-01-01,atm35000266,Izmir,39120,979,401,578,7225.58,0.0120171769998516,0.0088703653283626,7270.584285714285,0.0203415646379413,false,true
2020-01-02,atm35000266,Izmir,44110,1244,566,678,6953.17,-0.0377007797297932,-0.0544986027916969,7213.330000000001,0.0215160153679279,false,false
2020-01-03,atm35000266,Izmir,46045,1237,508,729,7339.97,0.0556293028935004,0.0176692505958382,7231.535714285715,0.0312668978846912,false,false
2020-01-04,atm35000266,Izmir,43110,1268,603,665,7291.27,-0.0066349045023345,-0.0034728866097738,7227.905714285715,0.0309862267394496,true,false
2020-01-05,atm35000266,Izmir,37675,1219,597,622,7430.83,0.0191406983968498,0.001189706278631,7229.167142857143,0.0314050890979766,true,false
2020-01-06,atm35000266,Izmir,40810,1250,641,609,7525.46,0.0127347819826317,0.0417923547497982,7272.294285714286,0.0291435871176385,false,false
2020-01-07,atm35000266,Izmir,40090,1217,610,607,8050.0,0.0697020514360584,0.1274857208485416,7402.325714285714,0.0362012045859287,false,false
2020-01-01,atm35000267,Izmir,37290,1006,419,587,7225.58,0.0120171769998516,0.0088703653283626,7270.584285714285,0.0203415646379413,false,true
2020-01-02,atm35000267,Izmir,37900,1167,551,616,6953.17,-0.0377007797297932,-0.0544986027916969,7213.330000000001,0.0215160153679279,false,false
2020-01-03,atm35000267,Izmir,41895,1148,545,603,7339.97,0.0556293028935004,0.0176692505958382,7231.535714285715,0.0312668978846912,false,false
2020-01-04,atm35000267,Izmir,38540,1266,662,604,7291.27,-0.0066349045023345,-0.0034728866097738,7227.905714285715,0.0309862267394496,true,false
2020-01-05,atm35000267,Izmir,43375,1177,494,683,7430.83,0.0191406983968498,0.001189706278631,7229.167142857143,0.0314050890979766,true,false
2020-01-06,atm35000267,Izmir,40570,1214,550,664,7525.46,0.0127347819826317,0.0417923547497982,7272.294285714286,0.0291435871176385,false,false
2020-01-07,atm35000267,Izmir,36780,1121,532,589,8050.0,0.0697020514360584,0.1274857208485416,7402.325714285714,0.0362012045859287,false,false
2020-01-01,atm35000268,Izmir,43565,1234,575,659,7225.58,0.0120171769998516,0.0088703653283626,7270.584285714285,0.0203415646379413,false,true
2020-01-02,atm35000268,Izmir,38470,1210,596,614,6953.17,-0.0377007797297932,-0.0544986027916969,7213.330000000001,0.0215160153679279,false,false
2020-01-03,atm35000268,Izmir,45655,1249,561,688,7339.97,0.0556293028935004,0.0176692505958382,7231.535714285715,0.0312668978846912,false,false
2020-01-04,atm35000268,Izmir,41800,1244,600,644,7291.27,-0.0066349045023345,-0.0034728866097738,7227.905714285715,0.0309862267394496,true,false
2020-01-05,atm35000268,Izmir,46875,1194,493,701,7430.83,0.0191406983968498,0.001189706278631,7229.167142857143,0.0314050890979766,true,false
2020-01-06,atm35000268,Izmir,42680,1186,486,700,7525.46,0.0127347819826317,0.0417923547497982,7272.294285714286,0.0291435871176385,false,false
2020-01-07,atm35000268,Izmir,45320,1255,571,684,8050.0,0.0697020514360584,0.1274857208485416,7402.325714285714,0.0362012045859287,false,false
2020-01-01,atm35000269,Izmir,39690,1139,529,610,7225.58,0.0120171769998516,0.0088703653283626,7270.584285714285,0.0203415646379413,false,true
2020-01-02,atm35000269,Izmir,42520,1122,436,686,6953.17,-0.0377007797297932,-0.0544986027916969,7213.330000000001,0.0215160153679279,false,false
2020-01-03,atm35000269,Izmir,40105,1178,570,608,7339.97,0.0556293028935004,0.0176692505958382,7231.535714285715,0.0312668978846912,false,false
2020-01-04,atm35000269,Izmir,40335,1164,515,649,7291.27,-0.0066349045023345,-0.0034728866097738,7227.905714285715,0.0309862267394496,true,false
2020-01-05,atm35000269,Izmir,39500,1185,568,617,7430.83,0.0191406983968498,0.001189706278631,7229.167142857143,0.0314050890979766,true,false
2020-01-06,atm35000269,Izmir,36580,1121,544,577,7525.46,0.0127347819826317,0.0417923547497982,7272.294285714286,0.0291435871176385,false,false
2020-01-07,atm35000269,Izmir,37080,1224,608,616,8050.0,0.0697020514360584,0.1274857208485416,7402.325714285714,0.0362012045859287,false,false
2020-01-01,atm3500027,Izmir,43950,1148,495,653,7225.58,0.0120171769998516,0.0088703653283626,7270.584285714285,0.0203415646379413,false,true
2020-01-02,atm3500027,Izmir,37370,1229,646,583,6953.17,-0.0377007797297932,-0.0544986027916969,7213.330000000001,0.0215160153679279,false,false
2020-01-03,atm3500027,Izmir,40740,1088,462,626,7339.97,0.0556293028935004,0.0176692505958382,7231.535714285715,0.0312668978846912,false,false
2020-01-04,atm3500027,Izmir,37555,1286,687,599,7291.27,-0.0066349045023345,-0.0034728866097738,7227.905714285715,0.0309862267394496,true,false
2020-01-05,atm3500027,Izmir,45260,1285,637,648,7430.83,0.0191406983968498,0.001189706278631,7229.167142857143,0.0314050890979766,true,false
2020-01-06,atm3500027,Izmir,38690,1303,653,650,7525.46,0.0127347819826317,0.0417923547497982,7272.294285714286,0.0291435871176385,false,false
2020-01-07,atm3500027,Izmir,45460,1302,622,680,8050.0,0.0697020514360584,0.1274857208485416,7402.325714285714,0.0362012045859287,false,false
2020-01-01,atm35000270,Izmir,37460,1158,540,618,7225.58,0.0120171769998516,0.0088703653283626,7270.584285714285,0.0203415646379413,false,true
2020-01-02,atm35000270,Izmir,40485,1219,546,673,6953.17,-0.0377007797297932,-0.0544986027916969,7213.330000000001,0.0215160153679279,false,false
2020-01-03,atm35000270,Izmir,42595,1215,537,678,7339.97,0.0556293028935004,0.0176692505958382,7231.535714285715,0.0312668978846912,false,false
2020-01-04,atm35000270,Izmir,45930,1245,528,717,7291.27,-0.0066349045023345,-0.0034728866097738,7227.905714285715,0.0309862267394496,true,false
2020-01-05,atm35000270,Izmir,43915,1281,587,694,7430.83,0.0191406983968498,0.001189706278631,7229.167142857143,0.0314050890979766,true,false
2020-01-06,atm35000270,Izmir,41875,1234,571,663,7525.46,0.0127347819826317,0.0417923547497982,7272.294285714286,0.0291435871176385,false,false
2020-01-07,atm35000270,Izmir,39885,1106,501,605,8050.0,0.0697020514360584,0.1274857208485416,7402.325714285714,0.0362012045859287,false,false
2020-01-01,atm35000271,Izmir,35365,1107,527,580,7225.58,0.0120171769998516,0.0088703653283626,7270.584285714285,0.0203415646379413,false,true
2020-01-02,atm35000271,Izmir,41990,1164,573,591,6953.17,-0.0377007797297932,-0.0544986027916969,7213.330000000001,0.0215160153679279,false,false
2020-01-03,atm35000271,Izmir,40680,1177,549,628,7339.97,0.0556293028935004,0.0176692505958382,7231.535714285715,0.0312668978846912,false,false
2020-01-04,atm35000271,Izmir,41940,1102,505,597,7291.27,-0.0066349045023345,-0.0034728866097738,7227.905714285715,0.0309862267394496,true,false
2020-01-05,atm35000271,Izmir,38280,1091,505,586,7430.83,0.0191406983968498,0.001189706278631,7229.167142857143,0.0314050890979766,true,false
2020-01-06,atm35000271,Izmir,41305,1206,570,636,7525.46,0.0127347819826317,0.0417923547497982,7272.294285714286,0.0291435871176385,false,false
2020-01-07,atm35000271,Izmir,37995,1108,535,573,8050.0,0.0697020514360584,0.1274857208485416,7402.325714285714,0.0362012045859287,false,false
2020-01-01,atm35000272,Izmir,65715,2032,981,1051,7225.58,0.0120171769998516,0.0088703653283626,7270.584285714285,0.0203415646379413,false,true
2020-01-02,atm35000272,Izmir,70960,2018,949,1069,6953.17,-0.0377007797297932,-0.0544986027916969,7213.330000000001,0.0215160153679279,false,false
2020-01-03,atm35000272,Izmir,68575,1952,883,1069,7339.97,0.0556293028935004,0.0176692505958382,7231.535714285715,0.0312668978846912,false,false
2020-01-04,atm35000272,Izmir,72900,2001,942,1059,7291.27,-0.0066349045023345,-0.0034728866097738,7227.905714285715,0.0309862267394496,true,false
2020-01-05,atm35000272,Izmir,69500,2074,995,1079,7430.83,0.0191406983968498,0.001189706278631,7229.167142857143,0.0314050890979766,true,false
2020-01-06,atm35000272,Izmir,71910,2073,989,1084,7525.46,0.0127347819826317,0.0417923547497982,7272.294285714286,0.0291435871176385,false,false
2020-01-07,atm35000272,Izmir,75905,2102,981,1121,8050.0,0.0697020514360584,0.1274857208485416,7402.325714285714,0.0362012045859287,false,false
2020-01-01,atm35000273,Izmir,36160,1152,536,616,7225.58,0.0120171769998516,0.0088703653283626,7270.584285714285,0.0203415646379413,false,true
2020-01-02,atm35000273,Izmir,46135,1251,553,698,6953.17,-0.0377007797297932,-0.0544986027916969,7213.330000000001,0.0215160153679279,false,false
2020-01-03,atm35000273,Izmir,36070,1267,668,599,7339.97,0.0556293028935004,0.0176692505958382,7231.535714285715,0.0312668978846912,false,false
2020-01-04,atm35000273,Izmir,33060,1033,477,556,7291.27,-0.0066349045023345,-0.0034728866097738,7227.905714285715,0.0309862267394496,true,false
2020-01-05,atm35000273,Izmir,38920,1206,565,641,7430.83,0.0191406983968498,0.001189706278631,7229.167142857143,0.0314050890979766,true,false
2020-01-06,atm35000273,Izmir,46935,1288,563,725,7525.46,0.0127347819826317,0.0417923547497982,7272.294285714286,0.0291435871176385,false,false
2020-01-07,atm35000273,Izmir,44355,1346,663,683,8050.0,0.0697020514360584,0.1274857208485416,7402.325714285714,0.0362012045859287,false,false
2020-01-01,atm35000274,Izmir,67030,2131,1032,1099,7225.58,0.0120171769998516,0.0088703653283626,7270.584285714285,0.0203415646379413,false,true
2020-01-02,atm35000274,Izmir,65835,2003,944,1059,6953.17,-0.0377007797297932,-0.0544986027916969,7213.330000000001,0.0215160153679279,false,false
2020-01-03,atm35000274,Izmir,67085,2014,965,1049,7339.97,0.0556293028935004,0.0176692505958382,7231.535714285715,0.0312668978846912,false,false
2020-01-04,atm35000274,Izmir,71710,1970,881,1089,7291.27,-0.0066349045023345,-0.0034728866097738,7227.905714285715,0.0309862267394496,true,false
2020-01-05,atm35000274,Izmir,67055,1987,906,1081,7430.83,0.0191406983968498,0.001189706278631,7229.167142857143,0.0314050890979766,true,false
2020-01-06,atm35000274,Izmir,66410,2075,1009,1066,7525.46,0.0127347819826317,0.0417923547497982,7272.294285714286,0.0291435871176385,false,false
2020-01-07,atm35000274,Izmir,75495,2062,929,1133,8050.0,0.0697020514360584,0.1274857208485416,7402.325714285714,0.0362012045859287,false,false
2020-01-01,atm35000275,Izmir,68240,1991,933,1058,7225.58,0.0120171769998516,0.0088703653283626,7270.584285714285,0.0203415646379413,false,true
2020-01-02,atm35000275,Izmir,68225,2031,944,1087,6953.17,-0.0377007797297932,-0.0544986027916969,7213.330000000001,0.0215160153679279,false,false
2020-01-03,atm35000275,Izmir,68065,2031,922,1109,7339.97,0.0556293028935004,0.0176692505958382,7231.535714285715,0.0312668978846912,false,false
2020-01-04,atm35000275,Izmir,71965,2002,919,1083,7291.27,-0.0066349045023345,-0.0034728866097738,7227.905714285715,0.0309862267394496,true,false
2020-01-05,atm35000275,Izmir,67240,2070,984,1086,7430.83,0.0191406983968498,0.001189706278631,7229.167142857143,0.0314050890979766,true,false
2020-01-06,atm35000275,Izmir,65915,1930,882,1048,7525.46,0.0127347819826317,0.0417923547497982,7272.294285714286,0.0291435871176385,false,false
2020-01-07,atm35000275,Izmir,68260,2058,997,1061,8050.0,0.0697020514360584,0.1274857208485416,7402.325714285714,0.0362012045859287,false,false
2020-01-01,atm35000276,Izmir,39070,1216,593,623,7225.58,0.0120171769998516,0.0088703653283626,7270.584285714285,0.0203415646379413,false,true
2020-01-02,atm35000276,Izmir,44675,1315,610,705,6953.17,-0.0377007797297932,-0.0544986027916969,7213.330000000001,0.0215160153679279,false,false
2020-01-03,atm35000276,Izmir,35770,1112,538,574,7339.97,0.0556293028935004,0.0176692505958382,7231.535714285715,0.0312668978846912,false,false
2020-01-04,atm35000276,Izmir,42780,1225,597,628,7291.27,-0.0066349045023345,-0.0034728866097738,7227.905714285715,0.0309862267394496,true,false
2020-01-05,atm35000276,Izmir,46190,1252,554,698,7430.83,0.0191406983968498,0.001189706278631,7229.167142857143,0.0314050890979766,true,false
2020-01-06,atm35000276,Izmir,40125,1128,476,652,7525.46,0.0127347819826317,0.0417923547497982,7272.294285714286,0.0291435871176385,false,false
2020-01-07,atm35000276,Izmir,43280,1315,634,681,8050.0,0.0697020514360584,0.1274857208485416,7402.325714285714,0.0362012045859287,false,false
2020-01-01,atm35000277,Izmir,35935,1137,539,598,7225.58,0.0120171769998516,0.0088703653283626,7270.584285714285,0.0203415646379413,false,true
2020-01-02,atm35000277,Izmir,37820,1213,618,595,6953.17,-0.0377007797297932,-0.0544986027916969,7213.330000000001,0.0215160153679279,false,false
2020-01-03,atm35000277,Izmir,46035,1205,541,664,7339.97,0.0556293028935004,0.0176692505958382,7231.535714285715,0.0312668978846912,false,false
2020-01-04,atm35000277,Izmir,40260,1137,498,639,7291.27,-0.0066349045023345,-0.0034728866097738,7227.905714285715,0.0309862267394496,true,false
2020-01-05,atm35000277,Izmir,41935,1195,575,620,7430.83,0.0191406983968498,0.001189706278631,7229.167142857143,0.0314050890979766,true,false
2020-01-06,atm35000277,Izmir,40810,1262,604,658,7525.46,0.0127347819826317,0.0417923547497982,7272.294285714286,0.0291435871176385,false,false
2020-01-07,atm35000277,Izmir,39330,1072,484,588,8050.0,0.0697020514360584,0.1274857208485416,7402.325714285714,0.0362012045859287,false,false
2020-01-01,atm35000278,Izmir,48660,1165,470,695,7225.58,0.0120171769998516,0.0088703653283626,7270.584285714285,0.0203415646379413,false,true
2020-01-02,atm35000278,Izmir,44495,1223,530,693,6953.17,-0.0377007797297932,-0.0544986027916969,7213.330000000001,0.0215160153679279,false,false
2020-01-03,atm35000278,Izmir,39800,1158,517,641,7339.97,0.0556293028935004,0.0176692505958382,7231.535714285715,0.0312668978846912,false,false
2020-01-04,atm35000278,Izmir,42375,1111,483,628,7291.27,-0.0066349045023345,-0.0034728866097738,7227.905714285715,0.0309862267394496,true,false
2020-01-05,atm35000278,Izmir,41400,1168,522,646,7430.83,0.0191406983968498,0.001189706278631,7229.167142857143,0.0314050890979766,true,false
2020-01-06,atm35000278,Izmir,49210,1183,508,675,7525.46,0.0127347819826317,0.0417923547497982,7272.294285714286,0.0291435871176385,false,false
2020-01-07,atm35000278,Izmir,41785,1233,565,668,8050.0,0.0697020514360584,0.1274857208485416,7402.325714285714,0.0362012045859287,false,false
2020-01-01,atm35000279,Izmir,38200,1175,626,549,7225.58,0.0120171769998516,0.0088703653283626,7270.584285714285,0.0203415646379413,false,true
2020-01-02,atm35000279,Izmir,40760,1155,470,685,6953.17,-0.0377007797297932,-0.0544986027916969,7213.330000000001,0.0215160153679279,false,false
2020-01-03,atm35000279,Izmir,42195,1268,618,650,7339.97,0.0556293028935004,0.0176692505958382,7231.535714285715,0.0312668978846912,false,false
2020-01-04,atm35000279,Izmir,39710,1100,493,607,7291.27,-0.0066349045023345,-0.0034728866097738,7227.905714285715,0.0309862267394496,true,false
2020-01-05,atm35000279,Izmir,37660,1232,638,594,7430.83,0.0191406983968498,0.001189706278631,7229.167142857143,0.0314050890979766,true,false
2020-01-06,atm35000279,Izmir,41595,1140,479,661,7525.46,0.0127347819826317,0.0417923547497982,7272.294285714286,0.0291435871176385,false,false
2020-01-07,atm35000279,Izmir,36095,1159,549,610,8050.0,0.0697020514360584,0.1274857208485416,7402.325714285714,0.0362012045859287,false,false
2020-01-01,atm3500028,Izmir,39830,1231,586,645,7225.58,0.0120171769998516,0.0088703653283626,7270.584285714285,0.0203415646379413,false,true
2020-01-02,atm3500028,Izmir,43120,1224,545,679,6953.17,-0.0377007797297932,-0.0544986027916969,7213.330000000001,0.0215160153679279,false,false
2020-01-03,atm3500028,Izmir,41160,1131,529,602,7339.97,0.0556293028935004,0.0176692505958382,7231.535714285715,0.0312668978846912,false,false
2020-01-04,atm3500028,Izmir,39800,1201,560,641,7291.27,-0.0066349045023345,-0.0034728866097738,7227.905714285715,0.0309862267394496,true,false
2020-01-05,atm3500028,Izmir,42560,1207,539,668,7430.83,0.0191406983968498,0.001189706278631,7229.167142857143,0.0314050890979766,true,false
2020-01-06,atm3500028,Izmir,35700,1204,654,550,7525.46,0.0127347819826317,0.0417923547497982,7272.294285714286,0.0291435871176385,false,false
2020-01-07,atm3500028,Izmir,41360,1170,515,655,8050.0,0.0697020514360584,0.1274857208485416,7402.325714285714,0.0362012045859287,false,false
2020-01-01,atm35000280,Izmir,38665,1155,501,654,7225.58,0.0120171769998516,0.0088703653283626,7270.584285714285,0.0203415646379413,false,true
2020-01-02,atm35000280,Izmir,37405,1113,516,597,6953.17,-0.0377007797297932,-0.0544986027916969,7213.330000000001,0.0215160153679279,false,false
2020-01-03,atm35000280,Izmir,34400,1065,518,547,7339.97,0.0556293028935004,0.0176692505958382,7231.535714285715,0.0312668978846912,false,false
2020-01-04,atm35000280,Izmir,45790,1254,566,688,7291.27,-0.0066349045023345,-0.0034728866097738,7227.905714285715,0.0309862267394496,true,false
2020-01-05,atm35000280,Izmir,39775,1213,605,608,7430.83,0.0191406983968498,0.001189706278631,7229.167142857143,0.0314050890979766,true,false
2020-01-06,atm35000280,Izmir,35830,1195,579,616,7525.46,0.0127347819826317,0.0417923547497982,7272.294285714286,0.0291435871176385,false,false
2020-01-07,atm35000280,Izmir,38270,1193,593,600,8050.0,0.0697020514360584,0.1274857208485416,7402.325714285714,0.0362012045859287,false,false
2020-01-01,atm35000281,Izmir,38390,1200,577,623,7225.58,0.0120171769998516,0.0088703653283626,7270.584285714285,0.0203415646379413,false,true
2020-01-02,atm35000281,Izmir,44565,1241,538,703,6953.17,-0.0377007797297932,-0.0544986027916969,7213.330000000001,0.0215160153679279,false,false
2020-01-03,atm35000281,Izmir,41385,1287,662,625,7339.97,0.0556293028935004,0.0176692505958382,7231.535714285715,0.0312668978846912,false,false
2020-01-04,atm35000281,Izmir,41670,1161,524,637,7291.27,-0.0066349045023345,-0.0034728866097738,7227.905714285715,0.0309862267394496,true,false
2020-01-05,atm35000281,Izmir,40635,1246,576,670,7430.83,0.0191406983968498,0.001189706278631,7229.167142857143,0.0314050890979766,true,false
2020-01-06,atm35000281,Izmir,36135,1233,666,567,7525.46,0.0127347819826317,0.0417923547497982,7272.294285714286,0.0291435871176385,false,false
2020-01-07,atm35000281,Izmir,42200,1240,535,705,8050.0,0.0697020514360584,0.1274857208485416,7402.325714285714,0.0362012045859287,false,false
2020-01-01,atm35000282,Izmir,41640,1112,502,610,7225.58,0.0120171769998516,0.0088703653283626,7270.584285714285,0.0203415646379413,false,true
2020-01-02,atm35000282,Izmir,43660,1323,652,671,6953.17,-0.0377007797297932,-0.0544986027916969,7213.330000000001,0.0215160153679279,false,false
2020-01-03,atm35000282,Izmir,39515,1134,486,648,7339.97,0.0556293028935004,0.0176692505958382,7231.535714285715,0.0312668978846912,false,false
2020-01-04,atm35000282,Izmir,44175,1254,573,681,7291.27,-0.0066349045023345,-0.0034728866097738,7227.905714285715,0.0309862267394496,true,false
2020-01-05,atm35000282,Izmir,40615,1245,592,653,7430.83,0.0191406983968498,0.001189706278631,7229.167142857143,0.0314050890979766,true,false
2020-01-06,atm35000282,Izmir,37375,1202,616,586,7525.46,0.0127347819826317,0.0417923547497982,7272.294285714286,0.0291435871176385,false,false
2020-01-07,atm35000282,Izmir,47010,1361,662,699,8050.0,0.0697020514360584,0.1274857208485416,7402.325714285714,0.0362012045859287,false,false
2020-01-01,atm35000283,Izmir,44850,1265,536,729,7225.58,0.0120171769998516,0.0088703653283626,7270.584285714285,0.0203415646379413,false,true
2020-01-02,atm35000283,Izmir,41605,1178,537,641,6953.17,-0.0377007797297932,-0.0544986027916969,7213.330000000001,0.0215160153679279,false,false
2020-01-03,atm35000283,Izmir,37130,1238,657,581,7339.97,0.0556293028935004,0.0176692505958382,7231.535714285715,0.0312668978846912,false,false
2020-01-04,atm35000283,Izmir,45685,1322,672,650,7291.27,-0.0066349045023345,-0.0034728866097738,7227.905714285715,0.0309862267394496,true,false
2020-01-05,atm35000283,Izmir,39275,1164,551,613,7430.83,0.0191406983968498,0.001189706278631,7229.167142857143,0.0314050890979766,true,false
2020-01-06,atm35000283,Izmir,36345,1174,574,600,7525.46,0.0127347819826317,0.0417923547497982,7272.294285714286,0.0291435871176385,false,false
2020-01-07,atm35000283,Izmir,40940,1204,605,599,8050.0,0.0697020514360584,0.1274857208485416,7402.325714285714,0.0362012045859287,false,false
2020-01-01,atm35000284,Izmir,37750,1238,624,614,7225.58,0.0120171769998516,0.0088703653283626,7270.584285714285,0.0203415646379413,false,true
2020-01-02,atm35000284,Izmir,41070,1235,564,671,6953.17,-0.0377007797297932,-0.0544986027916969,7213.330000000001,0.0215160153679279,false,false
2020-01-03,atm35000284,Izmir,40265,1195,555,640,7339.97,0.0556293028935004,0.0176692505958382,7231.535714285715,0.0312668978846912,false,false
2020-01-04,atm35000284,Izmir,40155,1219,609,610,7291.27,-0.0066349045023345,-0.0034728866097738,7227.905714285715,0.0309862267394496,true,false
2020-01-05,atm35000284,Izmir,43365,1037,426,611,7430.83,0.0191406983968498,0.001189706278631,7229.167142857143,0.0314050890979766,true,false
2020-01-06,atm35000284,Izmir,42530,1190,543,647,7525.46,0.0127347819826317,0.0417923547497982,7272.294285714286,0.0291435871176385,false,false
2020-01-07,atm35000284,Izmir,40370,1178,498,680,8050.0,0.0697020514360584,0.1274857208485416,7402.325714285714,0.0362012045859287,false,false
2020-01-01,atm35000285,Izmir,37085,1089,501,588,7225.58,0.0120171769998516,0.0088703653283626,7270.584285714285,0.0203415646379413,false,true
2020-01-02,atm35000285,Izmir,40150,1158,548,610,6953.17,-0.0377007797297932,-0.0544986027916969,7213.330000000001,0.0215160153679279,false,false
2020-01-03,atm35000285,Izmir,46645,1217,524,693,7339.97,0.0556293028935004,0.0176692505958382,7231.535714285715,0.0312668978846912,false,false
2020-01-04,atm35000285,Izmir,41095,1183,544,639,7291.27,-0.0066349045023345,-0.0034728866097738,7227.905714285715,0.0309862267394496,true,false
2020-01-05,atm35000285,Izmir,44170,1355,685,670,7430.83,0.0191406983968498,0.001189706278631,7229.167142857143,0.0314050890979766,true,false
2020-01-06,atm35000285,Izmir,45220,1319,628,691,7525.46,0.0127347819826317,0.0417923547497982,7272.294285714286,0.0291435871176385,false,false
2020-01-07,atm35000285,Izmir,43755,1102,448,654,8050.0,0.0697020514360584,0.1274857208485416,7402.325714285714,0.0362012045859287,false,false
2020-01-01,atm35000286,Izmir,41605,1098,450,648,7225.58,0.0120171769998516,0.0088703653283626,7270.584285714285,0.0203415646379413,false,true
2020-01-02,atm35000286,Izmir,41770,1305,624,681,6953.17,-0.0377007797297932,-0.0544986027916969,7213.330000000001,0.0215160153679279,false,false
2020-01-03,atm35000286,Izmir,47565,1229,507,722,7339.97,0.0556293028935004,0.0176692505958382,7231.535714285715,0.0312668978846912,false,false
2020-01-04,atm35000286,Izmir,41275,1196,568,628,7291.27,-0.0066349045023345,-0.0034728866097738,7227.905714285715,0.0309862267394496,true,false
2020-01-05,atm35000286,Izmir,33275,1117,536,581,7430.83,0.0191406983968498,0.001189706278631,7229.167142857143,0.0314050890979766,true,false
2020-01-06,atm35000286,Izmir,38485,1249,668,581,7525.46,0.0127347819826317,0.0417923547497982,7272.294285714286,0.0291435871176385,false,false
2020-01-07,atm35000286,Izmir,37535,1165,576,589,8050.0,0.0697020514360584,0.1274857208485416,7402.325714285714,0.0362012045859287,false,false
2020-01-01,atm35000287,Izmir,44265,1173,523,650,7225.58,0.0120171769998516,0.0088703653283626,7270.584285714285,0.0203415646379413,false,true
2020-01-02,atm35000287,Izmir,43615,1238,582,656,6953.17,-0.0377007797297932,-0.0544986027916969,7213.330000000001,0.0215160153679279,false,false
2020-01-03,atm35000287,Izmir,43100,1261,633,628,7339.97,0.0556293028935004,0.0176692505958382,7231.535714285715,0.0312668978846912,false,false
2020-01-04,atm35000287,Izmir,41330,1243,570,673,7291.27,-0.0066349045023345,-0.0034728866097738,7227.905714285715,0.0309862267394496,true,false
2020-01-05,atm35000287,Izmir,37845,1048,479,569,7430.83,0.0191406983968498,0.001189706278631,7229.167142857143,0.0314050890979766,true,false
2020-01-06,atm35000287,Izmir,42615,1197,556,641,7525.46,0.0127347819826317,0.0417923547497982,7272.294285714286,0.0291435871176385,false,false
2020-01-07,atm35000287,Izmir,46645,1296,587,709,8050.0,0.0697020514360584,0.1274857208485416,7402.325714285714,0.0362012045859287,false,false
2020-01-01,atm35000288,Izmir,42475,1241,604,637,7225.58,0.0120171769998516,0.0088703653283626,7270.584285714285,0.0203415646379413,false,true
2020-01-02,atm35000288,Izmir,40140,1069,471,598,6953.17,-0.0377007797297932,-0.0544986027916969,7213.330000000001,0.0215160153679279,false,false
2020-01-03,atm35000288,Izmir,34830,1248,660,588,7339.97,0.0556293028935004,0.0176692505958382,7231.535714285715,0.0312668978846912,false,false
2020-01-04,atm35000288,Izmir,45310,1164,481,683,7291.27,-0.0066349045023345,-0.0034728866097738,7227.905714285715,0.0309862267394496,true,false
2020-01-05,atm35000288,Izmir,40395,1153,531,622,7430.83,0.0191406983968498,0.001189706278631,7229.167142857143,0.0314050890979766,true,false
2020-01-06,atm35000288,Izmir,40320,1245,621,624,7525.46,0.0127347819826317,0.0417923547497982,7272.294285714286,0.0291435871176385,false,false
2020-01-07,atm35000288,Izmir,46930,1271,549,722,8050.0,0.0697020514360584,0.1274857208485416,7402.325714285714,0.0362012045859287,false,false
2020-01-01,atm35000289,Izmir,41755,1212,560,652,7225.58,0.0120171769998516,0.0088703653283626,7270.584285714285,0.0203415646379413,false,true
2020-01-02,atm35000289,Izmir,42225,1191,546,645,6953.17,-0.0377007797297932,-0.0544986027916969,7213.330000000001,0.0215160153679279,false,false
2020-01-03,atm35000289,Izmir,46215,1258,542,716,7339.97,0.0556293028935004,0.0176692505958382,7231.535714285715,0.0312668978846912,false,false
2020-01-04,atm35000289,Izmir,39725,1208,582,626,7291.27,-0.0066349045023345,-0.0034728866097738,7227.905714285715,0.0309862267394496,true,false
2020-01-05,atm35000289,Izmir,43725,1217,523,694,7430.83,0.0191406983968498,0.001189706278631,7229.167142857143,0.0314050890979766,true,false
2020-01-06,atm35000289,Izmir,38605,1243,592,651,7525.46,0.0127347819826317,0.0417923547497982,7272.294285714286,0.0291435871176385,false,false
2020-01-07,atm35000289,Izmir,45580,1211,516,695,8050.0,0.0697020514360584,0.1274857208485416,7402.325714285714,0.0362012045859287,false,false
2020-01-01,atm3500029,Izmir,44480,1188,546,642,7225.58,0.0120171769998516,0.0088703653283626,7270.584285714285,0.0203415646379413,false,true
2020-01-02,atm3500029,Izmir,38920,1240,598,642,6953.17,-0.0377007797297932,-0.0544986027916969,7213.330000000001,0.0215160153679279,false,false
2020-01-03,atm3500029,Izmir,35200,1134,538,596,7339.97,0.0556293028935004,0.0176692505958382,7231.535714285715,0.0312668978846912,false,false
2020-01-04,atm3500029,Izmir,47480,1198,500,698,7291.27,-0.0066349045023345,-0.0034728866097738,7227.905714285715,0.0309862267394496,true,false
2020-01-05,atm3500029,Izmir,45045,1366,649,717,7430.83,0.0191406983968498,0.001189706278631,7229.167142857143,0.0314050890979766,true,false
2020-01-06,atm3500029,Izmir,43140,1133,497,636,7525.46,0.0127347819826317,0.0417923547497982,7272.294285714286,0.0291435871176385,false,false
2020-01-07,atm3500029,Izmir,47360,1306,597,709,8050.0,0.0697020514360584,0.1274857208485416,7402.325714285714,0.0362012045859287,false,false
2020-01-01,atm35000290,Izmir,42485,1247,556,691,7225.58,0.0120171769998516,0.0088703653283626,7270.584285714285,0.0203415646379413,false,true
2020-01-02,atm35000290,Izmir,37720,1232,630,602,6953.17,-0.0377007797297932,-0.0544986027916969,7213.330000000001,0.0215160153679279,false,false
2020-01-03,atm35000290,Izmir,38370,1204,622,582,7339.97,0.0556293028935004,0.0176692505958382,7231.535714285715,0.0312668978846912,false,false
2020-01-04,atm35000290,Izmir,39695,1230,604,626,7291.27,-0.0066349045023345,-0.0034728866097738,7227.905714285715,0.0309862267394496,true,false
2020-01-05,atm35000290,Izmir,42140,1240,608,632,7430.83,0.0191406983968498,0.001189706278631,7229.167142857143,0.0314050890979766,true,false
2020-01-06,atm35000290,Izmir,38460,1124,501,623,7525.46,0.0127347819826317,0.0417923547497982,7272.294285714286,0.0291435871176385,false,false
2020-01-07,atm35000290,Izmir,45795,1401,683,718,8050.0,0.0697020514360584,0.1274857208485416,7402.325714285714,0.0362012045859287,false,false
2020-01-01,atm35000291,Izmir,41215,1146,504,642,7225.58,0.0120171769998516,0.0088703653283626,7270.584285714285,0.0203415646379413,false,true
2020-01-02,atm35000291,Izmir,43315,1129,457,672,6953.17,-0.0377007797297932,-0.0544986027916969,7213.330000000001,0.0215160153679279,false,false
2020-01-03,atm35000291,Izmir,44060,1033,405,628,7339.97,0.0556293028935004,0.0176692505958382,7231.535714285715,0.0312668978846912,false,false
2020-01-04,atm35000291,Izmir,36615,1198,591,607,7291.27,-0.0066349045023345,-0.0034728866097738,7227.905714285715,0.0309862267394496,true,false
2020-01-05,atm35000291,Izmir,46525,1211,511,700,7430.83,0.0191406983968498,0.001189706278631,7229.167142857143,0.0314050890979766,true,false
2020-01-06,atm35000291,Izmir,42160,1235,557,678,7525.46,0.0127347819826317,0.0417923547497982,7272.294285714286,0.0291435871176385,false,false
2020-01-07,atm35000291,Izmir,38980,1085,513,572,8050.0,0.0697020514360584,0.1274857208485416,7402.325714285714,0.0362012045859287,false,false
2020-01-01,atm35000292,Izmir,35490,1213,654,559,7225.58,0.0120171769998516,0.0088703653283626,7270.584285714285,0.0203415646379413,false,true
2020-01-02,atm35000292,Izmir,37605,1107,505,602,6953.17,-0.0377007797297932,-0.0544986027916969,7213.330000000001,0.0215160153679279,false,false
2020-01-03,atm35000292,Izmir,37645,1312,697,615,7339.97,0.0556293028935004,0.0176692505958382,7231.535714285715,0.0312668978846912,false,false
2020-01-04,atm35000292,Izmir,45500,1246,547,699,7291.27,-0.0066349045023345,-0.0034728866097738,7227.905714285715,0.0309862267394496,true,false
2020-01-05,atm35000292,Izmir,43145,1203,557,646,7430.83,0.0191406983968498,0.001189706278631,7229.167142857143,0.0314050890979766,true,false
2020-01-06,atm35000292,Izmir,45490,1133,449,684,7525.46,0.0127347819826317,0.0417923547497982,7272.294285714286,0.0291435871176385,false,false
2020-01-07,atm35000292,Izmir,37620,1055,511,544,8050.0,0.0697020514360584,0.1274857208485416,7402.325714285714,0.0362012045859287,false,false
2020-01-01,atm35000293,Izmir,39260,1187,558,629,7225.58,0.0120171769998516,0.0088703653283626,7270.584285714285,0.0203415646379413,false,true
2020-01-02,atm35000293,Izmir,36760,1227,647,580,6953.17,-0.0377007797297932,-0.0544986027916969,7213.330000000001,0.0215160153679279,false,false
2020-01-03,atm35000293,Izmir,42700,1226,599,627,7339.97,0.0556293028935004,0.0176692505958382,7231.535714285715,0.0312668978846912,false,false
2020-01-04,atm35000293,Izmir,40830,1211,583,628,7291.27,-0.0066349045023345,-0.0034728866097738,7227.905714285715,0.0309862267394496,true,false
2020-01-05,atm35000293,Izmir,46055,1194,459,735,7430.83,0.0191406983968498,0.001189706278631,7229.167142857143,0.0314050890979766,true,false
2020-01-06,atm35000293,Izmir,38910,1053,463,590,7525.46,0.0127347819826317,0.0417923547497982,7272.294285714286,0.0291435871176385,false,false
2020-01-07,atm35000293,Izmir,40665,1146,427,719,8050.0,0.0697020514360584,0.1274857208485416,7402.325714285714,0.0362012045859287,false,false
2020-01-01,atm35000294,Izmir,42555,1340,621,719,7225.58,0.0120171769998516,0.0088703653283626,7270.584285714285,0.0203415646379413,false,true
2020-01-02,atm35000294,Izmir,37530,1140,530,610,6953.17,-0.0377007797297932,-0.0544986027916969,7213.330000000001,0.0215160153679279,false,false
2020-01-03,atm35000294,Izmir,45915,1177,484,693,7339.97,0.0556293028935004,0.0176692505958382,7231.535714285715,0.0312668978846912,false,false
2020-01-04,atm35000294,Izmir,43875,1171,504,667,7291.27,-0.0066349045023345,-0.0034728866097738,7227.905714285715,0.0309862267394496,true,false
2020-01-05,atm35000294,Izmir,38820,1173,567,606,7430.83,0.0191406983968498,0.001189706278631,7229.167142857143,0.0314050890979766,true,false
2020-01-06,atm35000294,Izmir,41855,1182,538,644,7525.46,0.0127347819826317,0.0417923547497982,7272.294285714286,0.0291435871176385,false,false
2020-01-07,atm35000294,Izmir,32700,1127,603,524,8050.0,0.0697020514360584,0.1274857208485416,7402.325714285714,0.0362012045859287,false,false
2020-01-01,atm35000295,Izmir,45975,1320,603,717,7225.58,0.0120171769998516,0.0088703653283626,7270.584285714285,0.0203415646379413,false,true
2020-01-02,atm35000295,Izmir,41145,1241,610,631,6953.17,-0.0377007797297932,-0.0544986027916969,7213.330000000001,0.0215160153679279,false,false
2020-01-03,atm35000295,Izmir,40210,1228,609,619,7339.97,0.0556293028935004,0.0176692505958382,7231.535714285715,0.0312668978846912,false,false
2020-01-04,atm35000295,Izmir,44580,1254,563,691,7291.27,-0.0066349045023345,-0.0034728866097738,7227.905714285715,0.0309862267394496,true,false
2020-01-05,atm35000295,Izmir,40055,1155,536,619,7430.83,0.0191406983968498,0.001189706278631,7229.167142857143,0.0314050890979766,true,false
2020-01-06,atm35000295,Izmir,39260,1237,604,633,7525.46,0.0127347819826317,0.0417923547497982,7272.294285714286,0.0291435871176385,false,false
2020-01-07,atm35000295,Izmir,33275,1171,608,563,8050.0,0.0697020514360584,0.1274857208485416,7402.325714285714,0.0362012045859287,false,false
2020-01-01,atm35000296,Izmir,42395,1112,495,617,7225.58,0.0120171769998516,0.0088703653283626,7270.584285714285,0.0203415646379413,false,true
2020-01-02,atm35000296,Izmir,40950,1158,533,625,6953.17,-0.0377007797297932,-0.0544986027916969,7213.330000000001,0.0215160153679279,false,false
2020-01-03,atm35000296,Izmir,35065,1124,560,564,7339.97,0.0556293028935004,0.0176692505958382,7231.535714285715,0.0312668978846912,false,false
2020-01-04,atm35000296,Izmir,40285,1219,538,681,7291.27,-0.0066349045023345,-0.0034728866097738,7227.905714285715,0.0309862267394496,true,false
2020-01-05,atm35000296,Izmir,40355,1142,473,669,7430.83,0.0191406983968498,0.001189706278631,7229.167142857143,0.0314050890979766,true,false
2020-01-06,atm35000296,Izmir,44255,1283,619,664,7525.46,0.0127347819826317,0.0417923547497982,7272.294285714286,0.0291435871176385,false,false
2020-01-07,atm35000296,Izmir,41460,1314,646,668,8050.0,0.0697020514360584,0.1274857208485416,7402.325714285714,0.0362012045859287,false,false
2020-01-01,atm35000297,Izmir,42945,1209,525,684,7225.58,0.0120171769998516,0.0088703653283626,7270.584285714285,0.0203415646379413,false,true
2020-01-02,atm35000297,Izmir,39955,1218,600,618,6953.17,-0.0377007797297932,-0.0544986027916969,7213.330000000001,0.0215160153679279,false,false
2020-01-03,atm35000297,Izmir,39105,1081,445,636,7339.97,0.0556293028935004,0.0176692505958382,7231.535714285715,0.0312668978846912,false,false
2020-01-04,atm35000297,Izmir,38455,1166,546,620,7291.27,-0.0066349045023345,-0.0034728866097738,7227.905714285715,0.0309862267394496,true,false
2020-01-05,atm35000297,Izmir,36090,1270,693,577,7430.83,0.0191406983968498,0.001189706278631,7229.167142857143,0.0314050890979766,true,false
2020-01-06,atm35000297,Izmir,46420,1262,570,692,7525.46,0.0127347819826317,0.0417923547497982,7272.294285714286,0.0291435871176385,false,false
2020-01-07,atm35000297,Izmir,38140,1172,592,580,8050.0,0.0697020514360584,0.1274857208485416,7402.325714285714,0.0362012045859287,false,false
2020-01-01,atm35000298,Izmir,40535,1223,571,652,7225.58,0.0120171769998516,0.0088703653283626,7270.584285714285,0.0203415646379413,false,true
2020-01-02,atm35000298,Izmir,35040,1035,482,553,6953.17,-0.0377007797297932,-0.0544986027916969,7213.330000000001,0.0215160153679279,false,false
2020-01-03,atm35000298,Izmir,40975,1244,565,679,7339.97,0.0556293028935004,0.0176692505958382,7231.535714285715,0.0312668978846912,false,false
2020-01-04,atm35000298,Izmir,38645,1139,517,622,7291.27,-0.0066349045023345,-0.0034728866097738,7227.905714285715,0.0309862267394496,true,false
2020-01-05,atm35000298,Izmir,41945,1122,519,603,7430.83,0.0191406983968498,0.001189706278631,7229.167142857143,0.0314050890979766,true,false
2020-01-06,atm35000298,Izmir,41315,1262,592,670,7525.46,0.0127347819826317,0.0417923547497982,7272.294285714286,0.0291435871176385,false,false
2020-01-07,atm35000298,Izmir,40365,1196,575,621,8050.0,0.0697020514360584,0.1274857208485416,7402.325714285714,0.0362012045859287,false,false
2020-01-01,atm35000299,Izmir,39375,1200,561,639,7225.58,0.0120171769998516,0.0088703653283626,7270.584285714285,0.0203415646379413,false,true
2020-01-02,atm35000299,Izmir,44710,1284,607,677,6953.17,-0.0377007797297932,-0.0544986027916969,7213.330000000001,0.0215160153679279,false,false
2020-01-03,atm35000299,Izmir,38420,1089,488,601,7339.97,0.0556293028935004,0.0176692505958382,7231.535714285715,0.0312668978846912,false,false
2020-01-04,atm35000299,Izmir,42190,1172,540,632,7291.27,-0.0066349045023345,-0.0034728866097738,7227.905714285715,0.0309862267394496,true,false
2020-01-05,atm35000299,Izmir,43920,1197,561,636,7430.83,0.0191406983968498,0.001189706278631,7229.167142857143,0.0314050890979766,true,false
2020-01-06,atm35000299,Izmir,44510,1242,576,666,7525.46,0.0127347819826317,0.0417923547497982,7272.294285714286,0.0291435871176385,false,false
2020-01-07,atm35000299,Izmir,42845,1267,602,665,8050.0,0.0697020514360584,0.1274857208485416,7402.325714285714,0.0362012045859287,false,false
2020-01-01,atm350003,Izmir,39350,1112,512,600,7225.58,0.0120171769998516,0.0088703653283626,7270.584285714285,0.0203415646379413,false,true
2020-01-02,atm350003,Izmir,42910,1188,568,620,6953.17,-0.0377007797297932,-0.0544986027916969,7213.330000000001,0.0215160153679279,false,false
2020-01-03,atm350003,Izmir,41055,1153,513,640,7339.97,0.0556293028935004,0.0176692505958382,7231.535714285715,0.0312668978846912,false,false
2020-01-04,atm350003,Izmir,39125,1175,570,605,7291.27,-0.0066349045023345,-0.0034728866097738,7227.905714285715,0.0309862267394496,true,false
2020-01-05,atm350003,Izmir,44255,1320,650,670,7430.83,0.0191406983968498,0.001189706278631,7229.167142857143,0.0314050890979766,true,false
2020-01-06,atm350003,Izmir,38640,1107,476,631,7525.46,0.0127347819826317,0.0417923547497982,7272.294285714286,0.0291435871176385,false,false
2020-01-07,atm350003,Izmir,44665,1177,537,640,8050.0,0.0697020514360584,0.1274857208485416,7402.325714285714,0.0362012045859287,false,false
2020-01-01,atm3500030,Izmir,36605,1100,498,602,7225.58,0.0120171769998516,0.0088703653283626,7270.584285714285,0.0203415646379413,false,true
2020-01-02,atm3500030,Izmir,46445,1306,625,681,6953.17,-0.0377007797297932,-0.0544986027916969,7213.330000000001,0.0215160153679279,false,false
2020-01-03,atm3500030,Izmir,37545,1239,655,584,7339.97,0.0556293028935004,0.0176692505958382,7231.535714285715,0.0312668978846912,false,false
2020-01-04,atm3500030,Izmir,41180,1057,446,611,7291.27,-0.0066349045023345,-0.0034728866097738,7227.905714285715,0.0309862267394496,true,false
2020-01-05,atm3500030,Izmir,48875,1195,511,684,7430.83,0.0191406983968498,0.001189706278631,7229.167142857143,0.0314050890979766,true,false
2020-01-06,atm3500030,Izmir,39700,1138,528,610,7525.46,0.0127347819826317,0.0417923547497982,7272.294285714286,0.0291435871176385,false,false
2020-01-07,atm3500030,Izmir,40925,1195,545,650,8050.0,0.0697020514360584,0.1274857208485416,7402.325714285714,0.0362012045859287,false,false
2020-01-01,atm35000300,Izmir,44610,1271,566,705,7225.58,0.0120171769998516,0.0088703653283626,7270.584285714285,0.0203415646379413,false,true
2020-01-02,atm35000300,Izmir,36580,1148,551,597,6953.17,-0.0377007797297932,-0.0544986027916969,7213.330000000001,0.0215160153679279,false,false
2020-01-03,atm35000300,Izmir,44205,1321,649,672,7339.97,0.0556293028935004,0.0176692505958382,7231.535714285715,0.0312668978846912,false,false
2020-01-04,atm35000300,Izmir,42770,1293,610,683,7291.27,-0.0066349045023345,-0.0034728866097738,7227.905714285715,0.0309862267394496,true,false
2020-01-05,atm35000300,Izmir,41210,1196,567,629,7430.83,0.0191406983968498,0.001189706278631,7229.167142857143,0.0314050890979766,true,false
2020-01-06,atm35000300,Izmir,40960,1093,455,638,7525.46,0.0127347819826317,0.0417923547497982,7272.294285714286,0.0291435871176385,false,false
2020-01-07,atm35000300,Izmir,41995,1198,582,616,8050.0,0.0697020514360584,0.1274857208485416,7402.325714285714,0.0362012045859287,false,false
2020-01-01,atm35000301,Izmir,46050,1265,567,698,7225.58,0.0120171769998516,0.0088703653283626,7270.584285714285,0.0203415646379413,false,true
2020-01-02,atm35000301,Izmir,39390,1150,501,649,6953.17,-0.0377007797297932,-0.0544986027916969,7213.330000000001,0.0215160153679279,false,false
2020-01-03,atm35000301,Izmir,43795,1161,550,611,7339.97,0.0556293028935004,0.0176692505958382,7231.535714285715,0.0312668978846912,false,false
2020-01-04,atm35000301,Izmir,37420,1258,644,614,7291.27,-0.0066349045023345,-0.0034728866097738,7227.905714285715,0.0309862267394496,true,false
2020-01-05,atm35000301,Izmir,42495,1279,616,663,7430.83,0.0191406983968498,0.001189706278631,7229.167142857143,0.0314050890979766,true,false
2020-01-06,atm35000301,Izmir,42345,1249,596,653,7525.46,0.0127347819826317,0.0417923547497982,7272.294285714286,0.0291435871176385,false,false
2020-01-07,atm35000301,Izmir,38565,1258,611,647,8050.0,0.0697020514360584,0.1274857208485416,7402.325714285714,0.0362012045859287,false,false
2020-01-01,atm35000302,Izmir,42515,1157,509,648,7225.58,0.0120171769998516,0.0088703653283626,7270.584285714285,0.0203415646379413,false,true
2020-01-02,atm35000302,Izmir,41150,1212,577,635,6953.17,-0.0377007797297932,-0.0544986027916969,7213.330000000001,0.0215160153679279,false,false
2020-01-03,atm35000302,Izmir,35010,1215,640,575,7339.97,0.0556293028935004,0.0176692505958382,7231.535714285715,0.0312668978846912,false,false
2020-01-04,atm35000302,Izmir,39655,1207,605,602,7291.27,-0.0066349045023345,-0.0034728866097738,7227.905714285715,0.0309862267394496,true,false
2020-01-05,atm35000302,Izmir,38775,1127,534,593,7430.83,0.0191406983968498,0.001189706278631,7229.167142857143,0.0314050890979766,true,false
2020-01-06,atm35000302,Izmir,39810,1285,645,640,7525.46,0.0127347819826317,0.0417923547497982,7272.294285714286,0.0291435871176385,false,false
2020-01-07,atm35000302,Izmir,42350,1206,570,636,8050.0,0.0697020514360584,0.1274857208485416,7402.325714285714,0.0362012045859287,false,false
2020-01-01,atm35000303,Izmir,39095,1182,580,602,7225.58,0.0120171769998516,0.0088703653283626,7270.584285714285,0.0203415646379413,false,true
2020-01-02,atm35000303,Izmir,46075,1186,518,668,6953.17,-0.0377007797297932,-0.0544986027916969,7213.330000000001,0.0215160153679279,false,false
2020-01-03,atm35000303,Izmir,36945,1109,535,574,7339.97,0.0556293028935004,0.0176692505958382,7231.535714285715,0.0312668978846912,false,false
2020-01-04,atm35000303,Izmir,39935,1290,653,637,7291.27,-0.0066349045023345,-0.0034728866097738,7227.905714285715,0.0309862267394496,true,false
2020-01-05,atm35000303,Izmir,39920,1269,641,628,7430.83,0.0191406983968498,0.001189706278631,7229.167142857143,0.0314050890979766,true,false
2020-01-06,atm35000303,Izmir,46510,1251,544,707,7525.46,0.0127347819826317,0.0417923547497982,7272.294285714286,0.0291435871176385,false,false
2020-01-07,atm35000303,Izmir,45310,1411,704,707,8050.0,0.0697020514360584,0.1274857208485416,7402.325714285714,0.0362012045859287,false,false
2020-01-01,atm35000304,Izmir,43820,1210,534,676,7225.58,0.0120171769998516,0.0088703653283626,7270.584285714285,0.0203415646379413,false,true
2020-01-02,atm35000304,Izmir,45370,1163,430,733,6953.17,-0.0377007797297932,-0.0544986027916969,7213.330000000001,0.0215160153679279,false,false
2020-01-03,atm35000304,Izmir,45435,1175,510,665,7339.97,0.0556293028935004,0.0176692505958382,7231.535714285715,0.0312668978846912,false,false
2020-01-04,atm35000304,Izmir,43655,1297,604,693,7291.27,-0.0066349045023345,-0.0034728866097738,7227.905714285715,0.0309862267394496,true,false
2020-01-05,atm35000304,Izmir,38330,1198,554,644,7430.83,0.0191406983968498,0.001189706278631,7229.167142857143,0.0314050890979766,true,false
2020-01-06,atm35000304,Izmir,42085,1233,586,647,7525.46,0.0127347819826317,0.0417923547497982,7272.294285714286,0.0291435871176385,false,false
2020-01-07,atm35000304,Izmir,37955,1002,426,576,8050.0,0.0697020514360584,0.1274857208485416,7402.325714285714,0.0362012045859287,false,false
2020-01-01,atm35000305,Izmir,43960,1221,568,653,7225.58,0.0120171769998516,0.0088703653283626,7270.584285714285,0.0203415646379413,false,true
2020-01-02,atm35000305,Izmir,40260,1212,587,625,6953.17,-0.0377007797297932,-0.0544986027916969,7213.330000000001,0.0215160153679279,false,false
2020-01-03,atm35000305,Izmir,42590,1160,511,649,7339.97,0.0556293028935004,0.0176692505958382,7231.535714285715,0.0312668978846912,false,false
2020-01-04,atm35000305,Izmir,42575,1266,625,641,7291.27,-0.0066349045023345,-0.0034728866097738,7227.905714285715,0.0309862267394496,true,false
2020-01-05,atm35000305,Izmir,43360,1155,503,652,7430.83,0.0191406983968498,0.001189706278631,7229.167142857143,0.0314050890979766,true,false
2020-01-06,atm35000305,Izmir,41655,1226,590,636,7525.46,0.0127347819826317,0.0417923547497982,7272.294285714286,0.0291435871176385,false,false
2020-01-07,atm35000305,Izmir,46890,1321,594,727,8050.0,0.0697020514360584,0.1274857208485416,7402.325714285714,0.0362012045859287,false,false
2020-01-01,atm35000306,Izmir,45580,1297,600,697,7225.58,0.0120171769998516,0.0088703653283626,7270.584285714285,0.0203415646379413,false,true
2020-01-02,atm35000306,Izmir,38660,1156,554,602,6953.17,-0.0377007797297932,-0.0544986027916969,7213.330000000001,0.0215160153679279,false,false
2020-01-03,atm35000306,Izmir,38885,1175,547,628,7339.97,0.0556293028935004,0.0176692505958382,7231.535714285715,0.0312668978846912,false,false
2020-01-04,atm35000306,Izmir,45400,1265,593,672,7291.27,-0.0066349045023345,-0.0034728866097738,7227.905714285715,0.0309862267394496,true,false
2020-01-05,atm35000306,Izmir,37915,1166,535,631,7430.83,0.0191406983968498,0.001189706278631,7229.167142857143,0.0314050890979766,true,false
2020-01-06,atm35000306,Izmir,41670,1272,575,697,7525.46,0.0127347819826317,0.0417923547497982,7272.294285714286,0.0291435871176385,false,false
2020-01-07,atm35000306,Izmir,39535,1041,450,591,8050.0,0.0697020514360584,0.1274857208485416,7402.325714285714,0.0362012045859287,false,false
2020-01-01,atm35000307,Izmir,41495,1164,486,678,7225.58,0.0120171769998516,0.0088703653283626,7270.584285714285,0.0203415646379413,false,true
2020-01-02,atm35000307,Izmir,42560,1261,597,664,6953.17,-0.0377007797297932,-0.0544986027916969,7213.330000000001,0.0215160153679279,false,false
2020-01-03,atm35000307,Izmir,39775,1153,527,626,7339.97,0.0556293028935004,0.0176692505958382,7231.535714285715,0.0312668978846912,false,false
2020-01-04,atm35000307,Izmir,41205,1174,564,610,7291.27,-0.0066349045023345,-0.0034728866097738,7227.905714285715,0.0309862267394496,true,false
2020-01-05,atm35000307,Izmir,37895,1213,609,604,7430.83,0.0191406983968498,0.001189706278631,7229.167142857143,0.0314050890979766,true,false
2020-01-06,atm35000307,Izmir,44800,1312,618,694,7525.46,0.0127347819826317,0.0417923547497982,7272.294285714286,0.0291435871176385,false,false
2020-01-07,atm35000307,Izmir,44355,1196,514,682,8050.0,0.0697020514360584,0.1274857208485416,7402.325714285714,0.0362012045859287,false,false
2020-01-01,atm35000308,Izmir,42325,1224,581,643,7225.58,0.0120171769998516,0.0088703653283626,7270.584285714285,0.0203415646379413,false,true
2020-01-02,atm35000308,Izmir,43055,1201,539,662,6953.17,-0.0377007797297932,-0.0544986027916969,7213.330000000001,0.0215160153679279,false,false
2020-01-03,atm35000308,Izmir,34935,1079,516,563,7339.97,0.0556293028935004,0.0176692505958382,7231.535714285715,0.0312668978846912,false,false
2020-01-04,atm35000308,Izmir,41570,1228,611,617,7291.27,-0.0066349045023345,-0.0034728866097738,7227.905714285715,0.0309862267394496,true,false
2020-01-05,atm35000308,Izmir,39160,1203,571,632,7430.83,0.0191406983968498,0.001189706278631,7229.167142857143,0.0314050890979766,true,false
2020-01-06,atm35000308,Izmir,44885,1244,596,648,7525.46,0.0127347819826317,0.0417923547497982,7272.294285714286,0.0291435871176385,false,false
2020-01-07,atm35000308,Izmir,48175,1363,624,739,8050.0,0.0697020514360584,0.1274857208485416,7402.325714285714,0.0362012045859287,false,false
2020-01-01,atm35000309,Izmir,42320,1172,534,638,7225.58,0.0120171769998516,0.0088703653283626,7270.584285714285,0.0203415646379413,false,true
2020-01-02,atm35000309,Izmir,43450,1252,535,717,6953.17,-0.0377007797297932,-0.0544986027916969,7213.330000000001,0.0215160153679279,false,false
2020-01-03,atm35000309,Izmir,39325,1259,650,609,7339.97,0.0556293028935004,0.0176692505958382,7231.535714285715,0.0312668978846912,false,false
2020-01-04,atm35000309,Izmir,40500,1261,670,591,7291.27,-0.0066349045023345,-0.0034728866097738,7227.905714285715,0.0309862267394496,true,false
2020-01-05,atm35000309,Izmir,43650,1294,620,674,7430.83,0.0191406983968498,0.001189706278631,7229.167142857143,0.0314050890979766,true,false
2020-01-06,atm35000309,Izmir,38305,1155,567,588,7525.46,0.0127347819826317,0.0417923547497982,7272.294285714286,0.0291435871176385,false,false
2020-01-07,atm35000309,Izmir,41900,1180,535,645,8050.0,0.0697020514360584,0.1274857208485416,7402.325714285714,0.0362012045859287,false,false
2020-01-01,atm3500031,Izmir,38760,1131,560,571,7225.58,0.0120171769998516,0.0088703653283626,7270.584285714285,0.0203415646379413,false,true
2020-01-02,atm3500031,Izmir,41595,1083,463,620,6953.17,-0.0377007797297932,-0.0544986027916969,7213.330000000001,0.0215160153679279,false,false
2020-01-03,atm3500031,Izmir,45585,1181,486,695,7339.97,0.0556293028935004,0.0176692505958382,7231.535714285715,0.0312668978846912,false,false
2020-01-04,atm3500031,Izmir,44545,1230,584,646,7291.27,-0.0066349045023345,-0.0034728866097738,7227.905714285715,0.0309862267394496,true,false
2020-01-05,atm3500031,Izmir,36075,1191,584,607,7430.83,0.0191406983968498,0.001189706278631,7229.167142857143,0.0314050890979766,true,false
2020-01-06,atm3500031,Izmir,41445,1082,469,613,7525.46,0.0127347819826317,0.0417923547497982,7272.294285714286,0.0291435871176385,false,false
2020-01-07,atm3500031,Izmir,41465,1248,592,656,8050.0,0.0697020514360584,0.1274857208485416,7402.325714285714,0.0362012045859287,false,false
2020-01-01,atm35000310,Izmir,46590,1204,516,688,7225.58,0.0120171769998516,0.0088703653283626,7270.584285714285,0.0203415646379413,false,true
2020-01-02,atm35000310,Izmir,39805,1277,614,663,6953.17,-0.0377007797297932,-0.0544986027916969,7213.330000000001,0.0215160153679279,false,false
2020-01-03,atm35000310,Izmir,43290,1254,536,718,7339.97,0.0556293028935004,0.0176692505958382,7231.535714285715,0.0312668978846912,false,false
2020-01-04,atm35000310,Izmir,43810,1208,552,656,7291.27,-0.0066349045023345,-0.0034728866097738,7227.905714285715,0.0309862267394496,true,false
2020-01-05,atm35000310,Izmir,43930,1276,602,674,7430.83,0.0191406983968498,0.001189706278631,7229.167142857143,0.0314050890979766,true,false
2020-01-06,atm35000310,Izmir,39845,1128,495,633,7525.46,0.0127347819826317,0.0417923547497982,7272.294285714286,0.0291435871176385,false,false
2020-01-07,atm35000310,Izmir,42565,1100,506,594,8050.0,0.0697020514360584,0.1274857208485416,7402.325714285714,0.0362012045859287,false,false
2020-01-01,atm35000311,Izmir,45175,1365,691,674,7225.58,0.0120171769998516,0.0088703653283626,7270.584285714285,0.0203415646379413,false,true
2020-01-02,atm35000311,Izmir,39390,1182,584,598,6953.17,-0.0377007797297932,-0.0544986027916969,7213.330000000001,0.0215160153679279,false,false
2020-01-03,atm35000311,Izmir,37455,1144,552,592,7339.97,0.0556293028935004,0.0176692505958382,7231.535714285715,0.0312668978846912,false,false
2020-01-04,atm35000311,Izmir,38690,1144,566,578,7291.27,-0.0066349045023345,-0.0034728866097738,7227.905714285715,0.0309862267394496,true,false
2020-01-05,atm35000311,Izmir,37335,1142,513,629,7430.83,0.0191406983968498,0.001189706278631,7229.167142857143,0.0314050890979766,true,false
2020-01-06,atm35000311,Izmir,44510,1192,498,694,7525.46,0.0127347819826317,0.0417923547497982,7272.294285714286,0.0291435871176385,false,false
2020-01-07,atm35000311,Izmir,45315,1336,618,718,8050.0,0.0697020514360584,0.1274857208485416,7402.325714285714,0.0362012045859287,false,false
2020-01-01,atm35000312,Izmir,37330,1220,627,593,7225.58,0.0120171769998516,0.0088703653283626,7270.584285714285,0.0203415646379413,false,true
2020-01-02,atm35000312,Izmir,36175,1095,470,625,6953.17,-0.0377007797297932,-0.0544986027916969,7213.330000000001,0.0215160153679279,false,false
2020-01-03,atm35000312,Izmir,40355,1259,639,620,7339.97,0.0556293028935004,0.0176692505958382,7231.535714285715,0.0312668978846912,false,false
2020-01-04,atm35000312,Izmir,44270,1181,513,668,7291.27,-0.0066349045023345,-0.0034728866097738,7227.905714285715,0.0309862267394496,true,false
2020-01-05,atm35000312,Izmir,38450,1240,669,571,7430.83,0.0191406983968498,0.001189706278631,7229.167142857143,0.0314050890979766,true,false
2020-01-06,atm35000312,Izmir,46595,1222,531,691,7525.46,0.0127347819826317,0.0417923547497982,7272.294285714286,0.0291435871176385,false,false
2020-01-07,atm35000312,Izmir,38100,1110,522,588,8050.0,0.0697020514360584,0.1274857208485416,7402.325714285714,0.0362012045859287,false,false
2020-01-01,atm35000313,Izmir,35165,1063,466,597,7225.58,0.0120171769998516,0.0088703653283626,7270.584285714285,0.0203415646379413,false,true
2020-01-02,atm35000313,Izmir,40890,1142,511,631,6953.17,-0.0377007797297932,-0.0544986027916969,7213.330000000001,0.0215160153679279,false,false
2020-01-03,atm35000313,Izmir,44085,1268,615,653,7339.97,0.0556293028935004,0.0176692505958382,7231.535714285715,0.0312668978846912,false,false
2020-01-04,atm35000313,Izmir,43415,1272,599,673,7291.27,-0.0066349045023345,-0.0034728866097738,7227.905714285715,0.0309862267394496,true,false
2020-01-05,atm35000313,Izmir,42675,1183,536,647,7430.83,0.0191406983968498,0.001189706278631,7229.167142857143,0.0314050890979766,true,false
2020-01-06,atm35000313,Izmir,44010,1177,530,647,7525.46,0.0127347819826317,0.0417923547497982,7272.294285714286,0.0291435871176385,false,false
2020-01-07,atm35000313,Izmir,38765,1184,569,615,8050.0,0.0697020514360584,0.1274857208485416,7402.325714285714,0.0362012045859287,false,false
2020-01-01,atm35000314,Izmir,70935,2014,917,1097,7225.58,0.0120171769998516,0.0088703653283626,7270.584285714285,0.0203415646379413,false,true
2020-01-02,atm35000314,Izmir,69700,2100,997,1103,6953.17,-0.0377007797297932,-0.0544986027916969,7213.330000000001,0.0215160153679279,false,false
2020-01-03,atm35000314,Izmir,73475,1999,875,1124,7339.97,0.0556293028935004,0.0176692505958382,7231.535714285715,0.0312668978846912,false,false
2020-01-04,atm35000314,Izmir,69170,2069,990,1079,7291.27,-0.0066349045023345,-0.0034728866097738,7227.905714285715,0.0309862267394496,true,false
2020-01-05,atm35000314,Izmir,68095,2017,945,1072,7430.83,0.0191406983968498,0.001189706278631,7229.167142857143,0.0314050890979766,true,false
2020-01-06,atm35000314,Izmir,71925,2060,982,1078,7525.46,0.0127347819826317,0.0417923547497982,7272.294285714286,0.0291435871176385,false,false
2020-01-07,atm35000314,Izmir,71140,2036,960,1076,8050.0,0.0697020514360584,0.1274857208485416,7402.325714285714,0.0362012045859287,false,false
2020-01-01,atm35000315,Izmir,41050,1183,568,615,7225.58,0.0120171769998516,0.0088703653283626,7270.584285714285,0.0203415646379413,false,true
2020-01-02,atm35000315,Izmir,40805,1205,535,670,6953.17,-0.0377007797297932,-0.0544986027916969,7213.330000000001,0.0215160153679279,false,false
2020-01-03,atm35000315,Izmir,40870,1150,552,598,7339.97,0.0556293028935004,0.0176692505958382,7231.535714285715,0.0312668978846912,false,false
2020-01-04,atm35000315,Izmir,34365,1247,636,611,7291.27,-0.0066349045023345,-0.0034728866097738,7227.905714285715,0.0309862267394496,true,false
2020-01-05,atm35000315,Izmir,37090,1140,541,599,7430.83,0.0191406983968498,0.001189706278631,7229.167142857143,0.0314050890979766,true,false
2020-01-06,atm35000315,Izmir,39460,1246,573,673,7525.46,0.0127347819826317,0.0417923547497982,7272.294285714286,0.0291435871176385,false,false
2020-01-07,atm35000315,Izmir,43175,1125,478,647,8050.0,0.0697020514360584,0.1274857208485416,7402.325714285714,0.0362012045859287,false,false
2020-01-01,atm35000316,Izmir,44370,1205,554,651,7225.58,0.0120171769998516,0.0088703653283626,7270.584285714285,0.0203415646379413,false,true
2020-01-02,atm35000316,Izmir,36500,1228,627,601,6953.17,-0.0377007797297932,-0.0544986027916969,7213.330000000001,0.0215160153679279,false,false
2020-01-03,atm35000316,Izmir,42715,1161,565,596,7339.97,0.0556293028935004,0.0176692505958382,7231.535714285715,0.0312668978846912,false,false
2020-01-04,atm35000316,Izmir,40795,1256,587,669,7291.27,-0.0066349045023345,-0.0034728866097738,7227.905714285715,0.0309862267394496,true,false
2020-01-05,atm35000316,Izmir,34985,1099,495,604,7430.83,0.0191406983968498,0.001189706278631,7229.167142857143,0.0314050890979766,true,false
2020-01-06,atm35000316,Izmir,35700,1104,588,516,7525.46,0.0127347819826317,0.0417923547497982,7272.294285714286,0.0291435871176385,false,false
2020-01-07,atm35000316,Izmir,42220,1223,523,700,8050.0,0.0697020514360584,0.1274857208485416,7402.325714285714,0.0362012045859287,false,false
2020-01-01,atm35000317,Izmir,66435,2057,982,1075,7225.58,0.0120171769998516,0.0088703653283626,7270.584285714285,0.0203415646379413,false,true
2020-01-02,atm35000317,Izmir,70515,1971,903,1068,6953.17,-0.0377007797297932,-0.0544986027916969,7213.330000000001,0.0215160153679279,false,false
2020-01-03,atm35000317,Izmir,68240,1903,852,1051,7339.97,0.0556293028935004,0.0176692505958382,7231.535714285715,0.0312668978846912,false,false
2020-01-04,atm35000317,Izmir,64240,2018,972,1046,7291.27,-0.0066349045023345,-0.0034728866097738,7227.905714285715,0.0309862267394496,true,false
2020-01-05,atm35000317,Izmir,70290,2028,933,1095,7430.83,0.0191406983968498,0.001189706278631,7229.167142857143,0.0314050890979766,true,false
2020-01-06,atm35000317,Izmir,68080,2061,981,1080,7525.46,0.0127347819826317,0.0417923547497982,7272.294285714286,0.0291435871176385,false,false
2020-01-07,atm35000317,Izmir,66915,2072,979,1093,8050.0,0.0697020514360584,0.1274857208485416,7402.325714285714,0.0362012045859287,false,false
2020-01-01,atm35000318,Izmir,39370,1150,570,580,7225.58,0.0120171769998516,0.0088703653283626,7270.584285714285,0.0203415646379413,false,true
2020-01-02,atm35000318,Izmir,38820,1303,673,630,6953.17,-0.0377007797297932,-0.0544986027916969,7213.330000000001,0.0215160153679279,false,false
2020-01-03,atm35000318,Izmir,48580,1294,576,718,7339.97,0.0556293028935004,0.0176692505958382,7231.535714285715,0.0312668978846912,false,false
2020-01-04,atm35000318,Izmir,40640,1337,643,694,7291.27,-0.0066349045023345,-0.0034728866097738,7227.905714285715,0.0309862267394496,true,false
2020-01-05,atm35000318,Izmir,40485,1231,598,633,7430.83,0.0191406983968498,0.001189706278631,7229.167142857143,0.0314050890979766,true,false
2020-01-06,atm35000318,Izmir,35790,1225,665,560,7525.46,0.0127347819826317,0.0417923547497982,7272.294285714286,0.0291435871176385,false,false
2020-01-07,atm35000318,Izmir,34545,1073,517,556,8050.0,0.0697020514360584,0.1274857208485416,7402.325714285714,0.0362012045859287,false,false
2020-01-01,atm35000319,Izmir,45175,1294,595,699,7225.58,0.0120171769998516,0.0088703653283626,7270.584285714285,0.0203415646379413,false,true
2020-01-02,atm35000319,Izmir,35390,1119,566,553,6953.17,-0.0377007797297932,-0.0544986027916969,7213.330000000001,0.0215160153679279,false,false
2020-01-03,atm35000319,Izmir,44585,1167,507,660,7339.97,0.0556293028935004,0.0176692505958382,7231.535714285715,0.0312668978846912,false,false
2020-01-04,atm35000319,Izmir,44675,1254,586,668,7291.27,-0.0066349045023345,-0.0034728866097738,7227.905714285715,0.0309862267394496,true,false
2020-01-05,atm35000319,Izmir,43130,1268,570,698,7430.83,0.0191406983968498,0.001189706278631,7229.167142857143,0.0314050890979766,true,false
2020-01-06,atm35000319,Izmir,40415,1180,537,643,7525.46,0.0127347819826317,0.0417923547497982,7272.294285714286,0.0291435871176385,false,false
2020-01-07,atm35000319,Izmir,40850,1177,544,633,8050.0,0.0697020514360584,0.1274857208485416,7402.325714285714,0.0362012045859287,false,false
2020-01-01,atm3500032,Izmir,44340,1229,578,651,7225.58,0.0120171769998516,0.0088703653283626,7270.584285714285,0.0203415646379413,false,true
2020-01-02,atm3500032,Izmir,40485,1133,527,606,6953.17,-0.0377007797297932,-0.0544986027916969,7213.330000000001,0.0215160153679279,false,false
2020-01-03,atm3500032,Izmir,42210,1214,550,664,7339.97,0.0556293028935004,0.0176692505958382,7231.535714285715,0.0312668978846912,false,false
2020-01-04,atm3500032,Izmir,48425,1275,583,692,7291.27,-0.0066349045023345,-0.0034728866097738,7227.905714285715,0.0309862267394496,true,false
2020-01-05,atm3500032,Izmir,39060,1112,503,609,7430.83,0.0191406983968498,0.001189706278631,7229.167142857143,0.0314050890979766,true,false
2020-01-06,atm3500032,Izmir,44090,1220,570,650,7525.46,0.0127347819826317,0.0417923547497982,7272.294285714286,0.0291435871176385,false,false
2020-01-07,atm3500032,Izmir,37510,1230,656,574,8050.0,0.0697020514360584,0.1274857208485416,7402.325714285714,0.0362012045859287,false,false
2020-01-01,atm35000320,Izmir,39870,1162,541,621,7225.58,0.0120171769998516,0.0088703653283626,7270.584285714285,0.0203415646379413,false,true
2020-01-02,atm35000320,Izmir,36345,1120,552,568,6953.17,-0.0377007797297932,-0.0544986027916969,7213.330000000001,0.0215160153679279,false,false
2020-01-03,atm35000320,Izmir,40945,1101,443,658,7339.97,0.0556293028935004,0.0176692505958382,7231.535714285715,0.0312668978846912,false,false
2020-01-04,atm35000320,Izmir,44575,1208,544,664,7291.27,-0.0066349045023345,-0.0034728866097738,7227.905714285715,0.0309862267394496,true,false
2020-01-05,atm35000320,Izmir,38885,1204,568,636,7430.83,0.0191406983968498,0.001189706278631,7229.167142857143,0.0314050890979766,true,false
2020-01-06,atm35000320,Izmir,36690,1068,492,576,7525.46,0.0127347819826317,0.0417923547497982,7272.294285714286,0.0291435871176385,false,false
2020-01-07,atm35000320,Izmir,39205,1185,590,595,8050.0,0.0697020514360584,0.1274857208485416,7402.325714285714,0.0362012045859287,false,false
2020-01-01,atm35000321,Izmir,35810,1097,538,559,7225.58,0.0120171769998516,0.0088703653283626,7270.584285714285,0.0203415646379413,false,true
2020-01-02,atm35000321,Izmir,42820,1254,583,671,6953.17,-0.0377007797297932,-0.0544986027916969,7213.330000000001,0.0215160153679279,false,false
2020-01-03,atm35000321,Izmir,38010,1314,692,622,7339.97,0.0556293028935004,0.0176692505958382,7231.535714285715,0.0312668978846912,false,false
2020-01-04,atm35000321,Izmir,40295,1243,558,685,7291.27,-0.0066349045023345,-0.0034728866097738,7227.905714285715,0.0309862267394496,true,false
2020-01-05,atm35000321,Izmir,43805,1140,420,720,7430.83,0.0191406983968498,0.001189706278631,7229.167142857143,0.0314050890979766,true,false
2020-01-06,atm35000321,Izmir,43425,1194,508,686,7525.46,0.0127347819826317,0.0417923547497982,7272.294285714286,0.0291435871176385,false,false
2020-01-07,atm35000321,Izmir,40370,1211,548,663,8050.0,0.0697020514360584,0.1274857208485416,7402.325714285714,0.0362012045859287,false,false
2020-01-01,atm35000322,Izmir,43070,1166,513,653,7225.58,0.0120171769998516,0.0088703653283626,7270.584285714285,0.0203415646379413,false,true
2020-01-02,atm35000322,Izmir,35835,1120,587,533,6953.17,-0.0377007797297932,-0.0544986027916969,7213.330000000001,0.0215160153679279,false,false
2020-01-03,atm35000322,Izmir,41925,1094,474,620,7339.97,0.0556293028935004,0.0176692505958382,7231.535714285715,0.0312668978846912,false,false
2020-01-04,atm35000322,Izmir,39780,1070,452,618,7291.27,-0.0066349045023345,-0.0034728866097738,7227.905714285715,0.0309862267394496,true,false
2020-01-05,atm35000322,Izmir,40390,1126,484,642,7430.83,0.0191406983968498,0.001189706278631,7229.167142857143,0.0314050890979766,true,false
2020-01-06,atm35000322,Izmir,43365,1286,601,685,7525.46,0.0127347819826317,0.0417923547497982,7272.294285714286,0.0291435871176385,false,false
2020-01-07,atm35000322,Izmir,45200,1163,482,681,8050.0,0.0697020514360584,0.1274857208485416,7402.325714285714,0.0362012045859287,false,false
2020-01-01,atm35000323,Izmir,41755,1289,633,656,7225.58,0.0120171769998516,0.0088703653283626,7270.584285714285,0.0203415646379413,false,true
2020-01-02,atm35000323,Izmir,41130,1232,576,656,6953.17,-0.0377007797297932,-0.0544986027916969,7213.330000000001,0.0215160153679279,false,false
2020-01-03,atm35000323,Izmir,34205,1125,536,589,7339.97,0.0556293028935004,0.0176692505958382,7231.535714285715,0.0312668978846912,false,false
2020-01-04,atm35000323,Izmir,37325,1047,478,569,7291.27,-0.0066349045023345,-0.0034728866097738,7227.905714285715,0.0309862267394496,true,false
2020-01-05,atm35000323,Izmir,44510,1356,655,701,7430.83,0.0191406983968498,0.001189706278631,7229.167142857143,0.0314050890979766,true,false
2020-01-06,atm35000323,Izmir,39015,1105,480,625,7525.46,0.0127347819826317,0.0417923547497982,7272.294285714286,0.0291435871176385,false,false
2020-01-07,atm35000323,Izmir,48615,1241,518,723,8050.0,0.0697020514360584,0.1274857208485416,7402.325714285714,0.0362012045859287,false,false
2020-01-01,atm35000324,Izmir,40285,1117,531,586,7225.58,0.0120171769998516,0.0088703653283626,7270.584285714285,0.0203415646379413,false,true
2020-01-02,atm35000324,Izmir,37015,1182,588,594,6953.17,-0.0377007797297932,-0.0544986027916969,7213.330000000001,0.0215160153679279,false,false
2020-01-03,atm35000324,Izmir,42030,1162,507,655,7339.97,0.0556293028935004,0.0176692505958382,7231.535714285715,0.0312668978846912,false,false
2020-01-04,atm35000324,Izmir,40750,1178,552,626,7291.27,-0.0066349045023345,-0.0034728866097738,7227.905714285715,0.0309862267394496,true,false
2020-01-05,atm35000324,Izmir,41525,1287,614,673,7430.83,0.0191406983968498,0.001189706278631,7229.167142857143,0.0314050890979766,true,false
2020-01-06,atm35000324,Izmir,36575,1209,614,595,7525.46,0.0127347819826317,0.0417923547497982,7272.294285714286,0.0291435871176385,false,false
2020-01-07,atm35000324,Izmir,42840,1255,590,665,8050.0,0.0697020514360584,0.1274857208485416,7402.325714285714,0.0362012045859287,false,false
2020-01-01,atm35000325,Izmir,43825,1160,532,628,7225.58,0.0120171769998516,0.0088703653283626,7270.584285714285,0.0203415646379413,false,true
2020-01-02,atm35000325,Izmir,41975,1081,461,620,6953.17,-0.0377007797297932,-0.0544986027916969,7213.330000000001,0.0215160153679279,false,false
2020-01-03,atm35000325,Izmir,42795,1185,577,608,7339.97,0.0556293028935004,0.0176692505958382,7231.535714285715,0.0312668978846912,false,false
2020-01-04,atm35000325,Izmir,39980,1171,544,627,7291.27,-0.0066349045023345,-0.0034728866097738,7227.905714285715,0.0309862267394496,true,false
2020-01-05,atm35000325,Izmir,44585,1256,592,664,7430.83,0.0191406983968498,0.001189706278631,7229.167142857143,0.0314050890979766,true,false
2020-01-06,atm35000325,Izmir,39960,1146,516,630,7525.46,0.0127347819826317,0.0417923547497982,7272.294285714286,0.0291435871176385,false,false
2020-01-07,atm35000325,Izmir,36555,1012,485,527,8050.0,0.0697020514360584,0.1274857208485416,7402.325714285714,0.0362012045859287,false,false
2020-01-01,atm35000326,Izmir,41255,1252,568,684,7225.58,0.0120171769998516,0.0088703653283626,7270.584285714285,0.0203415646379413,false,true
2020-01-02,atm35000326,Izmir,41870,1153,535,618,6953.17,-0.0377007797297932,-0.0544986027916969,7213.330000000001,0.0215160153679279,false,false
2020-01-03,atm35000326,Izmir,46120,1246,592,654,7339.97,0.0556293028935004,0.0176692505958382,7231.535714285715,0.0312668978846912,false,false
2020-01-04,atm35000326,Izmir,42830,1196,540,656,7291.27,-0.0066349045023345,-0.0034728866097738,7227.905714285715,0.0309862267394496,true,false
2020-01-05,atm35000326,Izmir,39145,1071,498,573,7430.83,0.0191406983968498,0.001189706278631,7229.167142857143,0.0314050890979766,true,false
2020-01-06,atm35000326,Izmir,41380,1243,589,654,7525.46,0.0127347819826317,0.0417923547497982,7272.294285714286,0.0291435871176385,false,false
2020-01-07,atm35000326,Izmir,42705,1114,488,626,8050.0,0.0697020514360584,0.1274857208485416,7402.325714285714,0.0362012045859287,false,false
2020-01-01,atm35000327,Izmir,40385,1274,626,648,7225.58,0.0120171769998516,0.0088703653283626,7270.584285714285,0.0203415646379413,false,true
2020-01-02,atm35000327,Izmir,40860,1135,527,608,6953.17,-0.0377007797297932,-0.0544986027916969,7213.330000000001,0.0215160153679279,false,false
2020-01-03,atm35000327,Izmir,47505,1234,537,697,7339.97,0.0556293028935004,0.0176692505958382,7231.535714285715,0.0312668978846912,false,false
2020-01-04,atm35000327,Izmir,42795,1163,503,660,7291.27,-0.0066349045023345,-0.0034728866097738,7227.905714285715,0.0309862267394496,true,false
2020-01-05,atm35000327,Izmir,41525,1299,687,612,7430.83,0.0191406983968498,0.001189706278631,7229.167142857143,0.0314050890979766,true,false
2020-01-06,atm35000327,Izmir,38945,1072,476,596,7525.46,0.0127347819826317,0.0417923547497982,7272.294285714286,0.0291435871176385,false,false
2020-01-07,atm35000327,Izmir,38910,1170,578,592,8050.0,0.0697020514360584,0.1274857208485416,7402.325714285714,0.0362012045859287,false,false
2020-01-01,atm35000328,Izmir,37095,1165,562,603,7225.58,0.0120171769998516,0.0088703653283626,7270.584285714285,0.0203415646379413,false,true
2020-01-02,atm35000328,Izmir,40320,1339,660,679,6953.17,-0.0377007797297932,-0.0544986027916969,7213.330000000001,0.0215160153679279,false,false
2020-01-03,atm35000328,Izmir,40765,1084,456,628,7339.97,0.0556293028935004,0.0176692505958382,7231.535714285715,0.0312668978846912,false,false
2020-01-04,atm35000328,Izmir,42545,1203,564,639,7291.27,-0.0066349045023345,-0.0034728866097738,7227.905714285715,0.0309862267394496,true,false
2020-01-05,atm35000328,Izmir,44365,1243,547,696,7430.83,0.0191406983968498,0.001189706278631,7229.167142857143,0.0314050890979766,true,false
2020-01-06,atm35000328,Izmir,40930,1106,481,625,7525.46,0.0127347819826317,0.0417923547497982,7272.294285714286,0.0291435871176385,false,false
2020-01-07,atm35000328,Izmir,46525,1174,467,707,8050.0,0.0697020514360584,0.1274857208485416,7402.325714285714,0.0362012045859287,false,false
2020-01-01,atm35000329,Izmir,36330,1103,538,565,7225.58,0.0120171769998516,0.0088703653283626,7270.584285714285,0.0203415646379413,false,true
2020-01-02,atm35000329,Izmir,36250,1228,593,635,6953.17,-0.0377007797297932,-0.0544986027916969,7213.330000000001,0.0215160153679279,false,false
2020-01-03,atm35000329,Izmir,40680,1152,530,622,7339.97,0.0556293028935004,0.0176692505958382,7231.535714285715,0.0312668978846912,false,false
2020-01-04,atm35000329,Izmir,42205,1203,538,665,7291.27,-0.0066349045023345,-0.0034728866097738,7227.905714285715,0.0309862267394496,true,false
2020-01-05,atm35000329,Izmir,42595,1178,533,645,7430.83,0.0191406983968498,0.001189706278631,7229.167142857143,0.0314050890979766,true,false
2020-01-06,atm35000329,Izmir,36355,1137,544,593,7525.46,0.0127347819826317,0.0417923547497982,7272.294285714286,0.0291435871176385,false,false
2020-01-07,atm35000329,Izmir,43005,1257,600,657,8050.0,0.0697020514360584,0.1274857208485416,7402.325714285714,0.0362012045859287,false,false
2020-01-01,atm3500033,Izmir,39480,1192,561,631,7225.58,0.0120171769998516,0.0088703653283626,7270.584285714285,0.0203415646379413,false,true
2020-01-02,atm3500033,Izmir,38345,1191,575,616,6953.17,-0.0377007797297932,-0.0544986027916969,7213.330000000001,0.0215160153679279,false,false
2020-01-03,atm3500033,Izmir,38875,1231,591,640,7339.97,0.0556293028935004,0.0176692505958382,7231.535714285715,0.0312668978846912,false,false
2020-01-04,atm3500033,Izmir,35625,1132,536,596,7291.27,-0.0066349045023345,-0.0034728866097738,7227.905714285715,0.0309862267394496,true,false
2020-01-05,atm3500033,Izmir,44495,1181,520,661,7430.83,0.0191406983968498,0.001189706278631,7229.167142857143,0.0314050890979766,true,false
2020-01-06,atm3500033,Izmir,40470,1142,531,611,7525.46,0.0127347819826317,0.0417923547497982,7272.294285714286,0.0291435871176385,false,false
2020-01-07,atm3500033,Izmir,46685,1270,555,715,8050.0,0.0697020514360584,0.1274857208485416,7402.325714285714,0.0362012045859287,false,false
2020-01-01,atm35000330,Izmir,37010,1219,627,592,7225.58,0.0120171769998516,0.0088703653283626,7270.584285714285,0.0203415646379413,false,true
2020-01-02,atm35000330,Izmir,44655,1118,443,675,6953.17,-0.0377007797297932,-0.0544986027916969,7213.330000000001,0.0215160153679279,false,false
2020-01-03,atm35000330,Izmir,39100,1173,552,621,7339.97,0.0556293028935004,0.0176692505958382,7231.535714285715,0.0312668978846912,false,false
2020-01-04,atm35000330,Izmir,42090,1189,518,671,7291.27,-0.0066349045023345,-0.0034728866097738,7227.905714285715,0.0309862267394496,true,false
2020-01-05,atm35000330,Izmir,42585,1235,605,630,7430.83,0.0191406983968498,0.001189706278631,7229.167142857143,0.0314050890979766,true,false
2020-01-06,atm35000330,Izmir,41035,1204,575,629,7525.46,0.0127347819826317,0.0417923547497982,7272.294285714286,0.0291435871176385,false,false
2020-01-07,atm35000330,Izmir,42975,1150,474,676,8050.0,0.0697020514360584,0.1274857208485416,7402.325714285714,0.0362012045859287,false,false
2020-01-01,atm35000331,Izmir,41290,1384,697,687,7225.58,0.0120171769998516,0.0088703653283626,7270.584285714285,0.0203415646379413,false,true
2020-01-02,atm35000331,Izmir,42245,1166,523,643,6953.17,-0.0377007797297932,-0.0544986027916969,7213.330000000001,0.0215160153679279,false,false
2020-01-03,atm35000331,Izmir,45885,1283,587,696,7339.97,0.0556293028935004,0.0176692505958382,7231.535714285715,0.0312668978846912,false,false
2020-01-04,atm35000331,Izmir,38895,1131,537,594,7291.27,-0.0066349045023345,-0.0034728866097738,7227.905714285715,0.0309862267394496,true,false
2020-01-05,atm35000331,Izmir,39700,1086,424,662,7430.83,0.0191406983968498,0.001189706278631,7229.167142857143,0.0314050890979766,true,false
2020-01-06,atm35000331,Izmir,38380,1117,541,576,7525.46,0.0127347819826317,0.0417923547497982,7272.294285714286,0.0291435871176385,false,false
2020-01-07,atm35000331,Izmir,42400,1206,568,638,8050.0,0.0697020514360584,0.1274857208485416,7402.325714285714,0.0362012045859287,false,false
2020-01-01,atm35000332,Izmir,45215,1237,545,692,7225.58,0.0120171769998516,0.0088703653283626,7270.584285714285,0.0203415646379413,false,true
2020-01-02,atm35000332,Izmir,40110,1267,627,640,6953.17,-0.0377007797297932,-0.0544986027916969,7213.330000000001,0.0215160153679279,false,false
2020-01-03,atm35000332,Izmir,43500,1206,555,651,7339.97,0.0556293028935004,0.0176692505958382,7231.535714285715,0.0312668978846912,false,false
2020-01-04,atm35000332,Izmir,33370,969,416,553,7291.27,-0.0066349045023345,-0.0034728866097738,7227.905714285715,0.0309862267394496,true,false
2020-01-05,atm35000332,Izmir,34545,1156,611,545,7430.83,0.0191406983968498,0.001189706278631,7229.167142857143,0.0314050890979766,true,false
2020-01-06,atm35000332,Izmir,39600,1107,480,627,7525.46,0.0127347819826317,0.0417923547497982,7272.294285714286,0.0291435871176385,false,false
2020-01-07,atm35000332,Izmir,42370,1096,461,635,8050.0,0.0697020514360584,0.1274857208485416,7402.325714285714,0.0362012045859287,false,false
2020-01-01,atm35000333,Izmir,47740,1172,458,714,7225.58,0.0120171769998516,0.0088703653283626,7270.584285714285,0.0203415646379413,false,true
2020-01-02,atm35000333,Izmir,37225,1175,583,592,6953.17,-0.0377007797297932,-0.0544986027916969,7213.330000000001,0.0215160153679279,false,false
2020-01-03,atm35000333,Izmir,43505,1255,542,713,7339.97,0.0556293028935004,0.0176692505958382,7231.535714285715,0.0312668978846912,false,false
2020-01-04,atm35000333,Izmir,48240,1253,603,650,7291.27,-0.0066349045023345,-0.0034728866097738,7227.905714285715,0.0309862267394496,true,false
2020-01-05,atm35000333,Izmir,35955,1172,591,581,7430.83,0.0191406983968498,0.001189706278631,7229.167142857143,0.0314050890979766,true,false
2020-01-06,atm35000333,Izmir,34095,1231,649,582,7525.46,0.0127347819826317,0.0417923547497982,7272.294285714286,0.0291435871176385,false,false
2020-01-07,atm35000333,Izmir,38725,1169,556,613,8050.0,0.0697020514360584,0.1274857208485416,7402.325714285714,0.0362012045859287,false,false
2020-01-01,atm35000334,Izmir,39780,1016,422,594,7225.58,0.0120171769998516,0.0088703653283626,7270.584285714285,0.0203415646379413,false,true
2020-01-02,atm35000334,Izmir,38475,1178,551,627,6953.17,-0.0377007797297932,-0.0544986027916969,7213.330000000001,0.0215160153679279,false,false
2020-01-03,atm35000334,Izmir,39255,1272,600,672,7339.97,0.0556293028935004,0.0176692505958382,7231.535714285715,0.0312668978846912,false,false
2020-01-04,atm35000334,Izmir,39255,1149,505,644,7291.27,-0.0066349045023345,-0.0034728866097738,7227.905714285715,0.0309862267394496,true,false
2020-01-05,atm35000334,Izmir,44035,1276,612,664,7430.83,0.0191406983968498,0.001189706278631,7229.167142857143,0.0314050890979766,true,false
2020-01-06,atm35000334,Izmir,45640,1257,516,741,7525.46,0.0127347819826317,0.0417923547497982,7272.294285714286,0.0291435871176385,false,false
2020-01-07,atm35000334,Izmir,40115,1292,643,649,8050.0,0.0697020514360584,0.1274857208485416,7402.325714285714,0.0362012045859287,false,false
2020-01-01,atm35000335,Izmir,38295,1155,569,586,7225.58,0.0120171769998516,0.0088703653283626,7270.584285714285,0.0203415646379413,false,true
2020-01-02,atm35000335,Izmir,42865,1309,613,696,6953.17,-0.0377007797297932,-0.0544986027916969,7213.330000000001,0.0215160153679279,false,false
2020-01-03,atm35000335,Izmir,39930,1184,564,620,7339.97,0.0556293028935004,0.0176692505958382,7231.535714285715,0.0312668978846912,false,false
2020-01-04,atm35000335,Izmir,42510,1343,700,643,7291.27,-0.0066349045023345,-0.0034728866097738,7227.905714285715,0.0309862267394496,true,false
2020-01-05,atm35000335,Izmir,43540,1227,597,630,7430.83,0.0191406983968498,0.001189706278631,7229.167142857143,0.0314050890979766,true,false
2020-01-06,atm35000335,Izmir,46285,1260,531,729,7525.46,0.0127347819826317,0.0417923547497982,7272.294285714286,0.0291435871176385,false,false
2020-01-07,atm35000335,Izmir,39770,1158,549,609,8050.0,0.0697020514360584,0.1274857208485416,7402.325714285714,0.0362012045859287,false,false
2020-01-01,atm35000336,Izmir,38125,1220,596,624,7225.58,0.0120171769998516,0.0088703653283626,7270.584285714285,0.0203415646379413,false,true
2020-01-02,atm35000336,Izmir,41175,1249,627,622,6953.17,-0.0377007797297932,-0.0544986027916969,7213.330000000001,0.0215160153679279,false,false
2020-01-03,atm35000336,Izmir,39795,1175,541,634,7339.97,0.0556293028935004,0.0176692505958382,7231.535714285715,0.0312668978846912,false,false
2020-01-04,atm35000336,Izmir,41545,1419,759,660,7291.27,-0.0066349045023345,-0.0034728866097738,7227.905714285715,0.0309862267394496,true,false
2020-01-05,atm35000336,Izmir,43600,1243,533,710,7430.83,0.0191406983968498,0.001189706278631,7229.167142857143,0.0314050890979766,true,false
2020-01-06,atm35000336,Izmir,39070,1198,570,628,7525.46,0.0127347819826317,0.0417923547497982,7272.294285714286,0.0291435871176385,false,false
2020-01-07,atm35000336,Izmir,40905,1074,461,613,8050.0,0.0697020514360584,0.1274857208485416,7402.325714285714,0.0362012045859287,false,false
2020-01-01,atm35000337,Izmir,37975,1124,496,628,7225.58,0.0120171769998516,0.0088703653283626,7270.584285714285,0.0203415646379413,false,true
2020-01-02,atm35000337,Izmir,40120,1163,534,629,6953.17,-0.0377007797297932,-0.0544986027916969,7213.330000000001,0.0215160153679279,false,false
2020-01-03,atm35000337,Izmir,48235,1265,560,705,7339.97,0.0556293028935004,0.0176692505958382,7231.535714285715,0.0312668978846912,false,false
2020-01-04,atm35000337,Izmir,47795,1295,561,734,7291.27,-0.0066349045023345,-0.0034728866097738,7227.905714285715,0.0309862267394496,true,false
2020-01-05,atm35000337,Izmir,41125,1163,575,588,7430.83,0.0191406983968498,0.001189706278631,7229.167142857143,0.0314050890979766,true,false
2020-01-06,atm35000337,Izmir,36995,1149,527,622,7525.46,0.0127347819826317,0.0417923547497982,7272.294285714286,0.0291435871176385,false,false
2020-01-07,atm35000337,Izmir,46190,1195,480,715,8050.0,0.0697020514360584,0.1274857208485416,7402.325714285714,0.0362012045859287,false,false
2020-01-01,atm35000338,Izmir,45375,1203,504,699,7225.58,0.0120171769998516,0.0088703653283626,7270.584285714285,0.0203415646379413,false,true
2020-01-02,atm35000338,Izmir,44440,1238,588,650,6953.17,-0.0377007797297932,-0.0544986027916969,7213.330000000001,0.0215160153679279,false,false
2020-01-03,atm35000338,Izmir,43630,1139,471,668,7339.97,0.0556293028935004,0.0176692505958382,7231.535714285715,0.0312668978846912,false,false
2020-01-04,atm35000338,Izmir,38055,1114,517,597,7291.27,-0.0066349045023345,-0.0034728866097738,7227.905714285715,0.0309862267394496,true,false
2020-01-05,atm35000338,Izmir,35145,1055,487,568,7430.83,0.0191406983968498,0.001189706278631,7229.167142857143,0.0314050890979766,true,false
2020-01-06,atm35000338,Izmir,34320,1030,449,581,7525.46,0.0127347819826317,0.0417923547497982,7272.294285714286,0.0291435871176385,false,false
2020-01-07,atm35000338,Izmir,34680,1170,602,568,8050.0,0.0697020514360584,0.1274857208485416,7402.325714285714,0.0362012045859287,false,false
2020-01-01,atm35000339,Izmir,63375,2070,1011,1059,7225.58,0.0120171769998516,0.0088703653283626,7270.584285714285,0.0203415646379413,false,true
2020-01-02,atm35000339,Izmir,67160,2039,958,1081,6953.17,-0.0377007797297932,-0.0544986027916969,7213.330000000001,0.0215160153679279,false,false
2020-01-03,atm35000339,Izmir,70820,1954,888,1066,7339.97,0.0556293028935004,0.0176692505958382,7231.535714285715,0.0312668978846912,false,false
2020-01-04,atm35000339,Izmir,67100,2065,1017,1048,7291.27,-0.0066349045023345,-0.0034728866097738,7227.905714285715,0.0309862267394496,true,false
2020-01-05,atm35000339,Izmir,67390,2044,970,1074,7430.83,0.0191406983968498,0.001189706278631,7229.167142857143,0.0314050890979766,true,false
2020-01-06,atm35000339,Izmir,66580,2032,961,1071,7525.46,0.0127347819826317,0.0417923547497982,7272.294285714286,0.0291435871176385,false,false
2020-01-07,atm35000339,Izmir,64950,1999,972,1027,8050.0,0.0697020514360584,0.1274857208485416,7402.325714285714,0.0362012045859287,false,false
2020-01-01,atm3500034,Izmir,39595,1188,563,625,7225.58,0.0120171769998516,0.0088703653283626,7270.584285714285,0.0203415646379413,false,true
2020-01-02,atm3500034,Izmir,42460,1243,588,655,6953.17,-0.0377007797297932,-0.0544986027916969,7213.330000000001,0.0215160153679279,false,false
2020-01-03,atm3500034,Izmir,47035,1208,513,695,7339.97,0.0556293028935004,0.0176692505958382,7231.535714285715,0.0312668978846912,false,false
2020-01-04,atm3500034,Izmir,41895,1175,508,667,7291.27,-0.0066349045023345,-0.0034728866097738,7227.905714285715,0.0309862267394496,true,false
2020-01-05,atm3500034,Izmir,43305,1296,639,657,7430.83,0.0191406983968498,0.001189706278631,7229.167142857143,0.0314050890979766,true,false
2020-01-06,atm3500034,Izmir,37260,1142,515,627,7525.46,0.0127347819826317,0.0417923547497982,7272.294285714286,0.0291435871176385,false,false
2020-01-07,atm3500034,Izmir,39165,1179,588,591,8050.0,0.0697020514360584,0.1274857208485416,7402.325714285714,0.0362012045859287,false,false
2020-01-01,atm35000340,Izmir,41455,1255,583,672,7225.58,0.0120171769998516,0.0088703653283626,7270.584285714285,0.0203415646379413,false,true
2020-01-02,atm35000340,Izmir,39145,1212,573,639,6953.17,-0.0377007797297932,-0.0544986027916969,7213.330000000001,0.0215160153679279,false,false
2020-01-03,atm35000340,Izmir,43370,1160,502,658,7339.97,0.0556293028935004,0.0176692505958382,7231.535714285715,0.0312668978846912,false,false
2020-01-04,atm35000340,Izmir,44975,1159,512,647,7291.27,-0.0066349045023345,-0.0034728866097738,7227.905714285715,0.0309862267394496,true,false
2020-01-05,atm35000340,Izmir,39455,1100,522,578,7430.83,0.0191406983968498,0.001189706278631,7229.167142857143,0.0314050890979766,true,false
2020-01-06,atm35000340,Izmir,41950,1329,653,676,7525.46,0.0127347819826317,0.0417923547497982,7272.294285714286,0.0291435871176385,false,false
2020-01-07,atm35000340,Izmir,40620,1255,596,659,8050.0,0.0697020514360584,0.1274857208485416,7402.325714285714,0.0362012045859287,false,false
2020-01-01,atm35000341,Izmir,41905,1203,545,658,7225.58,0.0120171769998516,0.0088703653283626,7270.584285714285,0.0203415646379413,false,true
2020-01-02,atm35000341,Izmir,45220,1341,621,720,6953.17,-0.0377007797297932,-0.0544986027916969,7213.330000000001,0.0215160153679279,false,false
2020-01-03,atm35000341,Izmir,37820,1144,574,570,7339.97,0.0556293028935004,0.0176692505958382,7231.535714285715,0.0312668978846912,false,false
2020-01-04,atm35000341,Izmir,39355,1118,493,625,7291.27,-0.0066349045023345,-0.0034728866097738,7227.905714285715,0.0309862267394496,true,false
2020-01-05,atm35000341,Izmir,40045,1270,646,624,7430.83,0.0191406983968498,0.001189706278631,7229.167142857143,0.0314050890979766,true,false
2020-01-06,atm35000341,Izmir,42000,1274,613,661,7525.46,0.0127347819826317,0.0417923547497982,7272.294285714286,0.0291435871176385,false,false
2020-01-07,atm35000341,Izmir,37380,1261,645,616,8050.0,0.0697020514360584,0.1274857208485416,7402.325714285714,0.0362012045859287,false,false
2020-01-01,atm35000342,Izmir,41000,1376,726,650,7225.58,0.0120171769998516,0.0088703653283626,7270.584285714285,0.0203415646379413,false,true
2020-01-02,atm35000342,Izmir,42150,1228,636,592,6953.17,-0.0377007797297932,-0.0544986027916969,7213.330000000001,0.0215160153679279,false,false
2020-01-03,atm35000342,Izmir,47120,1219,500,719,7339.97,0.0556293028935004,0.0176692505958382,7231.535714285715,0.0312668978846912,false,false
2020-01-04,atm35000342,Izmir,42505,1223,571,652,7291.27,-0.0066349045023345,-0.0034728866097738,7227.905714285715,0.0309862267394496,true,false
2020-01-05,atm35000342,Izmir,35755,1219,629,590,7430.83,0.0191406983968498,0.001189706278631,7229.167142857143,0.0314050890979766,true,false
2020-01-06,atm35000342,Izmir,42910,1234,551,683,7525.46,0.0127347819826317,0.0417923547497982,7272.294285714286,0.0291435871176385,false,false
2020-01-07,atm35000342,Izmir,39790,1098,487,611,8050.0,0.0697020514360584,0.1274857208485416,7402.325714285714,0.0362012045859287,false,false
2020-01-01,atm35000343,Izmir,38190,1095,521,574,7225.58,0.0120171769998516,0.0088703653283626,7270.584285714285,0.0203415646379413,false,true
2020-01-02,atm35000343,Izmir,39445,1093,481,612,6953.17,-0.0377007797297932,-0.0544986027916969,7213.330000000001,0.0215160153679279,false,false
2020-01-03,atm35000343,Izmir,45025,1179,533,646,7339.97,0.0556293028935004,0.0176692505958382,7231.535714285715,0.0312668978846912,false,false
2020-01-04,atm35000343,Izmir,39155,1213,569,644,7291.27,-0.0066349045023345,-0.0034728866097738,7227.905714285715,0.0309862267394496,true,false
2020-01-05,atm35000343,Izmir,35505,1079,524,555,7430.83,0.0191406983968498,0.001189706278631,7229.167142857143,0.0314050890979766,true,false
2020-01-06,atm35000343,Izmir,45235,1326,623,703,7525.46,0.0127347819826317,0.0417923547497982,7272.294285714286,0.0291435871176385,false,false
2020-01-07,atm35000343,Izmir,40365,1279,626,653,8050.0,0.0697020514360584,0.1274857208485416,7402.325714285714,0.0362012045859287,false,false
2020-01-01,atm35000344,Izmir,37895,1260,661,599,7225.58,0.0120171769998516,0.0088703653283626,7270.584285714285,0.0203415646379413,false,true
2020-01-02,atm35000344,Izmir,43610,1220,584,636,6953.17,-0.0377007797297932,-0.0544986027916969,7213.330000000001,0.0215160153679279,false,false
2020-01-03,atm35000344,Izmir,40635,1176,565,611,7339.97,0.0556293028935004,0.0176692505958382,7231.535714285715,0.0312668978846912,false,false
2020-01-04,atm35000344,Izmir,39195,1174,595,579,7291.27,-0.0066349045023345,-0.0034728866097738,7227.905714285715,0.0309862267394496,true,false
2020-01-05,atm35000344,Izmir,45505,1383,712,671,7430.83,0.0191406983968498,0.001189706278631,7229.167142857143,0.0314050890979766,true,false
2020-01-06,atm35000344,Izmir,43970,1186,535,651,7525.46,0.0127347819826317,0.0417923547497982,7272.294285714286,0.0291435871176385,false,false
2020-01-07,atm35000344,Izmir,41700,1247,618,629,8050.0,0.0697020514360584,0.1274857208485416,7402.325714285714,0.0362012045859287,false,false
2020-01-01,atm35000345,Izmir,40980,1246,599,647,7225.58,0.0120171769998516,0.0088703653283626,7270.584285714285,0.0203415646379413,false,true
2020-01-02,atm35000345,Izmir,42900,1273,630,643,6953.17,-0.0377007797297932,-0.0544986027916969,7213.330000000001,0.0215160153679279,false,false
2020-01-03,atm35000345,Izmir,40530,1137,524,613,7339.97,0.0556293028935004,0.0176692505958382,7231.535714285715,0.0312668978846912,false,false
2020-01-04,atm35000345,Izmir,37700,1107,513,594,7291.27,-0.0066349045023345,-0.0034728866097738,7227.905714285715,0.0309862267394496,true,false
2020-01-05,atm35000345,Izmir,40155,1219,577,642,7430.83,0.0191406983968498,0.001189706278631,7229.167142857143,0.0314050890979766,true,false
2020-01-06,atm35000345,Izmir,47370,1338,665,673,7525.46,0.0127347819826317,0.0417923547497982,7272.294285714286,0.0291435871176385,false,false
2020-01-07,atm35000345,Izmir,41165,1179,562,617,8050.0,0.0697020514360584,0.1274857208485416,7402.325714285714,0.0362012045859287,false,false
2020-01-01,atm35000346,Izmir,37755,1123,493,630,7225.58,0.0120171769998516,0.0088703653283626,7270.584285714285,0.0203415646379413,false,true
2020-01-02,atm35000346,Izmir,44820,1195,514,681,6953.17,-0.0377007797297932,-0.0544986027916969,7213.330000000001,0.0215160153679279,false,false
2020-01-03,atm35000346,Izmir,47100,1356,636,720,7339.97,0.0556293028935004,0.0176692505958382,7231.535714285715,0.0312668978846912,false,false
2020-01-04,atm35000346,Izmir,41665,1325,637,688,7291.27,-0.0066349045023345,-0.0034728866097738,7227.905714285715,0.0309862267394496,true,false
2020-01-05,atm35000346,Izmir,39020,1196,561,635,7430.83,0.0191406983968498,0.001189706278631,7229.167142857143,0.0314050890979766,true,false
2020-01-06,atm35000346,Izmir,48720,1236,540,696,7525.46,0.0127347819826317,0.0417923547497982,7272.294285714286,0.0291435871176385,false,false
2020-01-07,atm35000346,Izmir,42805,1267,605,662,8050.0,0.0697020514360584,0.1274857208485416,7402.325714285714,0.0362012045859287,false,false
2020-01-01,atm35000347,Izmir,38895,1202,607,595,7225.58,0.0120171769998516,0.0088703653283626,7270.584285714285,0.0203415646379413,false,true
2020-01-02,atm35000347,Izmir,39315,1177,533,644,6953.17,-0.0377007797297932,-0.0544986027916969,7213.330000000001,0.0215160153679279,false,false
2020-01-03,atm35000347,Izmir,37460,1114,538,576,7339.97,0.0556293028935004,0.0176692505958382,7231.535714285715,0.0312668978846912,false,false
2020-01-04,atm35000347,Izmir,42910,1193,531,662,7291.27,-0.0066349045023345,-0.0034728866097738,7227.905714285715,0.0309862267394496,true,false
2020-01-05,atm35000347,Izmir,44765,1201,506,695,7430.83,0.0191406983968498,0.001189706278631,7229.167142857143,0.0314050890979766,true,false
2020-01-06,atm35000347,Izmir,41705,1105,465,640,7525.46,0.0127347819826317,0.0417923547497982,7272.294285714286,0.0291435871176385,false,false
2020-01-07,atm35000347,Izmir,39585,1190,572,618,8050.0,0.0697020514360584,0.1274857208485416,7402.325714285714,0.0362012045859287,false,false
2020-01-01,atm35000348,Izmir,37455,1142,565,577,7225.58,0.0120171769998516,0.0088703653283626,7270.584285714285,0.0203415646379413,false,true
2020-01-02,atm35000348,Izmir,40120,1102,454,648,6953.17,-0.0377007797297932,-0.0544986027916969,7213.330000000001,0.0215160153679279,false,false
2020-01-03,atm35000348,Izmir,38315,1225,576,649,7339.97,0.0556293028935004,0.0176692505958382,7231.535714285715,0.0312668978846912,false,false
2020-01-04,atm35000348,Izmir,35135,1053,500,553,7291.27,-0.0066349045023345,-0.0034728866097738,7227.905714285715,0.0309862267394496,true,false
2020-01-05,atm35000348,Izmir,42505,1101,464,637,7430.83,0.0191406983968498,0.001189706278631,7229.167142857143,0.0314050890979766,true,false
2020-01-06,atm35000348,Izmir,40465,1099,472,627,7525.46,0.0127347819826317,0.0417923547497982,7272.294285714286,0.0291435871176385,false,false
2020-01-07,atm35000348,Izmir,45250,1173,516,657,8050.0,0.0697020514360584,0.1274857208485416,7402.325714285714,0.0362012045859287,false,false
2020-01-01,atm35000349,Izmir,33490,1031,462,569,7225.58,0.0120171769998516,0.0088703653283626,7270.584285714285,0.0203415646379413,false,true
2020-01-02,atm35000349,Izmir,45535,1305,613,692,6953.17,-0.0377007797297932,-0.0544986027916969,7213.330000000001,0.0215160153679279,false,false
2020-01-03,atm35000349,Izmir,45095,1218,508,710,7339.97,0.0556293028935004,0.0176692505958382,7231.535714285715,0.0312668978846912,false,false
2020-01-04,atm35000349,Izmir,39635,1192,572,620,7291.27,-0.0066349045023345,-0.0034728866097738,7227.905714285715,0.0309862267394496,true,false
2020-01-05,atm35000349,Izmir,43425,1140,495,645,7430.83,0.0191406983968498,0.001189706278631,7229.167142857143,0.0314050890979766,true,false
2020-01-06,atm35000349,Izmir,45735,1333,639,694,7525.46,0.0127347819826317,0.0417923547497982,7272.294285714286,0.0291435871176385,false,false
2020-01-07,atm35000349,Izmir,43260,1241,551,690,8050.0,0.0697020514360584,0.1274857208485416,7402.325714285714,0.0362012045859287,false,false
2020-01-01,atm3500035,Izmir,40145,1107,506,601,7225.58,0.0120171769998516,0.0088703653283626,7270.584285714285,0.0203415646379413,false,true
2020-01-02,atm3500035,Izmir,40165,1219,588,631,6953.17,-0.0377007797297932,-0.0544986027916969,7213.330000000001,0.0215160153679279,false,false
2020-01-03,atm3500035,Izmir,40250,1220,579,641,7339.97,0.0556293028935004,0.0176692505958382,7231.535714285715,0.0312668978846912,false,false
2020-01-04,atm3500035,Izmir,36590,1034,437,597,7291.27,-0.0066349045023345,-0.0034728866097738,7227.905714285715,0.0309862267394496,true,false
2020-01-05,atm3500035,Izmir,41335,1238,544,694,7430.83,0.0191406983968498,0.001189706278631,7229.167142857143,0.0314050890979766,true,false
2020-01-06,atm3500035,Izmir,33505,1008,461,547,7525.46,0.0127347819826317,0.0417923547497982,7272.294285714286,0.0291435871176385,false,false
2020-01-07,atm3500035,Izmir,43330,1218,591,627,8050.0,0.0697020514360584,0.1274857208485416,7402.325714285714,0.0362012045859287,false,false
2020-01-01,atm35000350,Izmir,40755,1188,570,618,7225.58,0.0120171769998516,0.0088703653283626,7270.584285714285,0.0203415646379413,false,true
2020-01-02,atm35000350,Izmir,42350,1311,632,679,6953.17,-0.0377007797297932,-0.0544986027916969,7213.330000000001,0.0215160153679279,false,false
2020-01-03,atm35000350,Izmir,42440,1218,594,624,7339.97,0.0556293028935004,0.0176692505958382,7231.535714285715,0.0312668978846912,false,false
2020-01-04,atm35000350,Izmir,40795,1258,586,672,7291.27,-0.0066349045023345,-0.0034728866097738,7227.905714285715,0.0309862267394496,true,false
2020-01-05,atm35000350,Izmir,37000,1173,585,588,7430.83,0.0191406983968498,0.001189706278631,7229.167142857143,0.0314050890979766,true,false
2020-01-06,atm35000350,Izmir,43105,1305,594,711,7525.46,0.0127347819826317,0.0417923547497982,7272.294285714286,0.0291435871176385,false,false
2020-01-07,atm35000350,Izmir,40245,1163,494,669,8050.0,0.0697020514360584,0.1274857208485416,7402.325714285714,0.0362012045859287,false,false
2020-01-01,atm35000351,Izmir,39695,1200,579,621,7225.58,0.0120171769998516,0.0088703653283626,7270.584285714285,0.0203415646379413,false,true
2020-01-02,atm35000351,Izmir,44305,1192,508,684,6953.17,-0.0377007797297932,-0.0544986027916969,7213.330000000001,0.0215160153679279,false,false
2020-01-03,atm35000351,Izmir,36720,1098,517,581,7339.97,0.0556293028935004,0.0176692505958382,7231.535714285715,0.0312668978846912,false,false
2020-01-04,atm35000351,Izmir,37965,1153,573,580,7291.27,-0.0066349045023345,-0.0034728866097738,7227.905714285715,0.0309862267394496,true,false
2020-01-05,atm35000351,Izmir,38635,1343,732,611,7430.83,0.0191406983968498,0.001189706278631,7229.167142857143,0.0314050890979766,true,false
2020-01-06,atm35000351,Izmir,39570,1098,487,611,7525.46,0.0127347819826317,0.0417923547497982,7272.294285714286,0.0291435871176385,false,false
2020-01-07,atm35000351,Izmir,43205,1251,597,654,8050.0,0.0697020514360584,0.1274857208485416,7402.325714285714,0.0362012045859287,false,false
2020-01-01,atm35000352,Izmir,43420,1430,738,692,7225.58,0.0120171769998516,0.0088703653283626,7270.584285714285,0.0203415646379413,false,true
2020-01-02,atm35000352,Izmir,42335,1127,450,677,6953.17,-0.0377007797297932,-0.0544986027916969,7213.330000000001,0.0215160153679279,false,false
2020-01-03,atm35000352,Izmir,40525,1132,505,627,7339.97,0.0556293028935004,0.0176692505958382,7231.535714285715,0.0312668978846912,false,false
2020-01-04,atm35000352,Izmir,40505,1176,567,609,7291.27,-0.0066349045023345,-0.0034728866097738,7227.905714285715,0.0309862267394496,true,false
2020-01-05,atm35000352,Izmir,41845,1304,680,624,7430.83,0.0191406983968498,0.001189706278631,7229.167142857143,0.0314050890979766,true,false
2020-01-06,atm35000352,Izmir,42120,1244,593,651,7525.46,0.0127347819826317,0.0417923547497982,7272.294285714286,0.0291435871176385,false,false
2020-01-07,atm35000352,Izmir,47040,1365,644,721,8050.0,0.0697020514360584,0.1274857208485416,7402.325714285714,0.0362012045859287,false,false
2020-01-01,atm35000353,Izmir,46255,1292,563,729,7225.58,0.0120171769998516,0.0088703653283626,7270.584285714285,0.0203415646379413,false,true
2020-01-02,atm35000353,Izmir,40840,1199,504,695,6953.17,-0.0377007797297932,-0.0544986027916969,7213.330000000001,0.0215160153679279,false,false
2020-01-03,atm35000353,Izmir,39890,1381,734,647,7339.97,0.0556293028935004,0.0176692505958382,7231.535714285715,0.0312668978846912,false,false
2020-01-04,atm35000353,Izmir,43340,1298,635,663,7291.27,-0.0066349045023345,-0.0034728866097738,7227.905714285715,0.0309862267394496,true,false
2020-01-05,atm35000353,Izmir,41230,1184,587,597,7430.83,0.0191406983968498,0.001189706278631,7229.167142857143,0.0314050890979766,true,false
2020-01-06,atm35000353,Izmir,44260,1180,483,697,7525.46,0.0127347819826317,0.0417923547497982,7272.294285714286,0.0291435871176385,false,false
2020-01-07,atm35000353,Izmir,35615,1125,541,584,8050.0,0.0697020514360584,0.1274857208485416,7402.325714285714,0.0362012045859287,false,false
2020-01-01,atm35000354,Izmir,41685,1184,514,670,7225.58,0.0120171769998516,0.0088703653283626,7270.584285714285,0.0203415646379413,false,true
2020-01-02,atm35000354,Izmir,42175,1177,547,630,6953.17,-0.0377007797297932,-0.0544986027916969,7213.330000000001,0.0215160153679279,false,false
2020-01-03,atm35000354,Izmir,44140,1154,481,673,7339.97,0.0556293028935004,0.0176692505958382,7231.535714285715,0.0312668978846912,false,false
2020-01-04,atm35000354,Izmir,32935,1110,541,569,7291.27,-0.0066349045023345,-0.0034728866097738,7227.905714285715,0.0309862267394496,true,false
2020-01-05,atm35000354,Izmir,38820,1093,498,595,7430.83,0.0191406983968498,0.001189706278631,7229.167142857143,0.0314050890979766,true,false
2020-01-06,atm35000354,Izmir,41045,1281,641,640,7525.46,0.0127347819826317,0.0417923547497982,7272.294285714286,0.0291435871176385,false,false
2020-01-07,atm35000354,Izmir,36295,1206,599,607,8050.0,0.0697020514360584,0.1274857208485416,7402.325714285714,0.0362012045859287,false,false
2020-01-01,atm35000355,Izmir,46965,1399,692,707,7225.58,0.0120171769998516,0.0088703653283626,7270.584285714285,0.0203415646379413,false,true
2020-01-02,atm35000355,Izmir,42610,1257,589,668,6953.17,-0.0377007797297932,-0.0544986027916969,7213.330000000001,0.0215160153679279,false,false
2020-01-03,atm35000355,Izmir,40435,1213,568,645,7339.97,0.0556293028935004,0.0176692505958382,7231.535714285715,0.0312668978846912,false,false
2020-01-04,atm35000355,Izmir,38120,1117,511,606,7291.27,-0.0066349045023345,-0.0034728866097738,7227.905714285715,0.0309862267394496,true,false
2020-01-05,atm35000355,Izmir,41280,1099,456,643,7430.83,0.0191406983968498,0.001189706278631,7229.167142857143,0.0314050890979766,true,false
2020-01-06,atm35000355,Izmir,43785,1152,497,655,7525.46,0.0127347819826317,0.0417923547497982,7272.294285714286,0.0291435871176385,false,false
2020-01-07,atm35000355,Izmir,39350,1182,561,621,8050.0,0.0697020514360584,0.1274857208485416,7402.325714285714,0.0362012045859287,false,false
2020-01-01,atm35000356,Izmir,73685,2047,963,1084,7225.58,0.0120171769998516,0.0088703653283626,7270.584285714285,0.0203415646379413,false,true
2020-01-02,atm35000356,Izmir,72615,2018,930,1088,6953.17,-0.0377007797297932,-0.0544986027916969,7213.330000000001,0.0215160153679279,false,false
2020-01-03,atm35000356,Izmir,71120,2077,997,1080,7339.97,0.0556293028935004,0.0176692505958382,7231.535714285715,0.0312668978846912,false,false
2020-01-04,atm35000356,Izmir,68240,2036,977,1059,7291.27,-0.0066349045023345,-0.0034728866097738,7227.905714285715,0.0309862267394496,true,false
2020-01-05,atm35000356,Izmir,63285,2048,995,1053,7430.83,0.0191406983968498,0.001189706278631,7229.167142857143,0.0314050890979766,true,false
2020-01-06,atm35000356,Izmir,67090,2078,1013,1065,7525.46,0.0127347819826317,0.0417923547497982,7272.294285714286,0.0291435871176385,false,false
2020-01-07,atm35000356,Izmir,62935,2077,1013,1064,8050.0,0.0697020514360584,0.1274857208485416,7402.325714285714,0.0362012045859287,false,false
2020-01-01,atm35000357,Izmir,42395,1179,542,637,7225.58,0.0120171769998516,0.0088703653283626,7270.584285714285,0.0203415646379413,false,true
2020-01-02,atm35000357,Izmir,34735,1055,498,557,6953.17,-0.0377007797297932,-0.0544986027916969,7213.330000000001,0.0215160153679279,false,false
2020-01-03,atm35000357,Izmir,41765,1226,562,664,7339.97,0.0556293028935004,0.0176692505958382,7231.535714285715,0.0312668978846912,false,false
2020-01-04,atm35000357,Izmir,37420,1122,506,616,7291.27,-0.0066349045023345,-0.0034728866097738,7227.905714285715,0.0309862267394496,true,false
2020-01-05,atm35000357,Izmir,37025,1184,603,581,7430.83,0.0191406983968498,0.001189706278631,7229.167142857143,0.0314050890979766,true,false
2020-01-06,atm35000357,Izmir,43630,1167,527,640,7525.46,0.0127347819826317,0.0417923547497982,7272.294285714286,0.0291435871176385,false,false
2020-01-07,atm35000357,Izmir,43865,1262,592,670,8050.0,0.0697020514360584,0.1274857208485416,7402.325714285714,0.0362012045859287,false,false
2020-01-01,atm35000358,Izmir,42215,1205,568,637,7225.58,0.0120171769998516,0.0088703653283626,7270.584285714285,0.0203415646379413,false,true
2020-01-02,atm35000358,Izmir,42805,1044,408,636,6953.17,-0.0377007797297932,-0.0544986027916969,7213.330000000001,0.0215160153679279,false,false
2020-01-03,atm35000358,Izmir,41210,1185,531,654,7339.97,0.0556293028935004,0.0176692505958382,7231.535714285715,0.0312668978846912,false,false
2020-01-04,atm35000358,Izmir,41140,1248,587,661,7291.27,-0.0066349045023345,-0.0034728866097738,7227.905714285715,0.0309862267394496,true,false
2020-01-05,atm35000358,Izmir,42020,1146,497,649,7430.83,0.0191406983968498,0.001189706278631,7229.167142857143,0.0314050890979766,true,false
2020-01-06,atm35000358,Izmir,41215,1193,568,625,7525.46,0.0127347819826317,0.0417923547497982,7272.294285714286,0.0291435871176385,false,false
2020-01-07,atm35000358,Izmir,38330,1292,677,615,8050.0,0.0697020514360584,0.1274857208485416,7402.325714285714,0.0362012045859287,false,false
2020-01-01,atm3500036,Izmir,37370,1230,643,587,7225.58,0.0120171769998516,0.0088703653283626,7270.584285714285,0.0203415646379413,false,true
2020-01-02,atm3500036,Izmir,42495,1200,557,643,6953.17,-0.0377007797297932,-0.0544986027916969,7213.330000000001,0.0215160153679279,false,false
2020-01-03,atm3500036,Izmir,43600,1152,504,648,7339.97,0.0556293028935004,0.0176692505958382,7231.535714285715,0.0312668978846912,false,false
2020-01-04,atm3500036,Izmir,45060,1226,568,658,7291.27,-0.0066349045023345,-0.0034728866097738,7227.905714285715,0.0309862267394496,true,false
2020-01-05,atm3500036,Izmir,38860,1162,570,592,7430.83,0.0191406983968498,0.001189706278631,7229.167142857143,0.0314050890979766,true,false
2020-01-06,atm3500036,Izmir,40305,1256,600,656,7525.46,0.0127347819826317,0.0417923547497982,7272.294285714286,0.0291435871176385,false,false
2020-01-07,atm3500036,Izmir,41295,1207,560,647,8050.0,0.0697020514360584,0.1274857208485416,7402.325714285714,0.0362012045859287,false,false
2020-01-01,atm3500037,Izmir,44925,1288,556,732,7225.58,0.0120171769998516,0.0088703653283626,7270.584285714285,0.0203415646379413,false,true
2020-01-02,atm3500037,Izmir,43935,1280,612,668,6953.17,-0.0377007797297932,-0.0544986027916969,7213.330000000001,0.0215160153679279,false,false
2020-01-03,atm3500037,Izmir,42050,1193,505,688,7339.97,0.0556293028935004,0.0176692505958382,7231.535714285715,0.0312668978846912,false,false
2020-01-04,atm3500037,Izmir,39055,1175,540,635,7291.27,-0.0066349045023345,-0.0034728866097738,7227.905714285715,0.0309862267394496,true,false
2020-01-05,atm3500037,Izmir,38860,1142,538,604,7430.83,0.0191406983968498,0.001189706278631,7229.167142857143,0.0314050890979766,true,false
2020-01-06,atm3500037,Izmir,38755,1163,576,587,7525.46,0.0127347819826317,0.0417923547497982,7272.294285714286,0.0291435871176385,false,false
2020-01-07,atm3500037,Izmir,38390,1111,535,576,8050.0,0.0697020514360584,0.1274857208485416,7402.325714285714,0.0362012045859287,false,false
2020-01-01,atm3500038,Izmir,43345,1217,544,673,7225.58,0.0120171769998516,0.0088703653283626,7270.584285714285,0.0203415646379413,false,true
2020-01-02,atm3500038,Izmir,42595,1107,456,651,6953.17,-0.0377007797297932,-0.0544986027916969,7213.330000000001,0.0215160153679279,false,false
2020-01-03,atm3500038,Izmir,43665,1241,577,664,7339.97,0.0556293028935004,0.0176692505958382,7231.535714285715,0.0312668978846912,false,false
2020-01-04,atm3500038,Izmir,43055,1165,521,644,7291.27,-0.0066349045023345,-0.0034728866097738,7227.905714285715,0.0309862267394496,true,false
2020-01-05,atm3500038,Izmir,40775,1112,508,604,7430.83,0.0191406983968498,0.001189706278631,7229.167142857143,0.0314050890979766,true,false
2020-01-06,atm3500038,Izmir,41670,1250,604,646,7525.46,0.0127347819826317,0.0417923547497982,7272.294285714286,0.0291435871176385,false,false
2020-01-07,atm3500038,Izmir,46085,1322,629,693,8050.0,0.0697020514360584,0.1274857208485416,7402.325714285714,0.0362012045859287,false,false
2020-01-01,atm3500039,Izmir,42210,1255,548,707,7225.58,0.0120171769998516,0.0088703653283626,7270.584285714285,0.0203415646379413,false,true
2020-01-02,atm3500039,Izmir,45960,1206,488,718,6953.17,-0.0377007797297932,-0.0544986027916969,7213.330000000001,0.0215160153679279,false,false
2020-01-03,atm3500039,Izmir,45950,1198,505,693,7339.97,0.0556293028935004,0.0176692505958382,7231.535714285715,0.0312668978846912,false,false
2020-01-04,atm3500039,Izmir,42250,1190,529,661,7291.27,-0.0066349045023345,-0.0034728866097738,7227.905714285715,0.0309862267394496,true,false
2020-01-05,atm3500039,Izmir,40935,1180,557,623,7430.83,0.0191406983968498,0.001189706278631,7229.167142857143,0.0314050890979766,true,false
2020-01-06,atm3500039,Izmir,39205,1147,553,594,7525.46,0.0127347819826317,0.0417923547497982,7272.294285714286,0.0291435871176385,false,false
2020-01-07,atm3500039,Izmir,42745,1181,543,638,8050.0,0.0697020514360584,0.1274857208485416,7402.325714285714,0.0362012045859287,false,false
2020-01-01,atm350004,Izmir,44955,1169,522,647,7225.58,0.0120171769998516,0.0088703653283626,7270.584285714285,0.0203415646379413,false,true
2020-01-02,atm350004,Izmir,39525,1112,469,643,6953.17,-0.0377007797297932,-0.0544986027916969,7213.330000000001,0.0215160153679279,false,false
2020-01-03,atm350004,Izmir,46145,1140,474,666,7339.97,0.0556293028935004,0.0176692505958382,7231.535714285715,0.0312668978846912,false,false
2020-01-04,atm350004,Izmir,38205,1225,596,629,7291.27,-0.0066349045023345,-0.0034728866097738,7227.905714285715,0.0309862267394496,true,false
2020-01-05,atm350004,Izmir,35640,1271,700,571,7430.83,0.0191406983968498,0.001189706278631,7229.167142857143,0.0314050890979766,true,false
2020-01-06,atm350004,Izmir,43535,1232,536,696,7525.46,0.0127347819826317,0.0417923547497982,7272.294285714286,0.0291435871176385,false,false
2020-01-07,atm350004,Izmir,38320,1219,584,635,8050.0,0.0697020514360584,0.1274857208485416,7402.325714285714,0.0362012045859287,false,false
2020-01-01,atm3500040,Izmir,43565,1277,565,712,7225.58,0.0120171769998516,0.0088703653283626,7270.584285714285,0.0203415646379413,false,true
2020-01-02,atm3500040,Izmir,36235,1175,585,590,6953.17,-0.0377007797297932,-0.0544986027916969,7213.330000000001,0.0215160153679279,false,false
2020-01-03,atm3500040,Izmir,43205,1195,511,684,7339.97,0.0556293028935004,0.0176692505958382,7231.535714285715,0.0312668978846912,false,false
2020-01-04,atm3500040,Izmir,39980,1200,555,645,7291.27,-0.0066349045023345,-0.0034728866097738,7227.905714285715,0.0309862267394496,true,false
2020-01-05,atm3500040,Izmir,48960,1223,544,679,7430.83,0.0191406983968498,0.001189706278631,7229.167142857143,0.0314050890979766,true,false
2020-01-06,atm3500040,Izmir,39410,1172,511,661,7525.46,0.0127347819826317,0.0417923547497982,7272.294285714286,0.0291435871176385,false,false
2020-01-07,atm3500040,Izmir,40760,1173,532,641,8050.0,0.0697020514360584,0.1274857208485416,7402.325714285714,0.0362012045859287,false,false
2020-01-01,atm3500041,Izmir,45540,1222,505,717,7225.58,0.0120171769998516,0.0088703653283626,7270.584285714285,0.0203415646379413,false,true
2020-01-02,atm3500041,Izmir,35975,1052,451,601,6953.17,-0.0377007797297932,-0.0544986027916969,7213.330000000001,0.0215160153679279,false,false
2020-01-03,atm3500041,Izmir,48695,1265,570,695,7339.97,0.0556293028935004,0.0176692505958382,7231.535714285715,0.0312668978846912,false,false
2020-01-04,atm3500041,Izmir,36475,1142,530,612,7291.27,-0.0066349045023345,-0.0034728866097738,7227.905714285715,0.0309862267394496,true,false
2020-01-05,atm3500041,Izmir,44840,1225,560,665,7430.83,0.0191406983968498,0.001189706278631,7229.167142857143,0.0314050890979766,true,false
2020-01-06,atm3500041,Izmir,41460,1243,571,672,7525.46,0.0127347819826317,0.0417923547497982,7272.294285714286,0.0291435871176385,false,false
2020-01-07,atm3500041,Izmir,40270,1327,654,673,8050.0,0.0697020514360584,0.1274857208485416,7402.325714285714,0.0362012045859287,false,false
2020-01-01,atm3500042,Izmir,37930,1103,482,621,7225.58,0.0120171769998516,0.0088703653283626,7270.584285714285,0.0203415646379413,false,true
2020-01-02,atm3500042,Izmir,42750,1272,608,664,6953.17,-0.0377007797297932,-0.0544986027916969,7213.330000000001,0.0215160153679279,false,false
2020-01-03,atm3500042,Izmir,41870,1217,583,634,7339.97,0.0556293028935004,0.0176692505958382,7231.535714285715,0.0312668978846912,false,false
2020-01-04,atm3500042,Izmir,39665,1262,596,666,7291.27,-0.0066349045023345,-0.0034728866097738,7227.905714285715,0.0309862267394496,true,false
2020-01-05,atm3500042,Izmir,42670,1267,643,624,7430.83,0.0191406983968498,0.001189706278631,7229.167142857143,0.0314050890979766,true,false
2020-01-06,atm3500042,Izmir,37205,1173,563,610,7525.46,0.0127347819826317,0.0417923547497982,7272.294285714286,0.0291435871176385,false,false
2020-01-07,atm3500042,Izmir,50095,1334,618,716,8050.0,0.0697020514360584,0.1274857208485416,7402.325714285714,0.0362012045859287,false,false
2020-01-01,atm3500043,Izmir,38515,1209,531,678,7225.58,0.0120171769998516,0.0088703653283626,7270.584285714285,0.0203415646379413,false,true
2020-01-02,atm3500043,Izmir,44370,1205,537,668,6953.17,-0.0377007797297932,-0.0544986027916969,7213.330000000001,0.0215160153679279,false,false
2020-01-03,atm3500043,Izmir,41310,1204,538,666,7339.97,0.0556293028935004,0.0176692505958382,7231.535714285715,0.0312668978846912,false,false
2020-01-04,atm3500043,Izmir,41155,1317,666,651,7291.27,-0.0066349045023345,-0.0034728866097738,7227.905714285715,0.0309862267394496,true,false
2020-01-05,atm3500043,Izmir,41775,1115,440,675,7430.83,0.0191406983968498,0.001189706278631,7229.167142857143,0.0314050890979766,true,false
2020-01-06,atm3500043,Izmir,34290,1149,560,589,7525.46,0.0127347819826317,0.0417923547497982,7272.294285714286,0.0291435871176385,false,false
2020-01-07,atm3500043,Izmir,39765,1137,482,655,8050.0,0.0697020514360584,0.1274857208485416,7402.325714285714,0.0362012045859287,false,false
2020-01-01,atm3500044,Izmir,46350,1243,551,692,7225.58,0.0120171769998516,0.0088703653283626,7270.584285714285,0.0203415646379413,false,true
2020-01-02,atm3500044,Izmir,35485,1109,520,589,6953.17,-0.0377007797297932,-0.0544986027916969,7213.330000000001,0.0215160153679279,false,false
2020-01-03,atm3500044,Izmir,41345,1102,517,585,7339.97,0.0556293028935004,0.0176692505958382,7231.535714285715,0.0312668978846912,false,false
2020-01-04,atm3500044,Izmir,47250,1278,588,690,7291.27,-0.0066349045023345,-0.0034728866097738,7227.905714285715,0.0309862267394496,true,false
2020-01-05,atm3500044,Izmir,39495,1100,467,633,7430.83,0.0191406983968498,0.001189706278631,7229.167142857143,0.0314050890979766,true,false
2020-01-06,atm3500044,Izmir,46935,1300,615,685,7525.46,0.0127347819826317,0.0417923547497982,7272.294285714286,0.0291435871176385,false,false
2020-01-07,atm3500044,Izmir,38470,1098,505,593,8050.0,0.0697020514360584,0.1274857208485416,7402.325714285714,0.0362012045859287,false,false
2020-01-01,atm3500045,Izmir,35635,1260,690,570,7225.58,0.0120171769998516,0.0088703653283626,7270.584285714285,0.0203415646379413,false,true
2020-01-02,atm3500045,Izmir,42660,1191,536,655,6953.17,-0.0377007797297932,-0.0544986027916969,7213.330000000001,0.0215160153679279,false,false
2020-01-03,atm3500045,Izmir,48605,1343,607,736,7339.97,0.0556293028935004,0.0176692505958382,7231.535714285715,0.0312668978846912,false,false
2020-01-04,atm3500045,Izmir,42170,1210,578,632,7291.27,-0.0066349045023345,-0.0034728866097738,7227.905714285715,0.0309862267394496,true,false
2020-01-05,atm3500045,Izmir,48360,1205,466,739,7430.83,0.0191406983968498,0.001189706278631,7229.167142857143,0.0314050890979766,true,false
2020-01-06,atm3500045,Izmir,41040,1224,572,652,7525.46,0.0127347819826317,0.0417923547497982,7272.294285714286,0.0291435871176385,false,false
2020-01-07,atm3500045,Izmir,38870,1129,511,618,8050.0,0.0697020514360584,0.1274857208485416,7402.325714285714,0.0362012045859287,false,false
2020-01-01,atm3500046,Izmir,45260,1154,461,693,7225.58,0.0120171769998516,0.0088703653283626,7270.584285714285,0.0203415646379413,false,true
2020-01-02,atm3500046,Izmir,43460,1204,511,693,6953.17,-0.0377007797297932,-0.0544986027916969,7213.330000000001,0.0215160153679279,false,false
2020-01-03,atm3500046,Izmir,42495,1323,674,649,7339.97,0.0556293028935004,0.0176692505958382,7231.535714285715,0.0312668978846912,false,false
2020-01-04,atm3500046,Izmir,35590,1170,593,577,7291.27,-0.0066349045023345,-0.0034728866097738,7227.905714285715,0.0309862267394496,true,false
2020-01-05,atm3500046,Izmir,43790,1232,596,636,7430.83,0.0191406983968498,0.001189706278631,7229.167142857143,0.0314050890979766,true,false
2020-01-06,atm3500046,Izmir,42210,1137,481,656,7525.46,0.0127347819826317,0.0417923547497982,7272.294285714286,0.0291435871176385,false,false
2020-01-07,atm3500046,Izmir,44165,1155,499,656,8050.0,0.0697020514360584,0.1274857208485416,7402.325714285714,0.0362012045859287,false,false
2020-01-01,atm3500047,Izmir,41140,1125,532,593,7225.58,0.0120171769998516,0.0088703653283626,7270.584285714285,0.0203415646379413,false,true
2020-01-02,atm3500047,Izmir,43630,1166,488,678,6953.17,-0.0377007797297932,-0.0544986027916969,7213.330000000001,0.0215160153679279,false,false
2020-01-03,atm3500047,Izmir,42170,1235,594,641,7339.97,0.0556293028935004,0.0176692505958382,7231.535714285715,0.0312668978846912,false,false
2020-01-04,atm3500047,Izmir,40135,1188,525,663,7291.27,-0.0066349045023345,-0.0034728866097738,7227.905714285715,0.0309862267394496,true,false
2020-01-05,atm3500047,Izmir,40510,1136,567,569,7430.83,0.0191406983968498,0.001189706278631,7229.167142857143,0.0314050890979766,true,false
2020-01-06,atm3500047,Izmir,44915,1130,472,658,7525.46,0.0127347819826317,0.0417923547497982,7272.294285714286,0.0291435871176385,false,false
2020-01-07,atm3500047,Izmir,43945,1247,545,702,8050.0,0.0697020514360584,0.1274857208485416,7402.325714285714,0.0362012045859287,false,false
2020-01-01,atm3500048,Izmir,43220,1221,541,680,7225.58,0.0120171769998516,0.0088703653283626,7270.584285714285,0.0203415646379413,false,true
2020-01-02,atm3500048,Izmir,39035,1228,605,623,6953.17,-0.0377007797297932,-0.0544986027916969,7213.330000000001,0.0215160153679279,false,false
2020-01-03,atm3500048,Izmir,37815,1138,525,613,7339.97,0.0556293028935004,0.0176692505958382,7231.535714285715,0.0312668978846912,false,false
2020-01-04,atm3500048,Izmir,42490,1246,563,683,7291.27,-0.0066349045023345,-0.0034728866097738,7227.905714285715,0.0309862267394496,true,false
2020-01-05,atm3500048,Izmir,44950,1306,596,710,7430.83,0.0191406983968498,0.001189706278631,7229.167142857143,0.0314050890979766,true,false
2020-01-06,atm3500048,Izmir,38430,1170,568,602,7525.46,0.0127347819826317,0.0417923547497982,7272.294285714286,0.0291435871176385,false,false
2020-01-07,atm3500048,Izmir,42235,1308,651,657,8050.0,0.0697020514360584,0.1274857208485416,7402.325714285714,0.0362012045859287,false,false
2020-01-01,atm3500049,Izmir,46050,1209,516,693,7225.58,0.0120171769998516,0.0088703653283626,7270.584285714285,0.0203415646379413,false,true
2020-01-02,atm3500049,Izmir,41570,1277,637,640,6953.17,-0.0377007797297932,-0.0544986027916969,7213.330000000001,0.0215160153679279,false,false
2020-01-03,atm3500049,Izmir,46335,1361,650,711,7339.97,0.0556293028935004,0.0176692505958382,7231.535714285715,0.0312668978846912,false,false
2020-01-04,atm3500049,Izmir,39115,1139,530,609,7291.27,-0.0066349045023345,-0.0034728866097738,7227.905714285715,0.0309862267394496,true,false
2020-01-05,atm3500049,Izmir,40950,1145,528,617,7430.83,0.0191406983968498,0.001189706278631,7229.167142857143,0.0314050890979766,true,false
2020-01-06,atm3500049,Izmir,41335,1183,566,617,7525.46,0.0127347819826317,0.0417923547497982,7272.294285714286,0.0291435871176385,false,false
2020-01-07,atm3500049,Izmir,40290,1257,601,656,8050.0,0.0697020514360584,0.1274857208485416,7402.325714285714,0.0362012045859287,false,false
2020-01-01,atm350005,Izmir,42400,1187,542,645,7225.58,0.0120171769998516,0.0088703653283626,7270.584285714285,0.0203415646379413,false,true
2020-01-02,atm350005,Izmir,46590,1332,601,731,6953.17,-0.0377007797297932,-0.0544986027916969,7213.330000000001,0.0215160153679279,false,false
2020-01-03,atm350005,Izmir,39530,1185,554,631,7339.97,0.0556293028935004,0.0176692505958382,7231.535714285715,0.0312668978846912,false,false
2020-01-04,atm350005,Izmir,38225,1125,514,611,7291.27,-0.0066349045023345,-0.0034728866097738,7227.905714285715,0.0309862267394496,true,false
2020-01-05,atm350005,Izmir,41165,1201,601,600,7430.83,0.0191406983968498,0.001189706278631,7229.167142857143,0.0314050890979766,true,false
2020-01-06,atm350005,Izmir,42235,1181,557,624,7525.46,0.0127347819826317,0.0417923547497982,7272.294285714286,0.0291435871176385,false,false
2020-01-07,atm350005,Izmir,40745,1123,515,608,8050.0,0.0697020514360584,0.1274857208485416,7402.325714285714,0.0362012045859287,false,false
2020-01-01,atm3500050,Izmir,45485,1076,418,658,7225.58,0.0120171769998516,0.0088703653283626,7270.584285714285,0.0203415646379413,false,true
2020-01-02,atm3500050,Izmir,43825,1187,554,633,6953.17,-0.0377007797297932,-0.0544986027916969,7213.330000000001,0.0215160153679279,false,false
2020-01-03,atm3500050,Izmir,44325,1268,579,689,7339.97,0.0556293028935004,0.0176692505958382,7231.535714285715,0.0312668978846912,false,false
2020-01-04,atm3500050,Izmir,42530,1202,566,636,7291.27,-0.0066349045023345,-0.0034728866097738,7227.905714285715,0.0309862267394496,true,false
2020-01-05,atm3500050,Izmir,34470,1010,450,560,7430.83,0.0191406983968498,0.001189706278631,7229.167142857143,0.0314050890979766,true,false
2020-01-06,atm3500050,Izmir,40280,1229,537,692,7525.46,0.0127347819826317,0.0417923547497982,7272.294285714286,0.0291435871176385,false,false
2020-01-07,atm3500050,Izmir,39675,1121,497,624,8050.0,0.0697020514360584,0.1274857208485416,7402.325714285714,0.0362012045859287,false,false
2020-01-01,atm3500051,Izmir,42255,1325,659,666,7225.58,0.0120171769998516,0.0088703653283626,7270.584285714285,0.0203415646379413,false,true
2020-01-02,atm3500051,Izmir,36040,1203,611,592,6953.17,-0.0377007797297932,-0.0544986027916969,7213.330000000001,0.0215160153679279,false,false
2020-01-03,atm3500051,Izmir,36140,1085,508,577,7339.97,0.0556293028935004,0.0176692505958382,7231.535714285715,0.0312668978846912,false,false
2020-01-04,atm3500051,Izmir,47140,1231,505,726,7291.27,-0.0066349045023345,-0.0034728866097738,7227.905714285715,0.0309862267394496,true,false
2020-01-05,atm3500051,Izmir,36390,1098,522,576,7430.83,0.0191406983968498,0.001189706278631,7229.167142857143,0.0314050890979766,true,false
2020-01-06,atm3500051,Izmir,40100,1189,555,634,7525.46,0.0127347819826317,0.0417923547497982,7272.294285714286,0.0291435871176385,false,false
2020-01-07,atm3500051,Izmir,38210,1241,605,636,8050.0,0.0697020514360584,0.1274857208485416,7402.325714285714,0.0362012045859287,false,false
2020-01-01,atm3500052,Izmir,39320,1166,567,599,7225.58,0.0120171769998516,0.0088703653283626,7270.584285714285,0.0203415646379413,false,true
2020-01-02,atm3500052,Izmir,37620,1174,581,593,6953.17,-0.0377007797297932,-0.0544986027916969,7213.330000000001,0.0215160153679279,false,false
2020-01-03,atm3500052,Izmir,39695,1237,629,608,7339.97,0.0556293028935004,0.0176692505958382,7231.535714285715,0.0312668978846912,false,false
2020-01-04,atm3500052,Izmir,44410,1116,440,676,7291.27,-0.0066349045023345,-0.0034728866097738,7227.905714285715,0.0309862267394496,true,false
2020-01-05,atm3500052,Izmir,34295,1054,492,562,7430.83,0.0191406983968498,0.001189706278631,7229.167142857143,0.0314050890979766,true,false
2020-01-06,atm3500052,Izmir,42095,1261,596,665,7525.46,0.0127347819826317,0.0417923547497982,7272.294285714286,0.0291435871176385,false,false
2020-01-07,atm3500052,Izmir,45875,1267,555,712,8050.0,0.0697020514360584,0.1274857208485416,7402.325714285714,0.0362012045859287,false,false
2020-01-01,atm3500053,Izmir,43485,1192,490,702,7225.58,0.0120171769998516,0.0088703653283626,7270.584285714285,0.0203415646379413,false,true
2020-01-02,atm3500053,Izmir,41355,1211,538,673,6953.17,-0.0377007797297932,-0.0544986027916969,7213.330000000001,0.0215160153679279,false,false
2020-01-03,atm3500053,Izmir,43220,1132,491,641,7339.97,0.0556293028935004,0.0176692505958382,7231.535714285715,0.0312668978846912,false,false
2020-01-04,atm3500053,Izmir,41305,1156,522,634,7291.27,-0.0066349045023345,-0.0034728866097738,7227.905714285715,0.0309862267394496,true,false
2020-01-05,atm3500053,Izmir,43060,1197,583,614,7430.83,0.0191406983968498,0.001189706278631,7229.167142857143,0.0314050890979766,true,false
2020-01-06,atm3500053,Izmir,40620,1210,562,648,7525.46,0.0127347819826317,0.0417923547497982,7272.294285714286,0.0291435871176385,false,false
2020-01-07,atm3500053,Izmir,35835,1173,563,610,8050.0,0.0697020514360584,0.1274857208485416,7402.325714285714,0.0362012045859287,false,false
2020-01-01,atm3500054,Izmir,41795,1158,512,646,7225.58,0.0120171769998516,0.0088703653283626,7270.584285714285,0.0203415646379413,false,true
2020-01-02,atm3500054,Izmir,40695,1248,598,650,6953.17,-0.0377007797297932,-0.0544986027916969,7213.330000000001,0.0215160153679279,false,false
2020-01-03,atm3500054,Izmir,46285,1211,535,676,7339.97,0.0556293028935004,0.0176692505958382,7231.535714285715,0.0312668978846912,false,false
2020-01-04,atm3500054,Izmir,40025,1305,719,586,7291.27,-0.0066349045023345,-0.0034728866097738,7227.905714285715,0.0309862267394496,true,false
2020-01-05,atm3500054,Izmir,46860,1232,528,704,7430.83,0.0191406983968498,0.001189706278631,7229.167142857143,0.0314050890979766,true,false
2020-01-06,atm3500054,Izmir,39125,1176,524,652,7525.46,0.0127347819826317,0.0417923547497982,7272.294285714286,0.0291435871176385,false,false
2020-01-07,atm3500054,Izmir,40795,1310,658,652,8050.0,0.0697020514360584,0.1274857208485416,7402.325714285714,0.0362012045859287,false,false
2020-01-01,atm3500055,Izmir,40135,1258,607,651,7225.58,0.0120171769998516,0.0088703653283626,7270.584285714285,0.0203415646379413,false,true
2020-01-02,atm3500055,Izmir,34545,1124,569,555,6953.17,-0.0377007797297932,-0.0544986027916969,7213.330000000001,0.0215160153679279,false,false
2020-01-03,atm3500055,Izmir,43790,1184,518,666,7339.97,0.0556293028935004,0.0176692505958382,7231.535714285715,0.0312668978846912,false,false
2020-01-04,atm3500055,Izmir,37205,1144,532,612,7291.27,-0.0066349045023345,-0.0034728866097738,7227.905714285715,0.0309862267394496,true,false
2020-01-05,atm3500055,Izmir,40690,1162,531,631,7430.83,0.0191406983968498,0.001189706278631,7229.167142857143,0.0314050890979766,true,false
2020-01-06,atm3500055,Izmir,43025,1251,575,676,7525.46,0.0127347819826317,0.0417923547497982,7272.294285714286,0.0291435871176385,false,false
2020-01-07,atm3500055,Izmir,42935,1182,528,654,8050.0,0.0697020514360584,0.1274857208485416,7402.325714285714,0.0362012045859287,false,false
2020-01-01,atm3500056,Izmir,69475,1995,917,1078,7225.58,0.0120171769998516,0.0088703653283626,7270.584285714285,0.0203415646379413,false,true
2020-01-02,atm3500056,Izmir,69345,2081,978,1103,6953.17,-0.0377007797297932,-0.0544986027916969,7213.330000000001,0.0215160153679279,false,false
2020-01-03,atm3500056,Izmir,69290,2048,961,1087,7339.97,0.0556293028935004,0.0176692505958382,7231.535714285715,0.0312668978846912,false,false
2020-01-04,atm3500056,Izmir,70130,2061,991,1070,7291.27,-0.0066349045023345,-0.0034728866097738,7227.905714285715,0.0309862267394496,true,false
2020-01-05,atm3500056,Izmir,62430,2034,963,1071,7430.83,0.0191406983968498,0.001189706278631,7229.167142857143,0.0314050890979766,true,false
2020-01-06,atm3500056,Izmir,72385,2039,956,1083,7525.46,0.0127347819826317,0.0417923547497982,7272.294285714286,0.0291435871176385,false,false
2020-01-07,atm3500056,Izmir,70530,2129,1036,1093,8050.0,0.0697020514360584,0.1274857208485416,7402.325714285714,0.0362012045859287,false,false
2020-01-01,atm3500057,Izmir,40605,1163,557,606,7225.58,0.0120171769998516,0.0088703653283626,7270.584285714285,0.0203415646379413,false,true
2020-01-02,atm3500057,Izmir,42175,1212,547,665,6953.17,-0.0377007797297932,-0.0544986027916969,7213.330000000001,0.0215160153679279,false,false
2020-01-03,atm3500057,Izmir,36135,1211,630,581,7339.97,0.0556293028935004,0.0176692505958382,7231.535714285715,0.0312668978846912,false,false
2020-01-04,atm3500057,Izmir,44860,1328,647,681,7291.27,-0.0066349045023345,-0.0034728866097738,7227.905714285715,0.0309862267394496,true,false
2020-01-05,atm3500057,Izmir,38095,1111,504,607,7430.83,0.0191406983968498,0.001189706278631,7229.167142857143,0.0314050890979766,true,false
2020-01-06,atm3500057,Izmir,39780,1277,610,667,7525.46,0.0127347819826317,0.0417923547497982,7272.294285714286,0.0291435871176385,false,false
2020-01-07,atm3500057,Izmir,43650,1219,534,685,8050.0,0.0697020514360584,0.1274857208485416,7402.325714285714,0.0362012045859287,false,false
2020-01-01,atm3500058,Izmir,39515,1207,589,618,7225.58,0.0120171769998516,0.0088703653283626,7270.584285714285,0.0203415646379413,false,true
2020-01-02,atm3500058,Izmir,40805,1249,614,635,6953.17,-0.0377007797297932,-0.0544986027916969,7213.330000000001,0.0215160153679279,false,false
2020-01-03,atm3500058,Izmir,42980,1204,539,665,7339.97,0.0556293028935004,0.0176692505958382,7231.535714285715,0.0312668978846912,false,false
2020-01-04,atm3500058,Izmir,42760,1209,551,658,7291.27,-0.0066349045023345,-0.0034728866097738,7227.905714285715,0.0309862267394496,true,false
2020-01-05,atm3500058,Izmir,35720,1066,492,574,7430.83,0.0191406983968498,0.001189706278631,7229.167142857143,0.0314050890979766,true,false
2020-01-06,atm3500058,Izmir,45775,1243,526,717,7525.46,0.0127347819826317,0.0417923547497982,7272.294285714286,0.0291435871176385,false,false
2020-01-07,atm3500058,Izmir,41925,1164,532,632,8050.0,0.0697020514360584,0.1274857208485416,7402.325714285714,0.0362012045859287,false,false
2020-01-01,atm3500059,Izmir,39905,1231,596,635,7225.58,0.0120171769998516,0.0088703653283626,7270.584285714285,0.0203415646379413,false,true
2020-01-02,atm3500059,Izmir,41470,1175,552,623,6953.17,-0.0377007797297932,-0.0544986027916969,7213.330000000001,0.0215160153679279,false,false
2020-01-03,atm3500059,Izmir,43025,1133,496,637,7339.97,0.0556293028935004,0.0176692505958382,7231.535714285715,0.0312668978846912,false,false
2020-01-04,atm3500059,Izmir,38150,1163,538,625,7291.27,-0.0066349045023345,-0.0034728866097738,7227.905714285715,0.0309862267394496,true,false
2020-01-05,atm3500059,Izmir,38120,1188,564,624,7430.83,0.0191406983968498,0.001189706278631,7229.167142857143,0.0314050890979766,true,false
2020-01-06,atm3500059,Izmir,43060,1146,537,609,7525.46,0.0127347819826317,0.0417923547497982,7272.294285714286,0.0291435871176385,false,false
2020-01-07,atm3500059,Izmir,39000,1121,508,613,8050.0,0.0697020514360584,0.1274857208485416,7402.325714285714,0.0362012045859287,false,false
2020-01-01,atm350006,Izmir,43075,1209,531,678,7225.58,0.0120171769998516,0.0088703653283626,7270.584285714285,0.0203415646379413,false,true
2020-01-02,atm350006,Izmir,34910,1021,448,573,6953.17,-0.0377007797297932,-0.0544986027916969,7213.330000000001,0.0215160153679279,false,false
2020-01-03,atm350006,Izmir,43885,1217,554,663,7339.97,0.0556293028935004,0.0176692505958382,7231.535714285715,0.0312668978846912,false,false
2020-01-04,atm350006,Izmir,45620,1310,589,721,7291.27,-0.0066349045023345,-0.0034728866097738,7227.905714285715,0.0309862267394496,true,false
2020-01-05,atm350006,Izmir,40440,1285,630,655,7430.83,0.0191406983968498,0.001189706278631,7229.167142857143,0.0314050890979766,true,false
2020-01-06,atm350006,Izmir,41805,1144,472,672,7525.46,0.0127347819826317,0.0417923547497982,7272.294285714286,0.0291435871176385,false,false
2020-01-07,atm350006,Izmir,48560,1365,633,732,8050.0,0.0697020514360584,0.1274857208485416,7402.325714285714,0.0362012045859287,false,false
2020-01-01,atm3500060,Izmir,43220,1288,615,673,7225.58,0.0120171769998516,0.0088703653283626,7270.584285714285,0.0203415646379413,false,true
2020-01-02,atm3500060,Izmir,41945,1326,675,651,6953.17,-0.0377007797297932,-0.0544986027916969,7213.330000000001,0.0215160153679279,false,false
2020-01-03,atm3500060,Izmir,45785,1245,551,694,7339.97,0.0556293028935004,0.0176692505958382,7231.535714285715,0.0312668978846912,false,false
2020-01-04,atm3500060,Izmir,40005,1196,607,589,7291.27,-0.0066349045023345,-0.0034728866097738,7227.905714285715,0.0309862267394496,true,false
2020-01-05,atm3500060,Izmir,42870,1141,513,628,7430.83,0.0191406983968498,0.001189706278631,7229.167142857143,0.0314050890979766,true,false
2020-01-06,atm3500060,Izmir,38905,1193,599,594,7525.46,0.0127347819826317,0.0417923547497982,7272.294285714286,0.0291435871176385,false,false
2020-01-07,atm3500060,Izmir,41250,1199,529,670,8050.0,0.0697020514360584,0.1274857208485416,7402.325714285714,0.0362012045859287,false,false
2020-01-01,atm3500061,Izmir,37705,1140,529,611,7225.58,0.0120171769998516,0.0088703653283626,7270.584285714285,0.0203415646379413,false,true
2020-01-02,atm3500061,Izmir,37165,1127,554,573,6953.17,-0.0377007797297932,-0.0544986027916969,7213.330000000001,0.0215160153679279,false,false
2020-01-03,atm3500061,Izmir,45725,1299,569,730,7339.97,0.0556293028935004,0.0176692505958382,7231.535714285715,0.0312668978846912,false,false
2020-01-04,atm3500061,Izmir,37695,1279,643,636,7291.27,-0.0066349045023345,-0.0034728866097738,7227.905714285715,0.0309862267394496,true,false
2020-01-05,atm3500061,Izmir,45410,1147,445,702,7430.83,0.0191406983968498,0.001189706278631,7229.167142857143,0.0314050890979766,true,false
2020-01-06,atm3500061,Izmir,44965,1182,492,690,7525.46,0.0127347819826317,0.0417923547497982,7272.294285714286,0.0291435871176385,false,false
2020-01-07,atm3500061,Izmir,45830,1368,649,719,8050.0,0.0697020514360584,0.1274857208485416,7402.325714285714,0.0362012045859287,false,false
2020-01-01,atm3500062,Izmir,40655,1176,505,671,7225.58,0.0120171769998516,0.0088703653283626,7270.584285714285,0.0203415646379413,false,true
2020-01-02,atm3500062,Izmir,44485,1272,566,706,6953.17,-0.0377007797297932,-0.0544986027916969,7213.330000000001,0.0215160153679279,false,false
2020-01-03,atm3500062,Izmir,39440,1223,581,642,7339.97,0.0556293028935004,0.0176692505958382,7231.535714285715,0.0312668978846912,false,false
2020-01-04,atm3500062,Izmir,42750,1264,606,658,7291.27,-0.0066349045023345,-0.0034728866097738,7227.905714285715,0.0309862267394496,true,false
2020-01-05,atm3500062,Izmir,39740,1178,550,628,7430.83,0.0191406983968498,0.001189706278631,7229.167142857143,0.0314050890979766,true,false
2020-01-06,atm3500062,Izmir,40250,1279,673,606,7525.46,0.0127347819826317,0.0417923547497982,7272.294285714286,0.0291435871176385,false,false
2020-01-07,atm3500062,Izmir,46630,1245,501,744,8050.0,0.0697020514360584,0.1274857208485416,7402.325714285714,0.0362012045859287,false,false
2020-01-01,atm3500063,Izmir,42025,1231,571,660,7225.58,0.0120171769998516,0.0088703653283626,7270.584285714285,0.0203415646379413,false,true
2020-01-02,atm3500063,Izmir,46365,1199,512,687,6953.17,-0.0377007797297932,-0.0544986027916969,7213.330000000001,0.0215160153679279,false,false
2020-01-03,atm3500063,Izmir,47090,1321,617,704,7339.97,0.0556293028935004,0.0176692505958382,7231.535714285715,0.0312668978846912,false,false
2020-01-04,atm3500063,Izmir,37630,1190,612,578,7291.27,-0.0066349045023345,-0.0034728866097738,7227.905714285715,0.0309862267394496,true,false
2020-01-05,atm3500063,Izmir,44240,1307,621,686,7430.83,0.0191406983968498,0.001189706278631,7229.167142857143,0.0314050890979766,true,false
2020-01-06,atm3500063,Izmir,39000,1294,670,624,7525.46,0.0127347819826317,0.0417923547497982,7272.294285714286,0.0291435871176385,false,false
2020-01-07,atm3500063,Izmir,41180,1149,488,661,8050.0,0.0697020514360584,0.1274857208485416,7402.325714285714,0.0362012045859287,false,false
2020-01-01,atm3500064,Izmir,42095,1293,653,640,7225.58,0.0120171769998516,0.0088703653283626,7270.584285714285,0.0203415646379413,false,true
2020-01-02,atm3500064,Izmir,39680,1182,539,643,6953.17,-0.0377007797297932,-0.0544986027916969,7213.330000000001,0.0215160153679279,false,false
2020-01-03,atm3500064,Izmir,36265,1191,603,588,7339.97,0.0556293028935004,0.0176692505958382,7231.535714285715,0.0312668978846912,false,false
2020-01-04,atm3500064,Izmir,38700,1113,488,625,7291.27,-0.0066349045023345,-0.0034728866097738,7227.905714285715,0.0309862267394496,true,false
2020-01-05,atm3500064,Izmir,39065,1150,547,603,7430.83,0.0191406983968498,0.001189706278631,7229.167142857143,0.0314050890979766,true,false
2020-01-06,atm3500064,Izmir,40835,1226,574,652,7525.46,0.0127347819826317,0.0417923547497982,7272.294285714286,0.0291435871176385,false,false
2020-01-07,atm3500064,Izmir,39435,1125,503,622,8050.0,0.0697020514360584,0.1274857208485416,7402.325714285714,0.0362012045859287,false,false
2020-01-01,atm3500065,Izmir,34380,1155,573,582,7225.58,0.0120171769998516,0.0088703653283626,7270.584285714285,0.0203415646379413,false,true
2020-01-02,atm3500065,Izmir,39390,1124,482,642,6953.17,-0.0377007797297932,-0.0544986027916969,7213.330000000001,0.0215160153679279,false,false
2020-01-03,atm3500065,Izmir,40310,1175,528,647,7339.97,0.0556293028935004,0.0176692505958382,7231.535714285715,0.0312668978846912,false,false
2020-01-04,atm3500065,Izmir,38760,1163,568,595,7291.27,-0.0066349045023345,-0.0034728866097738,7227.905714285715,0.0309862267394496,true,false
2020-01-05,atm3500065,Izmir,38800,1160,572,588,7430.83,0.0191406983968498,0.001189706278631,7229.167142857143,0.0314050890979766,true,false
2020-01-06,atm3500065,Izmir,39645,1140,526,614,7525.46,0.0127347819826317,0.0417923547497982,7272.294285714286,0.0291435871176385,false,false
2020-01-07,atm3500065,Izmir,40555,1269,656,613,8050.0,0.0697020514360584,0.1274857208485416,7402.325714285714,0.0362012045859287,false,false
2020-01-01,atm3500066,Izmir,45725,1225,573,652,7225.58,0.0120171769998516,0.0088703653283626,7270.584285714285,0.0203415646379413,false,true
2020-01-02,atm3500066,Izmir,38720,1112,535,577,6953.17,-0.0377007797297932,-0.0544986027916969,7213.330000000001,0.0215160153679279,false,false
2020-01-03,atm3500066,Izmir,43325,1190,532,658,7339.97,0.0556293028935004,0.0176692505958382,7231.535714285715,0.0312668978846912,false,false
2020-01-04,atm3500066,Izmir,46550,1232,514,718,7291.27,-0.0066349045023345,-0.0034728866097738,7227.905714285715,0.0309862267394496,true,false
2020-01-05,atm3500066,Izmir,37810,1077,515,562,7430.83,0.0191406983968498,0.001189706278631,7229.167142857143,0.0314050890979766,true,false
2020-01-06,atm3500066,Izmir,44580,1177,513,664,7525.46,0.0127347819826317,0.0417923547497982,7272.294285714286,0.0291435871176385,false,false
2020-01-07,atm3500066,Izmir,38010,1100,480,620,8050.0,0.0697020514360584,0.1274857208485416,7402.325714285714,0.0362012045859287,false,false
2020-01-01,atm3500067,Izmir,44035,1289,611,678,7225.58,0.0120171769998516,0.0088703653283626,7270.584285714285,0.0203415646379413,false,true
2020-01-02,atm3500067,Izmir,39620,1068,449,619,6953.17,-0.0377007797297932,-0.0544986027916969,7213.330000000001,0.0215160153679279,false,false
2020-01-03,atm3500067,Izmir,46470,1296,584,712,7339.97,0.0556293028935004,0.0176692505958382,7231.535714285715,0.0312668978846912,false,false
2020-01-04,atm3500067,Izmir,38825,1189,574,615,7291.27,-0.0066349045023345,-0.0034728866097738,7227.905714285715,0.0309862267394496,true,false
2020-01-05,atm3500067,Izmir,42105,1258,616,642,7430.83,0.0191406983968498,0.001189706278631,7229.167142857143,0.0314050890979766,true,false
2020-01-06,atm3500067,Izmir,42810,1328,672,656,7525.46,0.0127347819826317,0.0417923547497982,7272.294285714286,0.0291435871176385,false,false
2020-01-07,atm3500067,Izmir,38860,1207,608,599,8050.0,0.0697020514360584,0.1274857208485416,7402.325714285714,0.0362012045859287,false,false
2020-01-01,atm3500068,Izmir,42515,1213,539,674,7225.58,0.0120171769998516,0.0088703653283626,7270.584285714285,0.0203415646379413,false,true
2020-01-02,atm3500068,Izmir,40530,1223,573,650,6953.17,-0.0377007797297932,-0.0544986027916969,7213.330000000001,0.0215160153679279,false,false
2020-01-03,atm3500068,Izmir,41415,1190,549,641,7339.97,0.0556293028935004,0.0176692505958382,7231.535714285715,0.0312668978846912,false,false
2020-01-04,atm3500068,Izmir,41480,1144,486,658,7291.27,-0.0066349045023345,-0.0034728866097738,7227.905714285715,0.0309862267394496,true,false
2020-01-05,atm3500068,Izmir,44845,1233,517,716,7430.83,0.0191406983968498,0.001189706278631,7229.167142857143,0.0314050890979766,true,false
2020-01-06,atm3500068,Izmir,43670,1199,554,645,7525.46,0.0127347819826317,0.0417923547497982,7272.294285714286,0.0291435871176385,false,false
2020-01-07,atm3500068,Izmir,44845,1132,433,699,8050.0,0.0697020514360584,0.1274857208485416,7402.325714285714,0.0362012045859287,false,false
2020-01-01,atm3500069,Izmir,49460,1207,504,703,7225.58,0.0120171769998516,0.0088703653283626,7270.584285714285,0.0203415646379413,false,true
2020-01-02,atm3500069,Izmir,43680,1229,535,694,6953.17,-0.0377007797297932,-0.0544986027916969,7213.330000000001,0.0215160153679279,false,false
2020-01-03,atm3500069,Izmir,39225,1168,523,645,7339.97,0.0556293028935004,0.0176692505958382,7231.535714285715,0.0312668978846912,false,false
2020-01-04,atm3500069,Izmir,39880,1032,409,623,7291.27,-0.0066349045023345,-0.0034728866097738,7227.905714285715,0.0309862267394496,true,false
2020-01-05,atm3500069,Izmir,45595,1176,512,664,7430.83,0.0191406983968498,0.001189706278631,7229.167142857143,0.0314050890979766,true,false
2020-01-06,atm3500069,Izmir,49060,1161,474,687,7525.46,0.0127347819826317,0.0417923547497982,7272.294285714286,0.0291435871176385,false,false
2020-01-07,atm3500069,Izmir,43025,1282,614,668,8050.0,0.0697020514360584,0.1274857208485416,7402.325714285714,0.0362012045859287,false,false
2020-01-01,atm350007,Izmir,36710,1273,701,572,7225.58,0.0120171769998516,0.0088703653283626,7270.584285714285,0.0203415646379413,false,true
2020-01-02,atm350007,Izmir,39035,1063,479,584,6953.17,-0.0377007797297932,-0.0544986027916969,7213.330000000001,0.0215160153679279,false,false
2020-01-03,atm350007,Izmir,39585,1194,566,628,7339.97,0.0556293028935004,0.0176692505958382,7231.535714285715,0.0312668978846912,false,false
2020-01-04,atm350007,Izmir,40130,1132,506,626,7291.27,-0.0066349045023345,-0.0034728866097738,7227.905714285715,0.0309862267394496,true,false
2020-01-05,atm350007,Izmir,42870,1224,519,705,7430.83,0.0191406983968498,0.001189706278631,7229.167142857143,0.0314050890979766,true,false
2020-01-06,atm350007,Izmir,41595,1174,531,643,7525.46,0.0127347819826317,0.0417923547497982,7272.294285714286,0.0291435871176385,false,false
2020-01-07,atm350007,Izmir,41725,1254,583,671,8050.0,0.0697020514360584,0.1274857208485416,7402.325714285714,0.0362012045859287,false,false
2020-01-01,atm3500070,Izmir,40695,1116,486,630,7225.58,0.0120171769998516,0.0088703653283626,7270.584285714285,0.0203415646379413,false,true
2020-01-02,atm3500070,Izmir,37060,1302,693,609,6953.17,-0.0377007797297932,-0.0544986027916969,7213.330000000001,0.0215160153679279,false,false
2020-01-03,atm3500070,Izmir,39095,1191,543,648,7339.97,0.0556293028935004,0.0176692505958382,7231.535714285715,0.0312668978846912,false,false
2020-01-04,atm3500070,Izmir,41615,1156,504,652,7291.27,-0.0066349045023345,-0.0034728866097738,7227.905714285715,0.0309862267394496,true,false
2020-01-05,atm3500070,Izmir,41585,1280,673,607,7430.83,0.0191406983968498,0.001189706278631,7229.167142857143,0.0314050890979766,true,false
2020-01-06,atm3500070,Izmir,44175,1216,547,669,7525.46,0.0127347819826317,0.0417923547497982,7272.294285714286,0.0291435871176385,false,false
2020-01-07,atm3500070,Izmir,47960,1319,611,708,8050.0,0.0697020514360584,0.1274857208485416,7402.325714285714,0.0362012045859287,false,false
2020-01-01,atm3500071,Izmir,38635,1152,527,625,7225.58,0.0120171769998516,0.0088703653283626,7270.584285714285,0.0203415646379413,false,true
2020-01-02,atm3500071,Izmir,40505,1174,515,659,6953.17,-0.0377007797297932,-0.0544986027916969,7213.330000000001,0.0215160153679279,false,false
2020-01-03,atm3500071,Izmir,41060,1306,653,653,7339.97,0.0556293028935004,0.0176692505958382,7231.535714285715,0.0312668978846912,false,false
2020-01-04,atm3500071,Izmir,47845,1343,639,704,7291.27,-0.0066349045023345,-0.0034728866097738,7227.905714285715,0.0309862267394496,true,false
2020-01-05,atm3500071,Izmir,36565,1059,477,582,7430.83,0.0191406983968498,0.001189706278631,7229.167142857143,0.0314050890979766,true,false
2020-01-06,atm3500071,Izmir,41705,1194,557,637,7525.46,0.0127347819826317,0.0417923547497982,7272.294285714286,0.0291435871176385,false,false
2020-01-07,atm3500071,Izmir,38950,1221,597,624,8050.0,0.0697020514360584,0.1274857208485416,7402.325714285714,0.0362012045859287,false,false
2020-01-01,atm3500072,Izmir,38035,1133,518,615,7225.58,0.0120171769998516,0.0088703653283626,7270.584285714285,0.0203415646379413,false,true
2020-01-02,atm3500072,Izmir,46240,1270,545,725,6953.17,-0.0377007797297932,-0.0544986027916969,7213.330000000001,0.0215160153679279,false,false
2020-01-03,atm3500072,Izmir,41930,1266,603,663,7339.97,0.0556293028935004,0.0176692505958382,7231.535714285715,0.0312668978846912,false,false
2020-01-04,atm3500072,Izmir,40915,1252,573,679,7291.27,-0.0066349045023345,-0.0034728866097738,7227.905714285715,0.0309862267394496,true,false
2020-01-05,atm3500072,Izmir,38995,1152,532,620,7430.83,0.0191406983968498,0.001189706278631,7229.167142857143,0.0314050890979766,true,false
2020-01-06,atm3500072,Izmir,42800,1276,601,675,7525.46,0.0127347819826317,0.0417923547497982,7272.294285714286,0.0291435871176385,false,false
2020-01-07,atm3500072,Izmir,39310,1191,557,634,8050.0,0.0697020514360584,0.1274857208485416,7402.325714285714,0.0362012045859287,false,false
2020-01-01,atm3500073,Izmir,41510,1173,511,662,7225.58,0.0120171769998516,0.0088703653283626,7270.584285714285,0.0203415646379413,false,true
2020-01-02,atm3500073,Izmir,40130,1177,550,627,6953.17,-0.0377007797297932,-0.0544986027916969,7213.330000000001,0.0215160153679279,false,false
2020-01-03,atm3500073,Izmir,41450,1194,559,635,7339.97,0.0556293028935004,0.0176692505958382,7231.535714285715,0.0312668978846912,false,false
2020-01-04,atm3500073,Izmir,35030,1123,527,596,7291.27,-0.0066349045023345,-0.0034728866097738,7227.905714285715,0.0309862267394496,true,false
2020-01-05,atm3500073,Izmir,35445,1059,486,573,7430.83,0.0191406983968498,0.001189706278631,7229.167142857143,0.0314050890979766,true,false
2020-01-06,atm3500073,Izmir,40135,1249,585,664,7525.46,0.0127347819826317,0.0417923547497982,7272.294285714286,0.0291435871176385,false,false
2020-01-07,atm3500073,Izmir,40640,1172,522,650,8050.0,0.0697020514360584,0.1274857208485416,7402.325714285714,0.0362012045859287,false,false
2020-01-01,atm3500074,Izmir,37855,1242,643,599,7225.58,0.0120171769998516,0.0088703653283626,7270.584285714285,0.0203415646379413,false,true
2020-01-02,atm3500074,Izmir,43160,1142,496,646,6953.17,-0.0377007797297932,-0.0544986027916969,7213.330000000001,0.0215160153679279,false,false
2020-01-03,atm3500074,Izmir,40880,1170,565,605,7339.97,0.0556293028935004,0.0176692505958382,7231.535714285715,0.0312668978846912,false,false
2020-01-04,atm3500074,Izmir,41315,1150,507,643,7291.27,-0.0066349045023345,-0.0034728866097738,7227.905714285715,0.0309862267394496,true,false
2020-01-05,atm3500074,Izmir,46935,1276,553,723,7430.83,0.0191406983968498,0.001189706278631,7229.167142857143,0.0314050890979766,true,false
2020-01-06,atm3500074,Izmir,42880,1232,561,671,7525.46,0.0127347819826317,0.0417923547497982,7272.294285714286,0.0291435871176385,false,false
2020-01-07,atm3500074,Izmir,44085,1266,609,657,8050.0,0.0697020514360584,0.1274857208485416,7402.325714285714,0.0362012045859287,false,false
2020-01-01,atm3500075,Izmir,41345,1104,482,622,7225.58,0.0120171769998516,0.0088703653283626,7270.584285714285,0.0203415646379413,false,true
2020-01-02,atm3500075,Izmir,33125,1096,565,531,6953.17,-0.0377007797297932,-0.0544986027916969,7213.330000000001,0.0215160153679279,false,false
2020-01-03,atm3500075,Izmir,39695,1115,503,612,7339.97,0.0556293028935004,0.0176692505958382,7231.535714285715,0.0312668978846912,false,false
2020-01-04,atm3500075,Izmir,48570,1414,646,768,7291.27,-0.0066349045023345,-0.0034728866097738,7227.905714285715,0.0309862267394496,true,false
2020-01-05,atm3500075,Izmir,50010,1272,543,729,7430.83,0.0191406983968498,0.001189706278631,7229.167142857143,0.0314050890979766,true,false
2020-01-06,atm3500075,Izmir,41440,1227,559,668,7525.46,0.0127347819826317,0.0417923547497982,7272.294285714286,0.0291435871176385,false,false
2020-01-07,atm3500075,Izmir,40660,1219,597,622,8050.0,0.0697020514360584,0.1274857208485416,7402.325714285714,0.0362012045859287,false,false
2020-01-01,atm3500076,Izmir,67710,2031,938,1093,7225.58,0.0120171769998516,0.0088703653283626,7270.584285714285,0.0203415646379413,false,true
2020-01-02,atm3500076,Izmir,70645,2096,992,1104,6953.17,-0.0377007797297932,-0.0544986027916969,7213.330000000001,0.0215160153679279,false,false
2020-01-03,atm3500076,Izmir,67725,2064,1013,1051,7339.97,0.0556293028935004,0.0176692505958382,7231.535714285715,0.0312668978846912,false,false
2020-01-04,atm3500076,Izmir,63250,1991,947,1044,7291.27,-0.0066349045023345,-0.0034728866097738,7227.905714285715,0.0309862267394496,true,false
2020-01-05,atm3500076,Izmir,67960,2074,1009,1065,7430.83,0.0191406983968498,0.001189706278631,7229.167142857143,0.0314050890979766,true,false
2020-01-06,atm3500076,Izmir,64410,1933,867,1066,7525.46,0.0127347819826317,0.0417923547497982,7272.294285714286,0.0291435871176385,false,false
2020-01-07,atm3500076,Izmir,73120,2105,1039,1066,8050.0,0.0697020514360584,0.1274857208485416,7402.325714285714,0.0362012045859287,false,false
2020-01-01,atm3500077,Izmir,43915,1260,593,667,7225.58,0.0120171769998516,0.0088703653283626,7270.584285714285,0.0203415646379413,false,true
2020-01-02,atm3500077,Izmir,40930,1115,520,595,6953.17,-0.0377007797297932,-0.0544986027916969,7213.330000000001,0.0215160153679279,false,false
2020-01-03,atm3500077,Izmir,35475,1067,509,558,7339.97,0.0556293028935004,0.0176692505958382,7231.535714285715,0.0312668978846912,false,false
2020-01-04,atm3500077,Izmir,47915,1256,577,679,7291.27,-0.0066349045023345,-0.0034728866097738,7227.905714285715,0.0309862267394496,true,false
2020-01-05,atm3500077,Izmir,48105,1259,545,714,7430.83,0.0191406983968498,0.001189706278631,7229.167142857143,0.0314050890979766,true,false
2020-01-06,atm3500077,Izmir,37130,1157,581,576,7525.46,0.0127347819826317,0.0417923547497982,7272.294285714286,0.0291435871176385,false,false
2020-01-07,atm3500077,Izmir,45005,1241,568,673,8050.0,0.0697020514360584,0.1274857208485416,7402.325714285714,0.0362012045859287,false,false
2020-01-01,atm3500078,Izmir,43550,1284,598,686,7225.58,0.0120171769998516,0.0088703653283626,7270.584285714285,0.0203415646379413,false,true
2020-01-02,atm3500078,Izmir,38480,1145,552,593,6953.17,-0.0377007797297932,-0.0544986027916969,7213.330000000001,0.0215160153679279,false,false
2020-01-03,atm3500078,Izmir,37770,1169,567,602,7339.97,0.0556293028935004,0.0176692505958382,7231.535714285715,0.0312668978846912,false,false
2020-01-04,atm3500078,Izmir,44130,1174,511,663,7291.27,-0.0066349045023345,-0.0034728866097738,7227.905714285715,0.0309862267394496,true,false
2020-01-05,atm3500078,Izmir,36970,1121,518,603,7430.83,0.0191406983968498,0.001189706278631,7229.167142857143,0.0314050890979766,true,false
2020-01-06,atm3500078,Izmir,41450,1232,581,651,7525.46,0.0127347819826317,0.0417923547497982,7272.294285714286,0.0291435871176385,false,false
2020-01-07,atm3500078,Izmir,39330,1054,463,591,8050.0,0.0697020514360584,0.1274857208485416,7402.325714285714,0.0362012045859287,false,false
2020-01-01,atm3500079,Izmir,43920,1097,454,643,7225.58,0.0120171769998516,0.0088703653283626,7270.584285714285,0.0203415646379413,false,true
2020-01-02,atm3500079,Izmir,42085,1230,599,631,6953.17,-0.0377007797297932,-0.0544986027916969,7213.330000000001,0.0215160153679279,false,false
2020-01-03,atm3500079,Izmir,42065,1276,625,651,7339.97,0.0556293028935004,0.0176692505958382,7231.535714285715,0.0312668978846912,false,false
2020-01-04,atm3500079,Izmir,39580,1239,637,602,7291.27,-0.0066349045023345,-0.0034728866097738,7227.905714285715,0.0309862267394496,true,false
2020-01-05,atm3500079,Izmir,38995,1106,503,603,7430.83,0.0191406983968498,0.001189706278631,7229.167142857143,0.0314050890979766,true,false
2020-01-06,atm3500079,Izmir,38040,1204,604,600,7525.46,0.0127347819826317,0.0417923547497982,7272.294285714286,0.0291435871176385,false,false
2020-01-07,atm3500079,Izmir,41700,1176,549,627,8050.0,0.0697020514360584,0.1274857208485416,7402.325714285714,0.0362012045859287,false,false
2020-01-01,atm350008,Izmir,40060,1212,579,633,7225.58,0.0120171769998516,0.0088703653283626,7270.584285714285,0.0203415646379413,false,true
2020-01-02,atm350008,Izmir,43140,1229,564,665,6953.17,-0.0377007797297932,-0.0544986027916969,7213.330000000001,0.0215160153679279,false,false
2020-01-03,atm350008,Izmir,38805,1172,563,609,7339.97,0.0556293028935004,0.0176692505958382,7231.535714285715,0.0312668978846912,false,false
2020-01-04,atm350008,Izmir,44890,1274,597,677,7291.27,-0.0066349045023345,-0.0034728866097738,7227.905714285715,0.0309862267394496,true,false
2020-01-05,atm350008,Izmir,39780,1192,603,589,7430.83,0.0191406983968498,0.001189706278631,7229.167142857143,0.0314050890979766,true,false
2020-01-06,atm350008,Izmir,38105,1122,521,601,7525.46,0.0127347819826317,0.0417923547497982,7272.294285714286,0.0291435871176385,false,false
2020-01-07,atm350008,Izmir,33575,1057,523,534,8050.0,0.0697020514360584,0.1274857208485416,7402.325714285714,0.0362012045859287,false,false
2020-01-01,atm3500080,Izmir,42955,1179,514,665,7225.58,0.0120171769998516,0.0088703653283626,7270.584285714285,0.0203415646379413,false,true
2020-01-02,atm3500080,Izmir,36470,1094,527,567,6953.17,-0.0377007797297932,-0.0544986027916969,7213.330000000001,0.0215160153679279,false,false
2020-01-03,atm3500080,Izmir,42435,1298,639,659,7339.97,0.0556293028935004,0.0176692505958382,7231.535714285715,0.0312668978846912,false,false
2020-01-04,atm3500080,Izmir,43265,1173,483,690,7291.27,-0.0066349045023345,-0.0034728866097738,7227.905714285715,0.0309862267394496,true,false
2020-01-05,atm3500080,Izmir,43040,1269,599,670,7430.83,0.0191406983968498,0.001189706278631,7229.167142857143,0.0314050890979766,true,false
2020-01-06,atm3500080,Izmir,42675,1328,678,650,7525.46,0.0127347819826317,0.0417923547497982,7272.294285714286,0.0291435871176385,false,false
2020-01-07,atm3500080,Izmir,37390,1200,576,624,8050.0,0.0697020514360584,0.1274857208485416,7402.325714285714,0.0362012045859287,false,false
2020-01-01,atm3500081,Izmir,39945,1336,691,645,7225.58,0.0120171769998516,0.0088703653283626,7270.584285714285,0.0203415646379413,false,true
2020-01-02,atm3500081,Izmir,38730,1218,643,575,6953.17,-0.0377007797297932,-0.0544986027916969,7213.330000000001,0.0215160153679279,false,false
2020-01-03,atm3500081,Izmir,40125,1142,487,655,7339.97,0.0556293028935004,0.0176692505958382,7231.535714285715,0.0312668978846912,false,false
2020-01-04,atm3500081,Izmir,38250,1175,546,629,7291.27,-0.0066349045023345,-0.0034728866097738,7227.905714285715,0.0309862267394496,true,false
2020-01-05,atm3500081,Izmir,38910,1199,563,636,7430.83,0.0191406983968498,0.001189706278631,7229.167142857143,0.0314050890979766,true,false
2020-01-06,atm3500081,Izmir,42670,1251,612,639,7525.46,0.0127347819826317,0.0417923547497982,7272.294285714286,0.0291435871176385,false,false
2020-01-07,atm3500081,Izmir,37515,1022,451,571,8050.0,0.0697020514360584,0.1274857208485416,7402.325714285714,0.0362012045859287,false,false
2020-01-01,atm3500082,Izmir,37965,1114,516,598,7225.58,0.0120171769998516,0.0088703653283626,7270.584285714285,0.0203415646379413,false,true
2020-01-02,atm3500082,Izmir,44460,1273,600,673,6953.17,-0.0377007797297932,-0.0544986027916969,7213.330000000001,0.0215160153679279,false,false
2020-01-03,atm3500082,Izmir,40110,1204,579,625,7339.97,0.0556293028935004,0.0176692505958382,7231.535714285715,0.0312668978846912,false,false
2020-01-04,atm3500082,Izmir,45800,1316,645,671,7291.27,-0.0066349045023345,-0.0034728866097738,7227.905714285715,0.0309862267394496,true,false
2020-01-05,atm3500082,Izmir,42115,1178,537,641,7430.83,0.0191406983968498,0.001189706278631,7229.167142857143,0.0314050890979766,true,false
2020-01-06,atm3500082,Izmir,42575,1277,596,681,7525.46,0.0127347819826317,0.0417923547497982,7272.294285714286,0.0291435871176385,false,false
2020-01-07,atm3500082,Izmir,40630,1214,526,688,8050.0,0.0697020514360584,0.1274857208485416,7402.325714285714,0.0362012045859287,false,false
2020-01-01,atm3500083,Izmir,70075,2104,1011,1093,7225.58,0.0120171769998516,0.0088703653283626,7270.584285714285,0.0203415646379413,false,true
2020-01-02,atm3500083,Izmir,71875,2033,956,1077,6953.17,-0.0377007797297932,-0.0544986027916969,7213.330000000001,0.0215160153679279,false,false
2020-01-03,atm3500083,Izmir,65295,2019,972,1047,7339.97,0.0556293028935004,0.0176692505958382,7231.535714285715,0.0312668978846912,false,false
2020-01-04,atm3500083,Izmir,74425,2021,914,1107,7291.27,-0.0066349045023345,-0.0034728866097738,7227.905714285715,0.0309862267394496,true,false
2020-01-05,atm3500083,Izmir,69500,2130,1042,1088,7430.83,0.0191406983968498,0.001189706278631,7229.167142857143,0.0314050890979766,true,false
2020-01-06,atm3500083,Izmir,68620,2007,936,1071,7525.46,0.0127347819826317,0.0417923547497982,7272.294285714286,0.0291435871176385,false,false
2020-01-07,atm3500083,Izmir,65320,2034,958,1076,8050.0,0.0697020514360584,0.1274857208485416,7402.325714285714,0.0362012045859287,false,false
2020-01-01,atm3500084,Izmir,40730,1188,544,644,7225.58,0.0120171769998516,0.0088703653283626,7270.584285714285,0.0203415646379413,false,true
2020-01-02,atm3500084,Izmir,42280,1127,490,637,6953.17,-0.0377007797297932,-0.0544986027916969,7213.330000000001,0.0215160153679279,false,false
2020-01-03,atm3500084,Izmir,38775,1114,520,594,7339.97,0.0556293028935004,0.0176692505958382,7231.535714285715,0.0312668978846912,false,false
2020-01-04,atm3500084,Izmir,35485,1142,552,590,7291.27,-0.0066349045023345,-0.0034728866097738,7227.905714285715,0.0309862267394496,true,false
2020-01-05,atm3500084,Izmir,40765,1234,622,612,7430.83,0.0191406983968498,0.001189706278631,7229.167142857143,0.0314050890979766,true,false
2020-01-06,atm3500084,Izmir,39185,1158,541,617,7525.46,0.0127347819826317,0.0417923547497982,7272.294285714286,0.0291435871176385,false,false
2020-01-07,atm3500084,Izmir,39495,1403,714,689,8050.0,0.0697020514360584,0.1274857208485416,7402.325714285714,0.0362012045859287,false,false
2020-01-01,atm3500085,Izmir,40440,1025,422,603,7225.58,0.0120171769998516,0.0088703653283626,7270.584285714285,0.0203415646379413,false,true
2020-01-02,atm3500085,Izmir,40120,1219,588,631,6953.17,-0.0377007797297932,-0.0544986027916969,7213.330000000001,0.0215160153679279,false,false
2020-01-03,atm3500085,Izmir,39990,1250,644,606,7339.97,0.0556293028935004,0.0176692505958382,7231.535714285715,0.0312668978846912,false,false
2020-01-04,atm3500085,Izmir,37820,1180,521,659,7291.27,-0.0066349045023345,-0.0034728866097738,7227.905714285715,0.0309862267394496,true,false
2020-01-05,atm3500085,Izmir,39395,1194,569,625,7430.83,0.0191406983968498,0.001189706278631,7229.167142857143,0.0314050890979766,true,false
2020-01-06,atm3500085,Izmir,39760,1105,483,622,7525.46,0.0127347819826317,0.0417923547497982,7272.294285714286,0.0291435871176385,false,false
2020-01-07,atm3500085,Izmir,43330,1133,481,652,8050.0,0.0697020514360584,0.1274857208485416,7402.325714285714,0.0362012045859287,false,false
2020-01-01,atm3500086,Izmir,41040,1246,605,641,7225.58,0.0120171769998516,0.0088703653283626,7270.584285714285,0.0203415646379413,false,true
2020-01-02,atm3500086,Izmir,43010,1224,562,662,6953.17,-0.0377007797297932,-0.0544986027916969,7213.330000000001,0.0215160153679279,false,false
2020-01-03,atm3500086,Izmir,44495,1176,486,690,7339.97,0.0556293028935004,0.0176692505958382,7231.535714285715,0.0312668978846912,false,false
2020-01-04,atm3500086,Izmir,44595,1199,524,675,7291.27,-0.0066349045023345,-0.0034728866097738,7227.905714285715,0.0309862267394496,true,false
2020-01-05,atm3500086,Izmir,43225,1303,630,673,7430.83,0.0191406983968498,0.001189706278631,7229.167142857143,0.0314050890979766,true,false
2020-01-06,atm3500086,Izmir,43235,1138,485,653,7525.46,0.0127347819826317,0.0417923547497982,7272.294285714286,0.0291435871176385,false,false
2020-01-07,atm3500086,Izmir,43420,1343,660,683,8050.0,0.0697020514360584,0.1274857208485416,7402.325714285714,0.0362012045859287,false,false
2020-01-01,atm3500087,Izmir,68290,2079,1035,1044,7225.58,0.0120171769998516,0.0088703653283626,7270.584285714285,0.0203415646379413,false,true
2020-01-02,atm3500087,Izmir,68390,2129,1054,1075,6953.17,-0.0377007797297932,-0.0544986027916969,7213.330000000001,0.0215160153679279,false,false
2020-01-03,atm3500087,Izmir,72435,2047,929,1118,7339.97,0.0556293028935004,0.0176692505958382,7231.535714285715,0.0312668978846912,false,false
2020-01-04,atm3500087,Izmir,73505,2126,1006,1120,7291.27,-0.0066349045023345,-0.0034728866097738,7227.905714285715,0.0309862267394496,true,false
2020-01-05,atm3500087,Izmir,68435,2034,950,1084,7430.83,0.0191406983968498,0.001189706278631,7229.167142857143,0.0314050890979766,true,false
2020-01-06,atm3500087,Izmir,67065,2053,965,1088,7525.46,0.0127347819826317,0.0417923547497982,7272.294285714286,0.0291435871176385,false,false
2020-01-07,atm3500087,Izmir,71990,2086,987,1099,8050.0,0.0697020514360584,0.1274857208485416,7402.325714285714,0.0362012045859287,false,false
2020-01-01,atm3500088,Izmir,37875,1229,582,647,7225.58,0.0120171769998516,0.0088703653283626,7270.584285714285,0.0203415646379413,false,true
2020-01-02,atm3500088,Izmir,41465,1242,590,652,6953.17,-0.0377007797297932,-0.0544986027916969,7213.330000000001,0.0215160153679279,false,false
2020-01-03,atm3500088,Izmir,37035,1150,550,600,7339.97,0.0556293028935004,0.0176692505958382,7231.535714285715,0.0312668978846912,false,false
2020-01-04,atm3500088,Izmir,33740,1100,529,571,7291.27,-0.0066349045023345,-0.0034728866097738,7227.905714285715,0.0309862267394496,true,false
2020-01-05,atm3500088,Izmir,36525,1084,480,604,7430.83,0.0191406983968498,0.001189706278631,7229.167142857143,0.0314050890979766,true,false
2020-01-06,atm3500088,Izmir,38065,1187,564,623,7525.46,0.0127347819826317,0.0417923547497982,7272.294285714286,0.0291435871176385,false,false
2020-01-07,atm3500088,Izmir,46155,1134,495,639,8050.0,0.0697020514360584,0.1274857208485416,7402.325714285714,0.0362012045859287,false,false
2020-01-01,atm3500089,Izmir,42425,1292,655,637,7225.58,0.0120171769998516,0.0088703653283626,7270.584285714285,0.0203415646379413,false,true
2020-01-02,atm3500089,Izmir,42210,1141,511,630,6953.17,-0.0377007797297932,-0.0544986027916969,7213.330000000001,0.0215160153679279,false,false
2020-01-03,atm3500089,Izmir,39270,1160,530,630,7339.97,0.0556293028935004,0.0176692505958382,7231.535714285715,0.0312668978846912,false,false
2020-01-04,atm3500089,Izmir,43100,1209,523,686,7291.27,-0.0066349045023345,-0.0034728866097738,7227.905714285715,0.0309862267394496,true,false
2020-01-05,atm3500089,Izmir,36680,1030,455,575,7430.83,0.0191406983968498,0.001189706278631,7229.167142857143,0.0314050890979766,true,false
2020-01-06,atm3500089,Izmir,36785,1129,567,562,7525.46,0.0127347819826317,0.0417923547497982,7272.294285714286,0.0291435871176385,false,false
2020-01-07,atm3500089,Izmir,43735,1264,585,679,8050.0,0.0697020514360584,0.1274857208485416,7402.325714285714,0.0362012045859287,false,false
2020-01-01,atm350009,Izmir,44095,1257,576,681,7225.58,0.0120171769998516,0.0088703653283626,7270.584285714285,0.0203415646379413,false,true
2020-01-02,atm350009,Izmir,42855,1180,540,640,6953.17,-0.0377007797297932,-0.0544986027916969,7213.330000000001,0.0215160153679279,false,false
2020-01-03,atm350009,Izmir,39125,1117,498,619,7339.97,0.0556293028935004,0.0176692505958382,7231.535714285715,0.0312668978846912,false,false
2020-01-04,atm350009,Izmir,42385,1150,528,622,7291.27,-0.0066349045023345,-0.0034728866097738,7227.905714285715,0.0309862267394496,true,false
2020-01-05,atm350009,Izmir,41605,1063,411,652,7430.83,0.0191406983968498,0.001189706278631,7229.167142857143,0.0314050890979766,true,false
2020-01-06,atm350009,Izmir,41840,1230,587,643,7525.46,0.0127347819826317,0.0417923547497982,7272.294285714286,0.0291435871176385,false,false
2020-01-07,atm350009,Izmir,39480,1280,673,607,8050.0,0.0697020514360584,0.1274857208485416,7402.325714285714,0.0362012045859287,false,false
2020-01-01,atm3500090,Izmir,40415,1131,506,625,7225.58,0.0120171769998516,0.0088703653283626,7270.584285714285,0.0203415646379413,false,true
2020-01-02,atm3500090,Izmir,40070,1173,549,624,6953.17,-0.0377007797297932,-0.0544986027916969,7213.330000000001,0.0215160153679279,false,false
2020-01-03,atm3500090,Izmir,39290,1228,602,626,7339.97,0.0556293028935004,0.0176692505958382,7231.535714285715,0.0312668978846912,false,false
2020-01-04,atm3500090,Izmir,41065,1324,748,576,7291.27,-0.0066349045023345,-0.0034728866097738,7227.905714285715,0.0309862267394496,true,false
2020-01-05,atm3500090,Izmir,40115,1173,556,617,7430.83,0.0191406983968498,0.001189706278631,7229.167142857143,0.0314050890979766,true,false
2020-01-06,atm3500090,Izmir,41960,1219,570,649,7525.46,0.0127347819826317,0.0417923547497982,7272.294285714286,0.0291435871176385,false,false
2020-01-07,atm3500090,Izmir,38640,1084,473,611,8050.0,0.0697020514360584,0.1274857208485416,7402.325714285714,0.0362012045859287,false,false
2020-01-01,atm3500091,Izmir,33890,1107,547,560,7225.58,0.0120171769998516,0.0088703653283626,7270.584285714285,0.0203415646379413,false,true
2020-01-02,atm3500091,Izmir,36260,1136,587,549,6953.17,-0.0377007797297932,-0.0544986027916969,7213.330000000001,0.0215160153679279,false,false
2020-01-03,atm3500091,Izmir,39590,1187,582,605,7339.97,0.0556293028935004,0.0176692505958382,7231.535714285715,0.0312668978846912,false,false
2020-01-04,atm3500091,Izmir,43225,1259,573,686,7291.27,-0.0066349045023345,-0.0034728866097738,7227.905714285715,0.0309862267394496,true,false
2020-01-05,atm3500091,Izmir,43490,1162,518,644,7430.83,0.0191406983968498,0.001189706278631,7229.167142857143,0.0314050890979766,true,false
2020-01-06,atm3500091,Izmir,41320,1193,560,633,7525.46,0.0127347819826317,0.0417923547497982,7272.294285714286,0.0291435871176385,false,false
2020-01-07,atm3500091,Izmir,38685,1206,589,617,8050.0,0.0697020514360584,0.1274857208485416,7402.325714285714,0.0362012045859287,false,false
2020-01-01,atm3500092,Izmir,35815,1170,597,573,7225.58,0.0120171769998516,0.0088703653283626,7270.584285714285,0.0203415646379413,false,true
2020-01-02,atm3500092,Izmir,40565,1236,607,629,6953.17,-0.0377007797297932,-0.0544986027916969,7213.330000000001,0.0215160153679279,false,false
2020-01-03,atm3500092,Izmir,40470,1159,513,646,7339.97,0.0556293028935004,0.0176692505958382,7231.535714285715,0.0312668978846912,false,false
2020-01-04,atm3500092,Izmir,42915,1167,491,676,7291.27,-0.0066349045023345,-0.0034728866097738,7227.905714285715,0.0309862267394496,true,false
2020-01-05,atm3500092,Izmir,40665,1087,460,627,7430.83,0.0191406983968498,0.001189706278631,7229.167142857143,0.0314050890979766,true,false
2020-01-06,atm3500092,Izmir,35690,1169,608,561,7525.46,0.0127347819826317,0.0417923547497982,7272.294285714286,0.0291435871176385,false,false
2020-01-07,atm3500092,Izmir,38235,1180,534,646,8050.0,0.0697020514360584,0.1274857208485416,7402.325714285714,0.0362012045859287,false,false
2020-01-01,atm3500093,Izmir,41090,1082,451,631,7225.58,0.0120171769998516,0.0088703653283626,7270.584285714285,0.0203415646379413,false,true
2020-01-02,atm3500093,Izmir,36525,1028,492,536,6953.17,-0.0377007797297932,-0.0544986027916969,7213.330000000001,0.0215160153679279,false,false
2020-01-03,atm3500093,Izmir,43840,1254,573,681,7339.97,0.0556293028935004,0.0176692505958382,7231.535714285715,0.0312668978846912,false,false
2020-01-04,atm3500093,Izmir,36155,1105,560,545,7291.27,-0.0066349045023345,-0.0034728866097738,7227.905714285715,0.0309862267394496,true,false
2020-01-05,atm3500093,Izmir,43565,1274,556,718,7430.83,0.0191406983968498,0.001189706278631,7229.167142857143,0.0314050890979766,true,false
2020-01-06,atm3500093,Izmir,40930,1202,568,634,7525.46,0.0127347819826317,0.0417923547497982,7272.294285714286,0.0291435871176385,false,false
2020-01-07,atm3500093,Izmir,46090,1293,595,698,8050.0,0.0697020514360584,0.1274857208485416,7402.325714285714,0.0362012045859287,false,false
2020-01-01,atm3500094,Izmir,42655,1137,502,635,7225.58,0.0120171769998516,0.0088703653283626,7270.584285714285,0.0203415646379413,false,true
2020-01-02,atm3500094,Izmir,37950,1156,565,591,6953.17,-0.0377007797297932,-0.0544986027916969,7213.330000000001,0.0215160153679279,false,false
2020-01-03,atm3500094,Izmir,47220,1276,565,711,7339.97,0.0556293028935004,0.0176692505958382,7231.535714285715,0.0312668978846912,false,false
2020-01-04,atm3500094,Izmir,38305,1250,614,636,7291.27,-0.0066349045023345,-0.0034728866097738,7227.905714285715,0.0309862267394496,true,false
2020-01-05,atm3500094,Izmir,41120,1247,610,637,7430.83,0.0191406983968498,0.001189706278631,7229.167142857143,0.0314050890979766,true,false
2020-01-06,atm3500094,Izmir,40810,1078,440,638,7525.46,0.0127347819826317,0.0417923547497982,7272.294285714286,0.0291435871176385,false,false
2020-01-07,atm3500094,Izmir,46705,1242,566,676,8050.0,0.0697020514360584,0.1274857208485416,7402.325714285714,0.0362012045859287,false,false
2020-01-01,atm3500095,Izmir,46155,1218,540,678,7225.58,0.0120171769998516,0.0088703653283626,7270.584285714285,0.0203415646379413,false,true
2020-01-02,atm3500095,Izmir,44055,1308,638,670,6953.17,-0.0377007797297932,-0.0544986027916969,7213.330000000001,0.0215160153679279,false,false
2020-01-03,atm3500095,Izmir,40220,1152,513,639,7339.97,0.0556293028935004,0.0176692505958382,7231.535714285715,0.0312668978846912,false,false
2020-01-04,atm3500095,Izmir,44375,1348,664,684,7291.27,-0.0066349045023345,-0.0034728866097738,7227.905714285715,0.0309862267394496,true,false
2020-01-05,atm3500095,Izmir,33500,1130,576,554,7430.83,0.0191406983968498,0.001189706278631,7229.167142857143,0.0314050890979766,true,false
2020-01-06,atm3500095,Izmir,40135,1261,628,633,7525.46,0.0127347819826317,0.0417923547497982,7272.294285714286,0.0291435871176385,false,false
2020-01-07,atm3500095,Izmir,42265,1126,511,615,8050.0,0.0697020514360584,0.1274857208485416,7402.325714285714,0.0362012045859287,false,false
2020-01-01,atm3500096,Izmir,40080,1200,584,616,7225.58,0.0120171769998516,0.0088703653283626,7270.584285714285,0.0203415646379413,false,true
2020-01-02,atm3500096,Izmir,40205,1251,613,638,6953.17,-0.0377007797297932,-0.0544986027916969,7213.330000000001,0.0215160153679279,false,false
2020-01-03,atm3500096,Izmir,42775,1100,460,640,7339.97,0.0556293028935004,0.0176692505958382,7231.535714285715,0.0312668978846912,false,false
2020-01-04,atm3500096,Izmir,42055,1315,649,666,7291.27,-0.0066349045023345,-0.0034728866097738,7227.905714285715,0.0309862267394496,true,false
2020-01-05,atm3500096,Izmir,43600,1226,573,653,7430.83,0.0191406983968498,0.001189706278631,7229.167142857143,0.0314050890979766,true,false
2020-01-06,atm3500096,Izmir,42380,1217,567,650,7525.46,0.0127347819826317,0.0417923547497982,7272.294285714286,0.0291435871176385,false,false
2020-01-07,atm3500096,Izmir,43140,1233,545,688,8050.0,0.0697020514360584,0.1274857208485416,7402.325714285714,0.0362012045859287,false,false
2020-01-01,atm3500097,Izmir,47010,1193,446,747,7225.58,0.0120171769998516,0.0088703653283626,7270.584285714285,0.0203415646379413,false,true
2020-01-02,atm3500097,Izmir,45900,1324,669,655,6953.17,-0.0377007797297932,-0.0544986027916969,7213.330000000001,0.0215160153679279,false,false
2020-01-03,atm3500097,Izmir,43415,1230,581,649,7339.97,0.0556293028935004,0.0176692505958382,7231.535714285715,0.0312668978846912,false,false
2020-01-04,atm3500097,Izmir,36620,1092,484,608,7291.27,-0.0066349045023345,-0.0034728866097738,7227.905714285715,0.0309862267394496,true,false
2020-01-05,atm3500097,Izmir,47235,1204,535,669,7430.83,0.0191406983968498,0.001189706278631,7229.167142857143,0.0314050890979766,true,false
2020-01-06,atm3500097,Izmir,42575,1227,572,655,7525.46,0.0127347819826317,0.0417923547497982,7272.294285714286,0.0291435871176385,false,false
2020-01-07,atm3500097,Izmir,47490,1361,654,707,8050.0,0.0697020514360584,0.1274857208485416,7402.325714285714,0.0362012045859287,false,false
2020-01-01,atm3500098,Izmir,40405,1239,593,646,7225.58,0.0120171769998516,0.0088703653283626,7270.584285714285,0.0203415646379413,false,true
2020-01-02,atm3500098,Izmir,44540,1211,515,696,6953.17,-0.0377007797297932,-0.0544986027916969,7213.330000000001,0.0215160153679279,false,false
2020-01-03,atm3500098,Izmir,44800,1311,636,675,7339.97,0.0556293028935004,0.0176692505958382,7231.535714285715,0.0312668978846912,false,false
2020-01-04,atm3500098,Izmir,38930,1138,535,603,7291.27,-0.0066349045023345,-0.0034728866097738,7227.905714285715,0.0309862267394496,true,false
2020-01-05,atm3500098,Izmir,36845,1085,500,585,7430.83,0.0191406983968498,0.001189706278631,7229.167142857143,0.0314050890979766,true,false
2020-01-06,atm3500098,Izmir,45575,1209,545,664,7525.46,0.0127347819826317,0.0417923547497982,7272.294285714286,0.0291435871176385,false,false
2020-01-07,atm3500098,Izmir,42230,1231,568,663,8050.0,0.0697020514360584,0.1274857208485416,7402.325714285714,0.0362012045859287,false,false
2020-01-01,atm3500099,Izmir,42825,1334,655,679,7225.58,0.0120171769998516,0.0088703653283626,7270.584285714285,0.0203415646379413,false,true
2020-01-02,atm3500099,Izmir,46520,1338,602,736,6953.17,-0.0377007797297932,-0.0544986027916969,7213.330000000001,0.0215160153679279,false,false
2020-01-03,atm3500099,Izmir,44715,1294,611,683,7339.97,0.0556293028935004,0.0176692505958382,7231.535714285715,0.0312668978846912,false,false
2020-01-04,atm3500099,Izmir,37995,1104,489,615,7291.27,-0.0066349045023345,-0.0034728866097738,7227.905714285715,0.0309862267394496,true,false
2020-01-05,atm3500099,Izmir,36460,1236,632,604,7430.83,0.0191406983968498,0.001189706278631,7229.167142857143,0.0314050890979766,true,false
2020-01-06,atm3500099,Izmir,39240,1214,591,623,7525.46,0.0127347819826317,0.0417923547497982,7272.294285714286,0.0291435871176385,false,false
2020-01-07,atm3500099,Izmir,42840,1227,547,680,8050.0,0.0697020514360584,0.1274857208485416,7402.325714285714,0.0362012045859287,false,false
