date,atm_id,atm_city,total_balance,income_txn_count,outcome_txn_count,total_income,total_outcome,total_txn_count,withdrawals_usd,btc_open,btc_high,btc_low,btc_close,btc_volume,btc_pct_change_1d,btc_7d_roc,btc_7d_ma,btc_volatility_7d,day_of_week,is_weekend,payday_flag,y_tomorrow
2020-01-01,atm350000,Izmir,26835,525,593,33270,39650,1118,39650,7145.05,7237.35,7129.55,7225.58,1211.09527025,0.012017176999851609,0.008870365328362606,7270.584285714285,0.020341564637941383,Wednesday,False,True,39135.0
2020-01-02,atm350000,Izmir,15085,549,615,34755,39135,1164,39135,7220.0,7224.75,6900.0,6953.17,2993.0241097,-0.03770077972979324,-0.05449860279169694,7213.330000000001,0.021516015367927903,Thursday,False,False,46075.0
2020-01-03,atm350000,Izmir,33910,501,661,33260,46075,1162,46075,6956.64,7402.31,6853.53,7339.97,8452.87552534,0.05562930289350043,0.017669250595838237,7231.535714285715,0.03126689788469128,Friday,False,False,38510.0
2020-01-04,atm350000,Izmir,24725,603,591,38175,38510,1194,38510,7339.97,7396.1,7247.73,7291.27,3605.74269447,-0.006634904502334504,-0.003472886609773851,7227.905714285715,0.030986226739449674,Saturday,True,False,44990.0
2020-01-05,atm350000,Izmir,2660,486,703,30635,44990,1189,44990,7294.0,7495.0,7269.71,7430.83,2614.94778349,0.019140698396849842,0.0011897062786310197,7229.167142857143,0.031405089097976686,Sunday,True,False,41670.0
2020-01-06,atm350000,Izmir,39505,569,664,36885,41670,1233,41670,7431.63,7614.95,7310.0,7525.46,4138.11820107,0.012734781982631782,0.041792354749798255,7272.294285714286,0.029143587117638526,Monday,False,False,40060.0
2020-01-07,atm350000,Izmir,38050,698,642,42425,40060,1340,40060,7531.73,8134.95,7516.97,8050.0,13507.54693697,0.06970205143605845,0.1274857208485416,7402.325714285714,0.036201204585928716,Tuesday,False,False,
2020-01-01,atm350001,Izmir,27090,587,639,38950,42550,1226,42550,7145.05,7237.35,7129.55,7225.58,1211.09527025,0.012017176999851609,0.008870365328362606,7270.584285714285,0.020341564637941383,Wednesday,False,True,38445.0
2020-01-02,atm350001,Izmir,13425,473,613,28745,38445,1086,38445,7220.0,7224.75,6900.0,6953.17,2993.0241097,-0.03770077972979324,-0.05449860279169694,7213.330000000001,0.021516015367927903,Thursday,False,False,37600.0
2020-01-03,atm350001,Izmir,3550,437,607,28955,37600,1044,37600,6956.64,7402.31,6853.53,7339.97,8452.87552534,0.05562930289350043,0.017669250595838237,7231.535714285715,0.03126689788469128,Friday,False,False,34155.0
2020-01-04,atm350001,Izmir,42240,542,541,34685,34155,1083,34155,7339.97,7396.1,7247.73,7291.27,3605.74269447,-0.006634904502334504,-0.003472886609773851,7227.905714285715,0.030986226739449674,Saturday,True,False,41375.0
2020-01-05,atm350001,Izmir,20135,521,638,32670,41375,1159,41375,7294.0,7495.0,7269.71,7430.83,2614.94778349,0.019140698396849842,0.0011897062786310197,7229.167142857143,0.031405089097976686,Sunday,True,False,43305.0
2020-01-06,atm350001,Izmir,31780,514,662,31575,43305,1176,43305,7431.63,7614.95,7310.0,7525.46,4138.11820107,0.012734781982631782,0.041792354749798255,7272.294285714286,0.029143587117638526,Monday,False,False,40070.0
2020-01-07,atm350001,Izmir,15895,452,658,28195,40070,1110,40070,7531.73,8134.95,7516.97,8050.0,13507.54693697,0.06970205143605845,0.1274857208485416,7402.325714285714,0.036201204585928716,Tuesday,False,False,
2020-01-01,atm3500010,Izmir,32330,881,970,52165,58700,1851,58700,7145.05,7237.35,7129.55,7225.58,1211.09527025,0.012017176999851609,0.008870365328362606,7270.584285714285,0.020341564637941383,Wednesday,False,True,72230.0
2020-01-02,atm3500010,Izmir,15325,1000,1111,66700,72230,2111,72230,7220.0,7224.75,6900.0,6953.17,2993.0241097,-0.03770077972979324,-0.05449860279169694,7213.330000000001,0.021516015367927903,Thursday,False,False,68735.0
2020-01-03,atm3500010,Izmir,30895,938,1076,57375,68735,2014,68735,6956.64,7402.31,6853.53,7339.97,8452.87552534,0.05562930289350043,0.017669250595838237,7231.535714285715,0.03126689788469128,Friday,False,False,67255.0
2020-01-04,atm3500010,Izmir,10850,997,1071,61365,67255,2068,67255,7339.97,7396.1,7247.73,7291.27,3605.74269447,-0.006634904502334504,-0.003472886609773851,7227.905714285715,0.030986226739449674,Saturday,True,False,68740.0
2020-01-05,atm3500010,Izmir,34165,953,1093,62285,68740,2046,68740,7294.0,7495.0,7269.71,7430.83,2614.94778349,0.019140698396849842,0.0011897062786310197,7229.167142857143,0.031405089097976686,Sunday,True,False,67460.0
2020-01-06,atm3500010,Izmir,15515,892,1072,54940,67460,1964,67460,7431.63,7614.95,7310.0,7525.46,4138.11820107,0.012734781982631782,0.041792354749798255,7272.294285714286,0.029143587117638526,Monday,False,False,69425.0
2020-01-07,atm3500010,Izmir,4820,952,1087,59895,69425,2039,69425,7531.73,8134.95,7516.97,8050.0,13507.54693697,0.06970205143605845,0.1274857208485416,7402.325714285714,0.036201204585928716,Tuesday,False,False,
2020-01-01,atm35000100,Izmir,27945,509,663,33450,41795,1172,41795,7145.05,7237.35,7129.55,7225.58,1211.09527025,0.012017176999851609,0.008870365328362606,7270.584285714285,0.020341564637941383,Wednesday,False,True,44835.0
2020-01-02,atm35000100,Izmir,12190,522,697,35030,44835,1219,44835,7220.0,7224.75,6900.0,6953.17,2993.0241097,-0.03770077972979324,-0.05449860279169694,7213.330000000001,0.021516015367927903,Thursday,False,False,37980.0
2020-01-03,atm35000100,Izmir,6635,550,586,34800,37980,1136,37980,6956.64,7402.31,6853.53,7339.97,8452.87552534,0.05562930289350043,0.017669250595838237,7231.535714285715,0.03126689788469128,Friday,False,False,46250.0
2020-01-04,atm35000100,Izmir,24065,441,693,26510,46250,1134,46250,7339.97,7396.1,7247.73,7291.27,3605.74269447,-0.006634904502334504,-0.003472886609773851,7227.905714285715,0.030986226739449674,Saturday,True,False,40350.0
2020-01-05,atm35000100,Izmir,15005,608,648,36855,40350,1256,40350,7294.0,7495.0,7269.71,7430.83,2614.94778349,0.019140698396849842,0.0011897062786310197,7229.167142857143,0.031405089097976686,Sunday,True,False,39820.0
2020-01-06,atm35000100,Izmir,37645,526,662,31580,39820,1188,39820,7431.63,7614.95,7310.0,7525.46,4138.11820107,0.012734781982631782,0.041792354749798255,7272.294285714286,0.029143587117638526,Monday,False,False,42715.0
2020-01-07,atm35000100,Izmir,16850,512,664,34305,42715,1176,42715,7531.73,8134.95,7516.97,8050.0,13507.54693697,0.06970205143605845,0.1274857208485416,7402.325714285714,0.036201204585928716,Tuesday,False,False,
2020-01-01,atm35000101,Izmir,34045,529,607,34340,41815,1136,41815,7145.05,7237.35,7129.55,7225.58,1211.09527025,0.012017176999851609,0.008870365328362606,7270.584285714285,0.020341564637941383,Wednesday,False,True,45020.0
2020-01-02,atm35000101,Izmir,17990,431,653,29315,45020,1084,45020,7220.0,7224.75,6900.0,6953.17,2993.0241097,-0.03770077972979324,-0.05449860279169694,7213.330000000001,0.021516015367927903,Thursday,False,False,42065.0
2020-01-03,atm35000101,Izmir,12050,596,656,39845,42065,1252,42065,6956.64,7402.31,6853.53,7339.97,8452.87552534,0.05562930289350043,0.017669250595838237,7231.535714285715,0.03126689788469128,Friday,False,False,36565.0
2020-01-04,atm35000101,Izmir,6235,544,589,33990,36565,1133,36565,7339.97,7396.1,7247.73,7291.27,3605.74269447,-0.006634904502334504,-0.003472886609773851,7227.905714285715,0.030986226739449674,Saturday,True,False,38545.0
2020-01-05,atm35000101,Izmir,28865,588,600,37035,38545,1188,38545,7294.0,7495.0,7269.71,7430.83,2614.94778349,0.019140698396849842,0.0011897062786310197,7229.167142857143,0.031405089097976686,Sunday,True,False,35720.0
2020-01-06,atm35000101,Izmir,23310,547,596,35035,35720,1143,35720,7431.63,7614.95,7310.0,7525.46,4138.11820107,0.012734781982631782,0.041792354749798255,7272.294285714286,0.029143587117638526,Monday,False,False,43195.0
2020-01-07,atm35000101,Izmir,1700,508,677,32305,43195,1185,43195,7531.73,8134.95,7516.97,8050.0,13507.54693697,0.06970205143605845,0.1274857208485416,7402.325714285714,0.036201204585928716,Tuesday,False,False,
2020-01-01,atm35000102,Izmir,39985,551,606,37065,37115,1157,37115,7145.05,7237.35,7129.55,7225.58,1211.09527025,0.012017176999851609,0.008870365328362606,7270.584285714285,0.020341564637941383,Wednesday,False,True,43180.0
2020-01-02,atm35000102,Izmir,24860,497,683,33860,43180,1180,43180,7220.0,7224.75,6900.0,6953.17,2993.0241097,-0.03770077972979324,-0.05449860279169694,7213.330000000001,0.021516015367927903,Thursday,False,False,38925.0
2020-01-03,atm35000102,Izmir,14175,529,599,34560,38925,1128,38925,6956.64,7402.31,6853.53,7339.97,8452.87552534,0.05562930289350043,0.017669250595838237,7231.535714285715,0.03126689788469128,Friday,False,False,36150.0
2020-01-04,atm35000102,Izmir,12655,505,602,33330,36150,1107,36150,7339.97,7396.1,7247.73,7291.27,3605.74269447,-0.006634904502334504,-0.003472886609773851,7227.905714285715,0.030986226739449674,Saturday,True,False,39890.0
2020-01-05,atm35000102,Izmir,8250,559,605,37340,39890,1164,39890,7294.0,7495.0,7269.71,7430.83,2614.94778349,0.019140698396849842,0.0011897062786310197,7229.167142857143,0.031405089097976686,Sunday,True,False,36790.0
2020-01-06,atm35000102,Izmir,36930,559,594,36440,36790,1153,36790,7431.63,7614.95,7310.0,7525.46,4138.11820107,0.012734781982631782,0.041792354749798255,7272.294285714286,0.029143587117638526,Monday,False,False,42980.0
2020-01-07,atm35000102,Izmir,22730,553,660,36375,42980,1213,42980,7531.73,8134.95,7516.97,8050.0,13507.54693697,0.06970205143605845,0.1274857208485416,7402.325714285714,0.036201204585928716,Tuesday,False,False,
2020-01-01,atm35000103,Izmir,29660,485,638,32235,43345,1123,43345,7145.05,7237.35,7129.55,7225.58,1211.09527025,0.012017176999851609,0.008870365328362606,7270.584285714285,0.020341564637941383,Wednesday,False,True,40245.0
2020-01-02,atm35000103,Izmir,31950,547,602,37485,40245,1149,40245,7220.0,7224.75,6900.0,6953.17,2993.0241097,-0.03770077972979324,-0.05449860279169694,7213.330000000001,0.021516015367927903,Thursday,False,False,38970.0
2020-01-03,atm35000103,Izmir,28175,558,603,37210,38970,1161,38970,6956.64,7402.31,6853.53,7339.97,8452.87552534,0.05562930289350043,0.017669250595838237,7231.535714285715,0.03126689788469128,Friday,False,False,38960.0
2020-01-04,atm35000103,Izmir,16225,554,583,34450,38960,1137,38960,7339.97,7396.1,7247.73,7291.27,3605.74269447,-0.006634904502334504,-0.003472886609773851,7227.905714285715,0.030986226739449674,Saturday,True,False,45355.0
2020-01-05,atm35000103,Izmir,5925,476,725,30855,45355,1201,45355,7294.0,7495.0,7269.71,7430.83,2614.94778349,0.019140698396849842,0.0011897062786310197,7229.167142857143,0.031405089097976686,Sunday,True,False,39235.0
2020-01-06,atm35000103,Izmir,31945,512,637,33660,39235,1149,39235,7431.63,7614.95,7310.0,7525.46,4138.11820107,0.012734781982631782,0.041792354749798255,7272.294285714286,0.029143587117638526,Monday,False,False,41055.0
2020-01-07,atm35000103,Izmir,25765,547,630,38270,41055,1177,41055,7531.73,8134.95,7516.97,8050.0,13507.54693697,0.06970205143605845,0.1274857208485416,7402.325714285714,0.036201204585928716,Tuesday,False,False,
2020-01-01,atm35000104,Izmir,24835,555,667,35200,41910,1222,41910,7145.05,7237.35,7129.55,7225.58,1211.09527025,0.012017176999851609,0.008870365328362606,7270.584285714285,0.020341564637941383,Wednesday,False,True,36040.0
2020-01-02,atm35000104,Izmir,15525,462,550,31855,36040,1012,36040,7220.0,7224.75,6900.0,6953.17,2993.0241097,-0.03770077972979324,-0.05449860279169694,7213.330000000001,0.021516015367927903,Thursday,False,False,39865.0
2020-01-03,atm35000104,Izmir,9730,538,606,33445,39865,1144,39865,6956.64,7402.31,6853.53,7339.97,8452.87552534,0.05562930289350043,0.017669250595838237,7231.535714285715,0.03126689788469128,Friday,False,False,33450.0
2020-01-04,atm35000104,Izmir,8155,569,504,34150,33450,1073,33450,7339.97,7396.1,7247.73,7291.27,3605.74269447,-0.006634904502334504,-0.003472886609773851,7227.905714285715,0.030986226739449674,Saturday,True,False,37875.0
2020-01-05,atm35000104,Izmir,6800,599,636,39865,37875,1235,37875,7294.0,7495.0,7269.71,7430.83,2614.94778349,0.019140698396849842,0.0011897062786310197,7229.167142857143,0.031405089097976686,Sunday,True,False,46145.0
2020-01-06,atm35000104,Izmir,0,555,689,36910,46145,1244,46145,7431.63,7614.95,7310.0,7525.46,4138.11820107,0.012734781982631782,0.041792354749798255,7272.294285714286,0.029143587117638526,Monday,False,False,43300.0
2020-01-07,atm35000104,Izmir,36130,573,661,39745,43300,1234,43300,7531.73,8134.95,7516.97,8050.0,13507.54693697,0.06970205143605845,0.1274857208485416,7402.325714285714,0.036201204585928716,Tuesday,False,False,
2020-01-01,atm35000105,Izmir,33705,446,623,29075,37710,1069,37710,7145.05,7237.35,7129.55,7225.58,1211.09527025,0.012017176999851609,0.008870365328362606,7270.584285714285,0.020341564637941383,Wednesday,False,True,38925.0
2020-01-02,atm35000105,Izmir,22300,485,602,29970,38925,1087,38925,7220.0,7224.75,6900.0,6953.17,2993.0241097,-0.03770077972979324,-0.05449860279169694,7213.330000000001,0.021516015367927903,Thursday,False,False,39555.0
2020-01-03,atm35000105,Izmir,5955,574,646,36035,39555,1220,39555,6956.64,7402.31,6853.53,7339.97,8452.87552534,0.05562930289350043,0.017669250595838237,7231.535714285715,0.03126689788469128,Friday,False,False,46280.0
2020-01-04,atm35000105,Izmir,35070,555,766,35370,46280,1321,46280,7339.97,7396.1,7247.73,7291.27,3605.74269447,-0.006634904502334504,-0.003472886609773851,7227.905714285715,0.030986226739449674,Saturday,True,False,43275.0
2020-01-05,atm35000105,Izmir,19775,582,647,36880,43275,1229,43275,7294.0,7495.0,7269.71,7430.83,2614.94778349,0.019140698396849842,0.0011897062786310197,7229.167142857143,0.031405089097976686,Sunday,True,False,37520.0
2020-01-06,atm35000105,Izmir,15545,583,618,39610,37520,1201,37520,7431.63,7614.95,7310.0,7525.46,4138.11820107,0.012734781982631782,0.041792354749798255,7272.294285714286,0.029143587117638526,Monday,False,False,38155.0
2020-01-07,atm35000105,Izmir,3825,529,617,35880,38155,1146,38155,7531.73,8134.95,7516.97,8050.0,13507.54693697,0.06970205143605845,0.1274857208485416,7402.325714285714,0.036201204585928716,Tuesday,False,False,
2020-01-01,atm35000106,Izmir,28620,513,601,32615,36655,1114,36655,7145.05,7237.35,7129.55,7225.58,1211.09527025,0.012017176999851609,0.008870365328362606,7270.584285714285,0.020341564637941383,Wednesday,False,True,40890.0
2020-01-02,atm35000106,Izmir,23730,649,611,41865,40890,1260,40890,7220.0,7224.75,6900.0,6953.17,2993.0241097,-0.03770077972979324,-0.05449860279169694,7213.330000000001,0.021516015367927903,Thursday,False,False,36750.0
2020-01-03,atm35000106,Izmir,18870,624,586,39155,36750,1210,36750,6956.64,7402.31,6853.53,7339.97,8452.87552534,0.05562930289350043,0.017669250595838237,7231.535714285715,0.03126689788469128,Friday,False,False,37770.0
2020-01-04,atm35000106,Izmir,1030,435,615,25780,37770,1050,37770,7339.97,7396.1,7247.73,7291.27,3605.74269447,-0.006634904502334504,-0.003472886609773851,7227.905714285715,0.030986226739449674,Saturday,True,False,38880.0
2020-01-05,atm35000106,Izmir,37150,549,640,35295,38880,1189,38880,7294.0,7495.0,7269.71,7430.83,2614.94778349,0.019140698396849842,0.0011897062786310197,7229.167142857143,0.031405089097976686,Sunday,True,False,39290.0
2020-01-06,atm35000106,Izmir,33925,444,646,31900,39290,1090,39290,7431.63,7614.95,7310.0,7525.46,4138.11820107,0.012734781982631782,0.041792354749798255,7272.294285714286,0.029143587117638526,Monday,False,False,38180.0
2020-01-07,atm35000106,Izmir,34290,626,604,42565,38180,1230,38180,7531.73,8134.95,7516.97,8050.0,13507.54693697,0.06970205143605845,0.1274857208485416,7402.325714285714,0.036201204585928716,Tuesday,False,False,
2020-01-01,atm35000107,Izmir,28770,555,650,36410,40840,1205,40840,7145.05,7237.35,7129.55,7225.58,1211.09527025,0.012017176999851609,0.008870365328362606,7270.584285714285,0.020341564637941383,Wednesday,False,True,39030.0
2020-01-02,atm35000107,Izmir,21480,581,639,36985,39030,1220,39030,7220.0,7224.75,6900.0,6953.17,2993.0241097,-0.03770077972979324,-0.05449860279169694,7213.330000000001,0.021516015367927903,Thursday,False,False,43930.0
2020-01-03,atm35000107,Izmir,14085,616,668,39920,43930,1284,43930,6956.64,7402.31,6853.53,7339.97,8452.87552534,0.05562930289350043,0.017669250595838237,7231.535714285715,0.03126689788469128,Friday,False,False,42015.0
2020-01-04,atm35000107,Izmir,37765,533,639,33480,42015,1172,42015,7339.97,7396.1,7247.73,7291.27,3605.74269447,-0.006634904502334504,-0.003472886609773851,7227.905714285715,0.030986226739449674,Saturday,True,False,41870.0
2020-01-05,atm35000107,Izmir,25345,466,654,31795,41870,1120,41870,7294.0,7495.0,7269.71,7430.83,2614.94778349,0.019140698396849842,0.0011897062786310197,7229.167142857143,0.031405089097976686,Sunday,True,False,44075.0
2020-01-06,atm35000107,Izmir,21070,612,629,40625,44075,1241,44075,7431.63,7614.95,7310.0,7525.46,4138.11820107,0.012734781982631782,0.041792354749798255,7272.294285714286,0.029143587117638526,Monday,False,False,40090.0
2020-01-07,atm35000107,Izmir,38855,535,615,32900,40090,1150,40090,7531.73,8134.95,7516.97,8050.0,13507.54693697,0.06970205143605845,0.1274857208485416,7402.325714285714,0.036201204585928716,Tuesday,False,False,
2020-01-01,atm35000108,Izmir,21900,512,729,34635,46055,1241,46055,7145.05,7237.35,7129.55,7225.58,1211.09527025,0.012017176999851609,0.008870365328362606,7270.584285714285,0.020341564637941383,Wednesday,False,True,42290.0
2020-01-02,atm35000108,Izmir,5410,568,656,33750,42290,1224,42290,7220.0,7224.75,6900.0,6953.17,2993.0241097,-0.03770077972979324,-0.05449860279169694,7213.330000000001,0.021516015367927903,Thursday,False,False,37905.0
2020-01-03,atm35000108,Izmir,31950,549,652,34305,37905,1201,37905,6956.64,7402.31,6853.53,7339.97,8452.87552534,0.05562930289350043,0.017669250595838237,7231.535714285715,0.03126689788469128,Friday,False,False,42510.0
2020-01-04,atm35000108,Izmir,23305,593,646,39890,42510,1239,42510,7339.97,7396.1,7247.73,7291.27,3605.74269447,-0.006634904502334504,-0.003472886609773851,7227.905714285715,0.030986226739449674,Saturday,True,False,40530.0
2020-01-05,atm35000108,Izmir,23960,568,589,36400,40530,1157,40530,7294.0,7495.0,7269.71,7430.83,2614.94778349,0.019140698396849842,0.0011897062786310197,7229.167142857143,0.031405089097976686,Sunday,True,False,40075.0
2020-01-06,atm35000108,Izmir,12780,487,613,32240,40075,1100,40075,7431.63,7614.95,7310.0,7525.46,4138.11820107,0.012734781982631782,0.041792354749798255,7272.294285714286,0.029143587117638526,Monday,False,False,40240.0
2020-01-07,atm35000108,Izmir,40305,593,615,37165,40240,1208,40240,7531.73,8134.95,7516.97,8050.0,13507.54693697,0.06970205143605845,0.1274857208485416,7402.325714285714,0.036201204585928716,Tuesday,False,False,
2020-01-01,atm35000109,Izmir,29565,591,628,37455,37130,1219,37130,7145.05,7237.35,7129.55,7225.58,1211.09527025,0.012017176999851609,0.008870365328362606,7270.584285714285,0.020341564637941383,Wednesday,False,True,41210.0
2020-01-02,atm35000109,Izmir,21740,474,619,29810,41210,1093,41210,7220.0,7224.75,6900.0,6953.17,2993.0241097,-0.03770077972979324,-0.05449860279169694,7213.330000000001,0.021516015367927903,Thursday,False,False,35990.0
2020-01-03,atm35000109,Izmir,21820,648,578,44345,35990,1226,35990,6956.64,7402.31,6853.53,7339.97,8452.87552534,0.05562930289350043,0.017669250595838237,7231.535714285715,0.03126689788469128,Friday,False,False,32270.0
2020-01-04,atm35000109,Izmir,25855,601,552,41085,32270,1153,32270,7339.97,7396.1,7247.73,7291.27,3605.74269447,-0.006634904502334504,-0.003472886609773851,7227.905714285715,0.030986226739449674,Saturday,True,False,47775.0
2020-01-05,atm35000109,Izmir,16710,673,739,44510,47775,1412,47775,7294.0,7495.0,7269.71,7430.83,2614.94778349,0.019140698396849842,0.0011897062786310197,7229.167142857143,0.031405089097976686,Sunday,True,False,40725.0
2020-01-06,atm35000109,Izmir,865,384,653,26050,40725,1037,40725,7431.63,7614.95,7310.0,7525.46,4138.11820107,0.012734781982631782,0.041792354749798255,7272.294285714286,0.029143587117638526,Monday,False,False,38070.0
2020-01-07,atm35000109,Izmir,30635,541,646,31970,38070,1187,38070,7531.73,8134.95,7516.97,8050.0,13507.54693697,0.06970205143605845,0.1274857208485416,7402.325714285714,0.036201204585928716,Tuesday,False,False,
2020-01-01,atm3500011,Izmir,40095,536,592,34010,37005,1128,37005,7145.05,7237.35,7129.55,7225.58,1211.09527025,0.012017176999851609,0.008870365328362606,7270.584285714285,0.020341564637941383,Wednesday,False,True,34605.0
2020-01-02,atm3500011,Izmir,49890,639,588,39935,34605,1227,34605,7220.0,7224.75,6900.0,6953.17,2993.0241097,-0.03770077972979324,-0.05449860279169694,7213.330000000001,0.021516015367927903,Thursday,False,False,41895.0
2020-01-03,atm3500011,Izmir,36750,587,667,38395,41895,1254,41895,6956.64,7402.31,6853.53,7339.97,8452.87552534,0.05562930289350043,0.017669250595838237,7231.535714285715,0.03126689788469128,Friday,False,False,43575.0
2020-01-04,atm3500011,Izmir,40050,681,680,44755,43575,1361,43575,7339.97,7396.1,7247.73,7291.27,3605.74269447,-0.006634904502334504,-0.003472886609773851,7227.905714285715,0.030986226739449674,Saturday,True,False,40555.0
2020-01-05,atm3500011,Izmir,28880,592,651,37335,40555,1243,40555,7294.0,7495.0,7269.71,7430.83,2614.94778349,0.019140698396849842,0.0011897062786310197,7229.167142857143,0.031405089097976686,Sunday,True,False,50490.0
2020-01-06,atm3500011,Izmir,5215,473,731,31710,50490,1204,50490,7431.63,7614.95,7310.0,7525.46,4138.11820107,0.012734781982631782,0.041792354749798255,7272.294285714286,0.029143587117638526,Monday,False,False,38410.0
2020-01-07,atm3500011,Izmir,11435,634,572,40530,38410,1206,38410,7531.73,8134.95,7516.97,8050.0,13507.54693697,0.06970205143605845,0.1274857208485416,7402.325714285714,0.036201204585928716,Tuesday,False,False,
2020-01-01,atm35000110,Izmir,21650,511,704,32015,46050,1215,46050,7145.05,7237.35,7129.55,7225.58,1211.09527025,0.012017176999851609,0.008870365328362606,7270.584285714285,0.020341564637941383,Wednesday,False,True,42250.0
2020-01-02,atm35000110,Izmir,6695,639,651,40890,42250,1290,42250,7220.0,7224.75,6900.0,6953.17,2993.0241097,-0.03770077972979324,-0.05449860279169694,7213.330000000001,0.021516015367927903,Thursday,False,False,35200.0
2020-01-03,atm35000110,Izmir,12990,627,593,41480,35200,1220,35200,6956.64,7402.31,6853.53,7339.97,8452.87552534,0.05562930289350043,0.017669250595838237,7231.535714285715,0.03126689788469128,Friday,False,False,44135.0
2020-01-04,atm35000110,Izmir,26400,396,681,25045,44135,1077,44135,7339.97,7396.1,7247.73,7291.27,3605.74269447,-0.006634904502334504,-0.003472886609773851,7227.905714285715,0.030986226739449674,Saturday,True,False,39180.0
2020-01-05,atm35000110,Izmir,14290,482,584,32250,39180,1066,39180,7294.0,7495.0,7269.71,7430.83,2614.94778349,0.019140698396849842,0.0011897062786310197,7229.167142857143,0.031405089097976686,Sunday,True,False,43090.0
2020-01-06,atm35000110,Izmir,5155,568,638,34745,43090,1206,43090,7431.63,7614.95,7310.0,7525.46,4138.11820107,0.012734781982631782,0.041792354749798255,7272.294285714286,0.029143587117638526,Monday,False,False,41870.0
2020-01-07,atm35000110,Izmir,27970,560,661,35770,41870,1221,41870,7531.73,8134.95,7516.97,8050.0,13507.54693697,0.06970205143605845,0.1274857208485416,7402.325714285714,0.036201204585928716,Tuesday,False,False,
2020-01-01,atm35000111,Izmir,26375,502,647,32940,43225,1149,43225,7145.05,7237.35,7129.55,7225.58,1211.09527025,0.012017176999851609,0.008870365328362606,7270.584285714285,0.020341564637941383,Wednesday,False,True,38435.0
2020-01-02,atm35000111,Izmir,16030,493,629,31115,38435,1122,38435,7220.0,7224.75,6900.0,6953.17,2993.0241097,-0.03770077972979324,-0.05449860279169694,7213.330000000001,0.021516015367927903,Thursday,False,False,39965.0
2020-01-03,atm35000111,Izmir,15895,678,615,44920,39965,1293,39965,6956.64,7402.31,6853.53,7339.97,8452.87552534,0.05562930289350043,0.017669250595838237,7231.535714285715,0.03126689788469128,Friday,False,False,39870.0
2020-01-04,atm35000111,Izmir,5575,643,654,37495,39870,1297,39870,7339.97,7396.1,7247.73,7291.27,3605.74269447,-0.006634904502334504,-0.003472886609773851,7227.905714285715,0.030986226739449674,Saturday,True,False,40850.0
2020-01-05,atm35000111,Izmir,34035,562,651,35750,40850,1213,40850,7294.0,7495.0,7269.71,7430.83,2614.94778349,0.019140698396849842,0.0011897062786310197,7229.167142857143,0.031405089097976686,Sunday,True,False,36785.0
2020-01-06,atm35000111,Izmir,20680,475,597,30340,36785,1072,36785,7431.63,7614.95,7310.0,7525.46,4138.11820107,0.012734781982631782,0.041792354749798255,7272.294285714286,0.029143587117638526,Monday,False,False,41620.0
2020-01-07,atm35000111,Izmir,10680,563,646,37500,41620,1209,41620,7531.73,8134.95,7516.97,8050.0,13507.54693697,0.06970205143605845,0.1274857208485416,7402.325714285714,0.036201204585928716,Tuesday,False,False,
2020-01-01,atm35000112,Izmir,27940,604,578,38130,40485,1182,40485,7145.05,7237.35,7129.55,7225.58,1211.09527025,0.012017176999851609,0.008870365328362606,7270.584285714285,0.020341564637941383,Wednesday,False,True,45980.0
2020-01-02,atm35000112,Izmir,8675,513,713,32550,45980,1226,45980,7220.0,7224.75,6900.0,6953.17,2993.0241097,-0.03770077972979324,-0.05449860279169694,7213.330000000001,0.021516015367927903,Thursday,False,False,35240.0
2020-01-03,atm35000112,Izmir,5000,538,531,37120,35240,1069,35240,6956.64,7402.31,6853.53,7339.97,8452.87552534,0.05562930289350043,0.017669250595838237,7231.535714285715,0.03126689788469128,Friday,False,False,39920.0
2020-01-04,atm35000112,Izmir,0,526,627,34470,39920,1153,39920,7339.97,7396.1,7247.73,7291.27,3605.74269447,-0.006634904502334504,-0.003472886609773851,7227.905714285715,0.030986226739449674,Saturday,True,False,39585.0
2020-01-05,atm35000112,Izmir,35325,556,650,36545,39585,1206,39585,7294.0,7495.0,7269.71,7430.83,2614.94778349,0.019140698396849842,0.0011897062786310197,7229.167142857143,0.031405089097976686,Sunday,True,False,41545.0
2020-01-06,atm35000112,Izmir,33485,547,666,36340,41545,1213,41545,7431.63,7614.95,7310.0,7525.46,4138.11820107,0.012734781982631782,0.041792354749798255,7272.294285714286,0.029143587117638526,Monday,False,False,44695.0
2020-01-07,atm35000112,Izmir,19335,552,671,34580,44695,1223,44695,7531.73,8134.95,7516.97,8050.0,13507.54693697,0.06970205143605845,0.1274857208485416,7402.325714285714,0.036201204585928716,Tuesday,False,False,
2020-01-01,atm35000113,Izmir,33200,570,691,36645,46145,1261,46145,7145.05,7237.35,7129.55,7225.58,1211.09527025,0.012017176999851609,0.008870365328362606,7270.584285714285,0.020341564637941383,Wednesday,False,True,42775.0
2020-01-02,atm35000113,Izmir,34430,667,685,44715,42775,1352,42775,7220.0,7224.75,6900.0,6953.17,2993.0241097,-0.03770077972979324,-0.05449860279169694,7213.330000000001,0.021516015367927903,Thursday,False,False,33935.0
2020-01-03,atm35000113,Izmir,30080,592,583,37610,33935,1175,33935,6956.64,7402.31,6853.53,7339.97,8452.87552534,0.05562930289350043,0.017669250595838237,7231.535714285715,0.03126689788469128,Friday,False,False,45065.0
2020-01-04,atm35000113,Izmir,23130,585,683,38815,45065,1268,45065,7339.97,7396.1,7247.73,7291.27,3605.74269447,-0.006634904502334504,-0.003472886609773851,7227.905714285715,0.030986226739449674,Saturday,True,False,41020.0
2020-01-05,atm35000113,Izmir,4405,504,644,31920,41020,1148,41020,7294.0,7495.0,7269.71,7430.83,2614.94778349,0.019140698396849842,0.0011897062786310197,7229.167142857143,0.031405089097976686,Sunday,True,False,41680.0
2020-01-06,atm35000113,Izmir,5335,546,639,38035,41680,1185,41680,7431.63,7614.95,7310.0,7525.46,4138.11820107,0.012734781982631782,0.041792354749798255,7272.294285714286,0.029143587117638526,Monday,False,False,39405.0
2020-01-07,atm35000113,Izmir,41115,661,605,42170,39405,1266,39405,7531.73,8134.95,7516.97,8050.0,13507.54693697,0.06970205143605845,0.1274857208485416,7402.325714285714,0.036201204585928716,Tuesday,False,False,
2020-01-01,atm35000114,Izmir,33265,627,647,40060,40695,1274,40695,7145.05,7237.35,7129.55,7225.58,1211.09527025,0.012017176999851609,0.008870365328362606,7270.584285714285,0.020341564637941383,Wednesday,False,True,37570.0
2020-01-02,atm35000114,Izmir,35575,694,591,41290,37570,1285,37570,7220.0,7224.75,6900.0,6953.17,2993.0241097,-0.03770077972979324,-0.05449860279169694,7213.330000000001,0.021516015367927903,Thursday,False,False,42840.0
2020-01-03,atm35000114,Izmir,28810,610,611,39530,42840,1221,42840,6956.64,7402.31,6853.53,7339.97,8452.87552534,0.05562930289350043,0.017669250595838237,7231.535714285715,0.03126689788469128,Friday,False,False,39490.0
2020-01-04,atm35000114,Izmir,23575,620,648,36960,39490,1268,39490,7339.97,7396.1,7247.73,7291.27,3605.74269447,-0.006634904502334504,-0.003472886609773851,7227.905714285715,0.030986226739449674,Saturday,True,False,38470.0
2020-01-05,atm35000114,Izmir,33795,632,594,41615,38470,1226,38470,7294.0,7495.0,7269.71,7430.83,2614.94778349,0.019140698396849842,0.0011897062786310197,7229.167142857143,0.031405089097976686,Sunday,True,False,39580.0
2020-01-06,atm35000114,Izmir,25915,527,609,32510,39580,1136,39580,7431.63,7614.95,7310.0,7525.46,4138.11820107,0.012734781982631782,0.041792354749798255,7272.294285714286,0.029143587117638526,Monday,False,False,38520.0
2020-01-07,atm35000114,Izmir,12230,542,628,35170,38520,1170,38520,7531.73,8134.95,7516.97,8050.0,13507.54693697,0.06970205143605845,0.1274857208485416,7402.325714285714,0.036201204585928716,Tuesday,False,False,
2020-01-01,atm35000115,Izmir,33290,554,654,34165,39720,1208,39720,7145.05,7237.35,7129.55,7225.58,1211.09527025,0.012017176999851609,0.008870365328362606,7270.584285714285,0.020341564637941383,Wednesday,False,True,44355.0
2020-01-02,atm35000115,Izmir,30635,689,688,44010,44355,1377,44355,7220.0,7224.75,6900.0,6953.17,2993.0241097,-0.03770077972979324,-0.05449860279169694,7213.330000000001,0.021516015367927903,Thursday,False,False,35795.0
2020-01-03,atm35000115,Izmir,23850,609,605,39160,35795,1214,35795,6956.64,7402.31,6853.53,7339.97,8452.87552534,0.05562930289350043,0.017669250595838237,7231.535714285715,0.03126689788469128,Friday,False,False,46810.0
2020-01-04,atm35000115,Izmir,8580,602,690,37445,46810,1292,46810,7339.97,7396.1,7247.73,7291.27,3605.74269447,-0.006634904502334504,-0.003472886609773851,7227.905714285715,0.030986226739449674,Saturday,True,False,35795.0
2020-01-05,atm35000115,Izmir,8510,624,587,39085,35795,1211,35795,7294.0,7495.0,7269.71,7430.83,2614.94778349,0.019140698396849842,0.0011897062786310197,7229.167142857143,0.031405089097976686,Sunday,True,False,42455.0
2020-01-06,atm35000115,Izmir,32800,464,654,32485,42455,1118,42455,7431.63,7614.95,7310.0,7525.46,4138.11820107,0.012734781982631782,0.041792354749798255,7272.294285714286,0.029143587117638526,Monday,False,False,39485.0
2020-01-07,atm35000115,Izmir,36990,643,603,40950,39485,1246,39485,7531.73,8134.95,7516.97,8050.0,13507.54693697,0.06970205143605845,0.1274857208485416,7402.325714285714,0.036201204585928716,Tuesday,False,False,
2020-01-01,atm35000116,Izmir,28935,564,571,36490,35975,1135,35975,7145.05,7237.35,7129.55,7225.58,1211.09527025,0.012017176999851609,0.008870365328362606,7270.584285714285,0.020341564637941383,Wednesday,False,True,42465.0
2020-01-02,atm35000116,Izmir,19100,544,685,35690,42465,1229,42465,7220.0,7224.75,6900.0,6953.17,2993.0241097,-0.03770077972979324,-0.05449860279169694,7213.330000000001,0.021516015367927903,Thursday,False,False,39175.0
2020-01-03,atm35000116,Izmir,18355,567,648,35440,39175,1215,39175,6956.64,7402.31,6853.53,7339.97,8452.87552534,0.05562930289350043,0.017669250595838237,7231.535714285715,0.03126689788469128,Friday,False,False,39325.0
2020-01-04,atm35000116,Izmir,5355,510,620,27960,39325,1130,39325,7339.97,7396.1,7247.73,7291.27,3605.74269447,-0.006634904502334504,-0.003472886609773851,7227.905714285715,0.030986226739449674,Saturday,True,False,43780.0
2020-01-05,atm35000116,Izmir,35700,586,705,36290,43780,1291,43780,7294.0,7495.0,7269.71,7430.83,2614.94778349,0.019140698396849842,0.0011897062786310197,7229.167142857143,0.031405089097976686,Sunday,True,False,39555.0
2020-01-06,atm35000116,Izmir,29780,563,611,37400,39555,1174,39555,7431.63,7614.95,7310.0,7525.46,4138.11820107,0.012734781982631782,0.041792354749798255,7272.294285714286,0.029143587117638526,Monday,False,False,38620.0
2020-01-07,atm35000116,Izmir,34365,653,602,44625,38620,1255,38620,7531.73,8134.95,7516.97,8050.0,13507.54693697,0.06970205143605845,0.1274857208485416,7402.325714285714,0.036201204585928716,Tuesday,False,False,
2020-01-01,atm35000117,Izmir,15875,467,706,28910,45420,1173,45420,7145.05,7237.35,7129.55,7225.58,1211.09527025,0.012017176999851609,0.008870365328362606,7270.584285714285,0.020341564637941383,Wednesday,False,True,39530.0
2020-01-02,atm35000117,Izmir,3015,596,639,36315,39530,1235,39530,7220.0,7224.75,6900.0,6953.17,2993.0241097,-0.03770077972979324,-0.05449860279169694,7213.330000000001,0.021516015367927903,Thursday,False,False,42335.0
2020-01-03,atm35000117,Izmir,33945,551,657,37315,42335,1208,42335,6956.64,7402.31,6853.53,7339.97,8452.87552534,0.05562930289350043,0.017669250595838237,7231.535714285715,0.03126689788469128,Friday,False,False,41715.0
2020-01-04,atm35000117,Izmir,19325,484,647,30070,41715,1131,41715,7339.97,7396.1,7247.73,7291.27,3605.74269447,-0.006634904502334504,-0.003472886609773851,7227.905714285715,0.030986226739449674,Saturday,True,False,34220.0
2020-01-05,atm35000117,Izmir,8610,529,565,34295,34220,1094,34220,7294.0,7495.0,7269.71,7430.83,2614.94778349,0.019140698396849842,0.0011897062786310197,7229.167142857143,0.031405089097976686,Sunday,True,False,42735.0
2020-01-06,atm35000117,Izmir,0,502,636,30610,42735,1138,42735,7431.63,7614.95,7310.0,7525.46,4138.11820107,0.012734781982631782,0.041792354749798255,7272.294285714286,0.029143587117638526,Monday,False,False,42985.0
2020-01-07,atm35000117,Izmir,33495,558,654,37300,42985,1212,42985,7531.73,8134.95,7516.97,8050.0,13507.54693697,0.06970205143605845,0.1274857208485416,7402.325714285714,0.036201204585928716,Tuesday,False,False,
2020-01-01,atm35000118,Izmir,32095,533,627,37090,40210,1160,40210,7145.05,7237.35,7129.55,7225.58,1211.09527025,0.012017176999851609,0.008870365328362606,7270.584285714285,0.020341564637941383,Wednesday,False,True,42155.0
2020-01-02,atm35000118,Izmir,17565,585,678,37785,42155,1263,42155,7220.0,7224.75,6900.0,6953.17,2993.0241097,-0.03770077972979324,-0.05449860279169694,7213.330000000001,0.021516015367927903,Thursday,False,False,45505.0
2020-01-03,atm35000118,Izmir,16875,657,732,45035,45505,1389,45505,6956.64,7402.31,6853.53,7339.97,8452.87552534,0.05562930289350043,0.017669250595838237,7231.535714285715,0.03126689788469128,Friday,False,False,44790.0
2020-01-04,atm35000118,Izmir,38635,574,701,35155,44790,1275,44790,7339.97,7396.1,7247.73,7291.27,3605.74269447,-0.006634904502334504,-0.003472886609773851,7227.905714285715,0.030986226739449674,Saturday,True,False,36195.0
2020-01-05,atm35000118,Izmir,35330,579,579,39200,36195,1158,36195,7294.0,7495.0,7269.71,7430.83,2614.94778349,0.019140698396849842,0.0011897062786310197,7229.167142857143,0.031405089097976686,Sunday,True,False,38035.0
2020-01-06,atm35000118,Izmir,23220,548,645,33065,38035,1193,38035,7431.63,7614.95,7310.0,7525.46,4138.11820107,0.012734781982631782,0.041792354749798255,7272.294285714286,0.029143587117638526,Monday,False,False,44695.0
2020-01-07,atm35000118,Izmir,13730,524,665,36455,44695,1189,44695,7531.73,8134.95,7516.97,8050.0,13507.54693697,0.06970205143605845,0.1274857208485416,7402.325714285714,0.036201204585928716,Tuesday,False,False,
2020-01-01,atm35000119,Izmir,28840,555,708,37090,44695,1263,44695,7145.05,7237.35,7129.55,7225.58,1211.09527025,0.012017176999851609,0.008870365328362606,7270.584285714285,0.020341564637941383,Wednesday,False,True,37505.0
2020-01-02,atm35000119,Izmir,15670,458,611,27625,37505,1069,37505,7220.0,7224.75,6900.0,6953.17,2993.0241097,-0.03770077972979324,-0.05449860279169694,7213.330000000001,0.021516015367927903,Thursday,False,False,39505.0
2020-01-03,atm35000119,Izmir,8605,670,629,40565,39505,1299,39505,6956.64,7402.31,6853.53,7339.97,8452.87552534,0.05562930289350043,0.017669250595838237,7231.535714285715,0.03126689788469128,Friday,False,False,35455.0
2020-01-04,atm35000119,Izmir,40810,542,566,34935,35455,1108,35455,7339.97,7396.1,7247.73,7291.27,3605.74269447,-0.006634904502334504,-0.003472886609773851,7227.905714285715,0.030986226739449674,Saturday,True,False,40570.0
2020-01-05,atm35000119,Izmir,24980,495,644,30075,40570,1139,40570,7294.0,7495.0,7269.71,7430.83,2614.94778349,0.019140698396849842,0.0011897062786310197,7229.167142857143,0.031405089097976686,Sunday,True,False,41195.0
2020-01-06,atm35000119,Izmir,18690,592,633,37365,41195,1225,41195,7431.63,7614.95,7310.0,7525.46,4138.11820107,0.012734781982631782,0.041792354749798255,7272.294285714286,0.029143587117638526,Monday,False,False,40360.0
2020-01-07,atm35000119,Izmir,12345,576,647,38115,40360,1223,40360,7531.73,8134.95,7516.97,8050.0,13507.54693697,0.06970205143605845,0.1274857208485416,7402.325714285714,0.036201204585928716,Tuesday,False,False,
2020-01-01,atm3500012,Izmir,32475,593,627,37465,36365,1220,36365,7145.05,7237.35,7129.55,7225.58,1211.09527025,0.012017176999851609,0.008870365328362606,7270.584285714285,0.020341564637941383,Wednesday,False,True,40490.0
2020-01-02,atm3500012,Izmir,15480,526,632,32500,40490,1158,40490,7220.0,7224.75,6900.0,6953.17,2993.0241097,-0.03770077972979324,-0.05449860279169694,7213.330000000001,0.021516015367927903,Thursday,False,False,37880.0
2020-01-03,atm3500012,Izmir,37135,480,633,29335,37880,1113,37880,6956.64,7402.31,6853.53,7339.97,8452.87552534,0.05562930289350043,0.017669250595838237,7231.535714285715,0.03126689788469128,Friday,False,False,42800.0
2020-01-04,atm3500012,Izmir,16260,532,685,32425,42800,1217,42800,7339.97,7396.1,7247.73,7291.27,3605.74269447,-0.006634904502334504,-0.003472886609773851,7227.905714285715,0.030986226739449674,Saturday,True,False,43240.0
2020-01-05,atm3500012,Izmir,40190,581,632,40320,43240,1213,43240,7294.0,7495.0,7269.71,7430.83,2614.94778349,0.019140698396849842,0.0011897062786310197,7229.167142857143,0.031405089097976686,Sunday,True,False,41540.0
2020-01-06,atm3500012,Izmir,32970,613,646,39820,41540,1259,41540,7431.63,7614.95,7310.0,7525.46,4138.11820107,0.012734781982631782,0.041792354749798255,7272.294285714286,0.029143587117638526,Monday,False,False,45435.0
2020-01-07,atm3500012,Izmir,4540,418,675,26875,45435,1093,45435,7531.73,8134.95,7516.97,8050.0,13507.54693697,0.06970205143605845,0.1274857208485416,7402.325714285714,0.036201204585928716,Tuesday,False,False,
2020-01-01,atm35000120,Izmir,19635,493,673,34490,43255,1166,43255,7145.05,7237.35,7129.55,7225.58,1211.09527025,0.012017176999851609,0.008870365328362606,7270.584285714285,0.020341564637941383,Wednesday,False,True,43340.0
2020-01-02,atm35000120,Izmir,41670,569,671,37305,43340,1240,43340,7220.0,7224.75,6900.0,6953.17,2993.0241097,-0.03770077972979324,-0.05449860279169694,7213.330000000001,0.021516015367927903,Thursday,False,False,40035.0
2020-01-03,atm35000120,Izmir,35530,610,659,40440,40035,1269,40035,6956.64,7402.31,6853.53,7339.97,8452.87552534,0.05562930289350043,0.017669250595838237,7231.535714285715,0.03126689788469128,Friday,False,False,37555.0
2020-01-04,atm35000120,Izmir,28525,659,589,42325,37555,1248,37555,7339.97,7396.1,7247.73,7291.27,3605.74269447,-0.006634904502334504,-0.003472886609773851,7227.905714285715,0.030986226739449674,Saturday,True,False,43185.0
2020-01-05,atm35000120,Izmir,16680,559,653,37535,43185,1212,43185,7294.0,7495.0,7269.71,7430.83,2614.94778349,0.019140698396849842,0.0011897062786310197,7229.167142857143,0.031405089097976686,Sunday,True,False,38495.0
2020-01-06,atm35000120,Izmir,4730,496,636,30145,38495,1132,38495,7431.63,7614.95,7310.0,7525.46,4138.11820107,0.012734781982631782,0.041792354749798255,7272.294285714286,0.029143587117638526,Monday,False,False,46835.0
2020-01-07,atm35000120,Izmir,0,604,738,39940,46835,1342,46835,7531.73,8134.95,7516.97,8050.0,13507.54693697,0.06970205143605845,0.1274857208485416,7402.325714285714,0.036201204585928716,Tuesday,False,False,
2020-01-01,atm35000121,Izmir,16085,481,650,30725,45450,1131,45450,7145.05,7237.35,7129.55,7225.58,1211.09527025,0.012017176999851609,0.008870365328362606,7270.584285714285,0.020341564637941383,Wednesday,False,True,44065.0
2020-01-02,atm35000121,Izmir,8135,479,669,31030,44065,1148,44065,7220.0,7224.75,6900.0,6953.17,2993.0241097,-0.03770077972979324,-0.05449860279169694,7213.330000000001,0.021516015367927903,Thursday,False,False,39080.0
2020-01-03,atm35000121,Izmir,41790,575,602,39430,39080,1177,39080,6956.64,7402.31,6853.53,7339.97,8452.87552534,0.05562930289350043,0.017669250595838237,7231.535714285715,0.03126689788469128,Friday,False,False,44455.0
2020-01-04,atm35000121,Izmir,32365,598,682,39960,44455,1280,44455,7339.97,7396.1,7247.73,7291.27,3605.74269447,-0.006634904502334504,-0.003472886609773851,7227.905714285715,0.030986226739449674,Saturday,True,False,39860.0
2020-01-05,atm35000121,Izmir,34605,579,630,37635,39860,1209,39860,7294.0,7495.0,7269.71,7430.83,2614.94778349,0.019140698396849842,0.0011897062786310197,7229.167142857143,0.031405089097976686,Sunday,True,False,37120.0
2020-01-06,atm35000121,Izmir,34435,629,581,40000,37120,1210,37120,7431.63,7614.95,7310.0,7525.46,4138.11820107,0.012734781982631782,0.041792354749798255,7272.294285714286,0.029143587117638526,Monday,False,False,49835.0
2020-01-07,atm35000121,Izmir,11875,484,753,31550,49835,1237,49835,7531.73,8134.95,7516.97,8050.0,13507.54693697,0.06970205143605845,0.1274857208485416,7402.325714285714,0.036201204585928716,Tuesday,False,False,
2020-01-01,atm35000122,Izmir,35265,599,646,37010,40340,1245,40340,7145.05,7237.35,7129.55,7225.58,1211.09527025,0.012017176999851609,0.008870365328362606,7270.584285714285,0.020341564637941383,Wednesday,False,True,50450.0
2020-01-02,atm35000122,Izmir,8765,540,738,34855,50450,1278,50450,7220.0,7224.75,6900.0,6953.17,2993.0241097,-0.03770077972979324,-0.05449860279169694,7213.330000000001,0.021516015367927903,Thursday,False,False,40060.0
2020-01-03,atm35000122,Izmir,40815,575,627,37930,40060,1202,40060,6956.64,7402.31,6853.53,7339.97,8452.87552534,0.05562930289350043,0.017669250595838237,7231.535714285715,0.03126689788469128,Friday,False,False,41945.0
2020-01-04,atm35000122,Izmir,24235,504,687,32910,41945,1191,41945,7339.97,7396.1,7247.73,7291.27,3605.74269447,-0.006634904502334504,-0.003472886609773851,7227.905714285715,0.030986226739449674,Saturday,True,False,34885.0
2020-01-05,atm35000122,Izmir,11315,554,569,34365,34885,1123,34885,7294.0,7495.0,7269.71,7430.83,2614.94778349,0.019140698396849842,0.0011897062786310197,7229.167142857143,0.031405089097976686,Sunday,True,False,41930.0
2020-01-06,atm35000122,Izmir,38995,512,647,30960,41930,1159,41930,7431.63,7614.95,7310.0,7525.46,4138.11820107,0.012734781982631782,0.041792354749798255,7272.294285714286,0.029143587117638526,Monday,False,False,38255.0
2020-01-07,atm35000122,Izmir,24045,561,620,33220,38255,1181,38255,7531.73,8134.95,7516.97,8050.0,13507.54693697,0.06970205143605845,0.1274857208485416,7402.325714285714,0.036201204585928716,Tuesday,False,False,
2020-01-01,atm35000123,Izmir,28025,501,615,30580,37765,1116,37765,7145.05,7237.35,7129.55,7225.58,1211.09527025,0.012017176999851609,0.008870365328362606,7270.584285714285,0.020341564637941383,Wednesday,False,True,41355.0
2020-01-02,atm35000123,Izmir,20280,653,660,43360,41355,1313,41355,7220.0,7224.75,6900.0,6953.17,2993.0241097,-0.03770077972979324,-0.05449860279169694,7213.330000000001,0.021516015367927903,Thursday,False,False,38770.0
2020-01-03,atm35000123,Izmir,13985,569,631,38100,38770,1200,38770,6956.64,7402.31,6853.53,7339.97,8452.87552534,0.05562930289350043,0.017669250595838237,7231.535714285715,0.03126689788469128,Friday,False,False,39790.0
2020-01-04,atm35000123,Izmir,5995,570,634,34370,39790,1204,39790,7339.97,7396.1,7247.73,7291.27,3605.74269447,-0.006634904502334504,-0.003472886609773851,7227.905714285715,0.030986226739449674,Saturday,True,False,37125.0
2020-01-05,atm35000123,Izmir,23770,494,636,30700,37125,1130,37125,7294.0,7495.0,7269.71,7430.83,2614.94778349,0.019140698396849842,0.0011897062786310197,7229.167142857143,0.031405089097976686,Sunday,True,False,41010.0
2020-01-06,atm35000123,Izmir,15285,562,674,36865,41010,1236,41010,7431.63,7614.95,7310.0,7525.46,4138.11820107,0.012734781982631782,0.041792354749798255,7272.294285714286,0.029143587117638526,Monday,False,False,42700.0
2020-01-07,atm35000123,Izmir,35400,510,711,34175,42700,1221,42700,7531.73,8134.95,7516.97,8050.0,13507.54693697,0.06970205143605845,0.1274857208485416,7402.325714285714,0.036201204585928716,Tuesday,False,False,
2020-01-01,atm35000124,Izmir,27030,958,1075,63375,65255,2033,65255,7145.05,7237.35,7129.55,7225.58,1211.09527025,0.012017176999851609,0.008870365328362606,7270.584285714285,0.020341564637941383,Wednesday,False,True,72235.0
2020-01-02,atm35000124,Izmir,12880,975,1092,60825,72235,2067,72235,7220.0,7224.75,6900.0,6953.17,2993.0241097,-0.03770077972979324,-0.05449860279169694,7213.330000000001,0.021516015367927903,Thursday,False,False,68935.0
2020-01-03,atm35000124,Izmir,40725,952,1066,63590,68935,2018,68935,6956.64,7402.31,6853.53,7339.97,8452.87552534,0.05562930289350043,0.017669250595838237,7231.535714285715,0.03126689788469128,Friday,False,False,66330.0
2020-01-04,atm35000124,Izmir,15630,959,1079,61965,66330,2038,66330,7339.97,7396.1,7247.73,7291.27,3605.74269447,-0.006634904502334504,-0.003472886609773851,7227.905714285715,0.030986226739449674,Saturday,True,False,68390.0
2020-01-05,atm35000124,Izmir,4970,993,1075,63825,68390,2068,68390,7294.0,7495.0,7269.71,7430.83,2614.94778349,0.019140698396849842,0.0011897062786310197,7229.167142857143,0.031405089097976686,Sunday,True,False,72455.0
2020-01-06,atm35000124,Izmir,21885,997,1091,62570,72455,2088,72455,7431.63,7614.95,7310.0,7525.46,4138.11820107,0.012734781982631782,0.041792354749798255,7272.294285714286,0.029143587117638526,Monday,False,False,69490.0
2020-01-07,atm35000124,Izmir,6590,964,1063,62505,69490,2027,69490,7531.73,8134.95,7516.97,8050.0,13507.54693697,0.06970205143605845,0.1274857208485416,7402.325714285714,0.036201204585928716,Tuesday,False,False,
2020-01-01,atm35000125,Izmir,31775,571,613,36470,34535,1184,34535,7145.05,7237.35,7129.55,7225.58,1211.09527025,0.012017176999851609,0.008870365328362606,7270.584285714285,0.020341564637941383,Wednesday,False,True,40810.0
2020-01-02,atm35000125,Izmir,28515,610,658,37990,40810,1268,40810,7220.0,7224.75,6900.0,6953.17,2993.0241097,-0.03770077972979324,-0.05449860279169694,7213.330000000001,0.021516015367927903,Thursday,False,False,45630.0
2020-01-03,atm35000125,Izmir,16270,592,730,37405,45630,1322,45630,6956.64,7402.31,6853.53,7339.97,8452.87552534,0.05562930289350043,0.017669250595838237,7231.535714285715,0.03126689788469128,Friday,False,False,40495.0
2020-01-04,atm35000125,Izmir,2200,418,612,25655,40495,1030,40495,7339.97,7396.1,7247.73,7291.27,3605.74269447,-0.006634904502334504,-0.003472886609773851,7227.905714285715,0.030986226739449674,Saturday,True,False,39310.0
2020-01-05,atm35000125,Izmir,39875,516,588,32065,39310,1104,39310,7294.0,7495.0,7269.71,7430.83,2614.94778349,0.019140698396849842,0.0011897062786310197,7229.167142857143,0.031405089097976686,Sunday,True,False,36580.0
2020-01-06,atm35000125,Izmir,36785,502,593,31180,36580,1095,36580,7431.63,7614.95,7310.0,7525.46,4138.11820107,0.012734781982631782,0.041792354749798255,7272.294285714286,0.029143587117638526,Monday,False,False,46665.0
2020-01-07,atm35000125,Izmir,19050,514,683,31675,46665,1197,46665,7531.73,8134.95,7516.97,8050.0,13507.54693697,0.06970205143605845,0.1274857208485416,7402.325714285714,0.036201204585928716,Tuesday,False,False,
2020-01-01,atm35000126,Izmir,34975,581,648,36050,39590,1229,39590,7145.05,7237.35,7129.55,7225.58,1211.09527025,0.012017176999851609,0.008870365328362606,7270.584285714285,0.020341564637941383,Wednesday,False,True,39860.0
2020-01-02,atm35000126,Izmir,21010,579,603,36370,39860,1182,39860,7220.0,7224.75,6900.0,6953.17,2993.0241097,-0.03770077972979324,-0.05449860279169694,7213.330000000001,0.021516015367927903,Thursday,False,False,39790.0
2020-01-03,atm35000126,Izmir,20480,603,663,37705,39790,1266,39790,6956.64,7402.31,6853.53,7339.97,8452.87552534,0.05562930289350043,0.017669250595838237,7231.535714285715,0.03126689788469128,Friday,False,False,39805.0
2020-01-04,atm35000126,Izmir,20045,617,644,39620,39805,1261,39805,7339.97,7396.1,7247.73,7291.27,3605.74269447,-0.006634904502334504,-0.003472886609773851,7227.905714285715,0.030986226739449674,Saturday,True,False,40840.0
2020-01-05,atm35000126,Izmir,10220,568,661,35395,40840,1229,40840,7294.0,7495.0,7269.71,7430.83,2614.94778349,0.019140698396849842,0.0011897062786310197,7229.167142857143,0.031405089097976686,Sunday,True,False,46160.0
2020-01-06,atm35000126,Izmir,4140,598,705,33580,46160,1303,46160,7431.63,7614.95,7310.0,7525.46,4138.11820107,0.012734781982631782,0.041792354749798255,7272.294285714286,0.029143587117638526,Monday,False,False,41460.0
2020-01-07,atm35000126,Izmir,35405,526,630,34955,41460,1156,41460,7531.73,8134.95,7516.97,8050.0,13507.54693697,0.06970205143605845,0.1274857208485416,7402.325714285714,0.036201204585928716,Tuesday,False,False,
2020-01-01,atm35000127,Izmir,28630,537,629,33330,42440,1166,42440,7145.05,7237.35,7129.55,7225.58,1211.09527025,0.012017176999851609,0.008870365328362606,7270.584285714285,0.020341564637941383,Wednesday,False,True,38815.0
2020-01-02,atm35000127,Izmir,10245,434,622,27580,38815,1056,38815,7220.0,7224.75,6900.0,6953.17,2993.0241097,-0.03770077972979324,-0.05449860279169694,7213.330000000001,0.021516015367927903,Thursday,False,False,42425.0
2020-01-03,atm35000127,Izmir,0,528,671,34240,42425,1199,42425,6956.64,7402.31,6853.53,7339.97,8452.87552534,0.05562930289350043,0.017669250595838237,7231.535714285715,0.03126689788469128,Friday,False,False,38440.0
2020-01-04,atm35000127,Izmir,27040,673,589,42170,38440,1262,38440,7339.97,7396.1,7247.73,7291.27,3605.74269447,-0.006634904502334504,-0.003472886609773851,7227.905714285715,0.030986226739449674,Saturday,True,False,45740.0
2020-01-05,atm35000127,Izmir,13505,523,693,34235,45740,1216,45740,7294.0,7495.0,7269.71,7430.83,2614.94778349,0.019140698396849842,0.0011897062786310197,7229.167142857143,0.031405089097976686,Sunday,True,False,42440.0
2020-01-06,atm35000127,Izmir,35265,617,654,39610,42440,1271,42440,7431.63,7614.95,7310.0,7525.46,4138.11820107,0.012734781982631782,0.041792354749798255,7272.294285714286,0.029143587117638526,Monday,False,False,42675.0
2020-01-07,atm35000127,Izmir,27995,543,721,33605,42675,1264,42675,7531.73,8134.95,7516.97,8050.0,13507.54693697,0.06970205143605845,0.1274857208485416,7402.325714285714,0.036201204585928716,Tuesday,False,False,
2020-01-01,atm35000128,Izmir,38455,542,589,37580,38050,1131,38050,7145.05,7237.35,7129.55,7225.58,1211.09527025,0.012017176999851609,0.008870365328362606,7270.584285714285,0.020341564637941383,Wednesday,False,True,43580.0
2020-01-02,atm35000128,Izmir,22155,541,638,34850,43580,1179,43580,7220.0,7224.75,6900.0,6953.17,2993.0241097,-0.03770077972979324,-0.05449860279169694,7213.330000000001,0.021516015367927903,Thursday,False,False,43280.0
2020-01-03,atm35000128,Izmir,9285,570,625,36145,43280,1195,43280,6956.64,7402.31,6853.53,7339.97,8452.87552534,0.05562930289350043,0.017669250595838237,7231.535714285715,0.03126689788469128,Friday,False,False,41725.0
2020-01-04,atm35000128,Izmir,5080,677,624,42440,41725,1301,41725,7339.97,7396.1,7247.73,7291.27,3605.74269447,-0.006634904502334504,-0.003472886609773851,7227.905714285715,0.030986226739449674,Saturday,True,False,41445.0
2020-01-05,atm35000128,Izmir,43145,613,632,40695,41445,1245,41445,7294.0,7495.0,7269.71,7430.83,2614.94778349,0.019140698396849842,0.0011897062786310197,7229.167142857143,0.031405089097976686,Sunday,True,False,44110.0
2020-01-06,atm35000128,Izmir,42140,491,703,31670,44110,1194,44110,7431.63,7614.95,7310.0,7525.46,4138.11820107,0.012734781982631782,0.041792354749798255,7272.294285714286,0.029143587117638526,Monday,False,False,40795.0
2020-01-07,atm35000128,Izmir,37640,634,660,40585,40795,1294,40795,7531.73,8134.95,7516.97,8050.0,13507.54693697,0.06970205143605845,0.1274857208485416,7402.325714285714,0.036201204585928716,Tuesday,False,False,
2020-01-01,atm35000129,Izmir,38185,630,714,40745,44925,1344,44925,7145.05,7237.35,7129.55,7225.58,1211.09527025,0.012017176999851609,0.008870365328362606,7270.584285714285,0.020341564637941383,Wednesday,False,True,39210.0
2020-01-02,atm35000129,Izmir,45150,538,626,36005,39210,1164,39210,7220.0,7224.75,6900.0,6953.17,2993.0241097,-0.03770077972979324,-0.05449860279169694,7213.330000000001,0.021516015367927903,Thursday,False,False,39985.0
2020-01-03,atm35000129,Izmir,28820,471,622,31830,39985,1093,39985,6956.64,7402.31,6853.53,7339.97,8452.87552534,0.05562930289350043,0.017669250595838237,7231.535714285715,0.03126689788469128,Friday,False,False,36145.0
2020-01-04,atm35000129,Izmir,29670,583,627,37555,36145,1210,36145,7339.97,7396.1,7247.73,7291.27,3605.74269447,-0.006634904502334504,-0.003472886609773851,7227.905714285715,0.030986226739449674,Saturday,True,False,40200.0
2020-01-05,atm35000129,Izmir,18800,522,647,34985,40200,1169,40200,7294.0,7495.0,7269.71,7430.83,2614.94778349,0.019140698396849842,0.0011897062786310197,7229.167142857143,0.031405089097976686,Sunday,True,False,46590.0
2020-01-06,atm35000129,Izmir,12115,627,697,40450,46590,1324,46590,7431.63,7614.95,7310.0,7525.46,4138.11820107,0.012734781982631782,0.041792354749798255,7272.294285714286,0.029143587117638526,Monday,False,False,45235.0
2020-01-07,atm35000129,Izmir,23740,489,702,30030,45235,1191,45235,7531.73,8134.95,7516.97,8050.0,13507.54693697,0.06970205143605845,0.1274857208485416,7402.325714285714,0.036201204585928716,Tuesday,False,False,
2020-01-01,atm3500013,Izmir,34290,536,606,34370,38480,1142,38480,7145.05,7237.35,7129.55,7225.58,1211.09527025,0.012017176999851609,0.008870365328362606,7270.584285714285,0.020341564637941383,Wednesday,False,True,42190.0
2020-01-02,atm3500013,Izmir,27640,616,669,38530,42190,1285,42190,7220.0,7224.75,6900.0,6953.17,2993.0241097,-0.03770077972979324,-0.05449860279169694,7213.330000000001,0.021516015367927903,Thursday,False,False,39025.0
2020-01-03,atm3500013,Izmir,20235,548,598,32855,39025,1146,39025,6956.64,7402.31,6853.53,7339.97,8452.87552534,0.05562930289350043,0.017669250595838237,7231.535714285715,0.03126689788469128,Friday,False,False,41030.0
2020-01-04,atm3500013,Izmir,10035,579,609,42390,41030,1188,41030,7339.97,7396.1,7247.73,7291.27,3605.74269447,-0.006634904502334504,-0.003472886609773851,7227.905714285715,0.030986226739449674,Saturday,True,False,41215.0
2020-01-05,atm3500013,Izmir,34550,493,635,30395,41215,1128,41215,7294.0,7495.0,7269.71,7430.83,2614.94778349,0.019140698396849842,0.0011897062786310197,7229.167142857143,0.031405089097976686,Sunday,True,False,37610.0
2020-01-06,atm3500013,Izmir,19360,451,614,27750,37610,1065,37610,7431.63,7614.95,7310.0,7525.46,4138.11820107,0.012734781982631782,0.041792354749798255,7272.294285714286,0.029143587117638526,Monday,False,False,44275.0
2020-01-07,atm3500013,Izmir,6000,610,692,37095,44275,1302,44275,7531.73,8134.95,7516.97,8050.0,13507.54693697,0.06970205143605845,0.1274857208485416,7402.325714285714,0.036201204585928716,Tuesday,False,False,
2020-01-01,atm35000130,Izmir,45240,626,641,40985,40050,1267,40050,7145.05,7237.35,7129.55,7225.58,1211.09527025,0.012017176999851609,0.008870365328362606,7270.584285714285,0.020341564637941383,Wednesday,False,True,41345.0
2020-01-02,atm35000130,Izmir,30695,548,678,34640,41345,1226,41345,7220.0,7224.75,6900.0,6953.17,2993.0241097,-0.03770077972979324,-0.05449860279169694,7213.330000000001,0.021516015367927903,Thursday,False,False,39335.0
2020-01-03,atm35000130,Izmir,18000,536,588,34800,39335,1124,39335,6956.64,7402.31,6853.53,7339.97,8452.87552534,0.05562930289350043,0.017669250595838237,7231.535714285715,0.03126689788469128,Friday,False,False,42535.0
2020-01-04,atm35000130,Izmir,4490,581,635,36085,42535,1216,42535,7339.97,7396.1,7247.73,7291.27,3605.74269447,-0.006634904502334504,-0.003472886609773851,7227.905714285715,0.030986226739449674,Saturday,True,False,38470.0
2020-01-05,atm35000130,Izmir,30150,607,562,38880,38470,1169,38470,7294.0,7495.0,7269.71,7430.83,2614.94778349,0.019140698396849842,0.0011897062786310197,7229.167142857143,0.031405089097976686,Sunday,True,False,37115.0
2020-01-06,atm35000130,Izmir,27060,567,590,36340,37115,1157,37115,7431.63,7614.95,7310.0,7525.46,4138.11820107,0.012734781982631782,0.041792354749798255,7272.294285714286,0.029143587117638526,Monday,False,False,41560.0
2020-01-07,atm35000130,Izmir,14845,503,597,31515,41560,1100,41560,7531.73,8134.95,7516.97,8050.0,13507.54693697,0.06970205143605845,0.1274857208485416,7402.325714285714,0.036201204585928716,Tuesday,False,False,
2020-01-01,atm35000131,Izmir,13780,551,708,32865,44505,1259,44505,7145.05,7237.35,7129.55,7225.58,1211.09527025,0.012017176999851609,0.008870365328362606,7270.584285714285,0.020341564637941383,Wednesday,False,True,41605.0
2020-01-02,atm35000131,Izmir,42210,525,649,32785,41605,1174,41605,7220.0,7224.75,6900.0,6953.17,2993.0241097,-0.03770077972979324,-0.05449860279169694,7213.330000000001,0.021516015367927903,Thursday,False,False,38425.0
2020-01-03,atm35000131,Izmir,34980,565,643,35415,38425,1208,38425,6956.64,7402.31,6853.53,7339.97,8452.87552534,0.05562930289350043,0.017669250595838237,7231.535714285715,0.03126689788469128,Friday,False,False,37995.0
2020-01-04,atm35000131,Izmir,20225,459,648,31990,37995,1107,37995,7339.97,7396.1,7247.73,7291.27,3605.74269447,-0.006634904502334504,-0.003472886609773851,7227.905714285715,0.030986226739449674,Saturday,True,False,35495.0
2020-01-05,atm35000131,Izmir,25105,741,596,47080,35495,1337,35495,7294.0,7495.0,7269.71,7430.83,2614.94778349,0.019140698396849842,0.0011897062786310197,7229.167142857143,0.031405089097976686,Sunday,True,False,38170.0
2020-01-06,atm35000131,Izmir,20525,609,613,38270,38170,1222,38170,7431.63,7614.95,7310.0,7525.46,4138.11820107,0.012734781982631782,0.041792354749798255,7272.294285714286,0.029143587117638526,Monday,False,False,39350.0
2020-01-07,atm35000131,Izmir,6515,480,612,30150,39350,1092,39350,7531.73,8134.95,7516.97,8050.0,13507.54693697,0.06970205143605845,0.1274857208485416,7402.325714285714,0.036201204585928716,Tuesday,False,False,
2020-01-01,atm35000132,Izmir,30935,590,637,36330,39310,1227,39310,7145.05,7237.35,7129.55,7225.58,1211.09527025,0.012017176999851609,0.008870365328362606,7270.584285714285,0.020341564637941383,Wednesday,False,True,42610.0
2020-01-02,atm35000132,Izmir,21315,605,646,38485,42610,1251,42610,7220.0,7224.75,6900.0,6953.17,2993.0241097,-0.03770077972979324,-0.05449860279169694,7213.330000000001,0.021516015367927903,Thursday,False,False,38135.0
2020-01-03,atm35000132,Izmir,10735,515,622,31750,38135,1137,38135,6956.64,7402.31,6853.53,7339.97,8452.87552534,0.05562930289350043,0.017669250595838237,7231.535714285715,0.03126689788469128,Friday,False,False,40765.0
2020-01-04,atm35000132,Izmir,23895,460,633,28640,40765,1093,40765,7339.97,7396.1,7247.73,7291.27,3605.74269447,-0.006634904502334504,-0.003472886609773851,7227.905714285715,0.030986226739449674,Saturday,True,False,34625.0
2020-01-05,atm35000132,Izmir,28165,552,520,34095,34625,1072,34625,7294.0,7495.0,7269.71,7430.83,2614.94778349,0.019140698396849842,0.0011897062786310197,7229.167142857143,0.031405089097976686,Sunday,True,False,39025.0
2020-01-06,atm35000132,Izmir,31025,579,584,38515,39025,1163,39025,7431.63,7614.95,7310.0,7525.46,4138.11820107,0.012734781982631782,0.041792354749798255,7272.294285714286,0.029143587117638526,Monday,False,False,37900.0
2020-01-07,atm35000132,Izmir,27455,621,645,41405,37900,1266,37900,7531.73,8134.95,7516.97,8050.0,13507.54693697,0.06970205143605845,0.1274857208485416,7402.325714285714,0.036201204585928716,Tuesday,False,False,
2020-01-01,atm35000133,Izmir,30520,564,659,38145,40755,1223,40755,7145.05,7237.35,7129.55,7225.58,1211.09527025,0.012017176999851609,0.008870365328362606,7270.584285714285,0.020341564637941383,Wednesday,False,True,40225.0
2020-01-02,atm35000133,Izmir,11420,583,594,38295,40225,1177,40225,7220.0,7224.75,6900.0,6953.17,2993.0241097,-0.03770077972979324,-0.05449860279169694,7213.330000000001,0.021516015367927903,Thursday,False,False,39270.0
2020-01-03,atm35000133,Izmir,8710,508,596,32610,39270,1104,39270,6956.64,7402.31,6853.53,7339.97,8452.87552534,0.05562930289350043,0.017669250595838237,7231.535714285715,0.03126689788469128,Friday,False,False,40010.0
2020-01-04,atm35000133,Izmir,35565,538,629,34240,40010,1167,40010,7339.97,7396.1,7247.73,7291.27,3605.74269447,-0.006634904502334504,-0.003472886609773851,7227.905714285715,0.030986226739449674,Saturday,True,False,37325.0
2020-01-05,atm35000133,Izmir,22600,631,630,37950,37325,1261,37325,7294.0,7495.0,7269.71,7430.83,2614.94778349,0.019140698396849842,0.0011897062786310197,7229.167142857143,0.031405089097976686,Sunday,True,False,40530.0
2020-01-06,atm35000133,Izmir,35565,444,625,27190,40530,1069,40530,7431.63,7614.95,7310.0,7525.46,4138.11820107,0.012734781982631782,0.041792354749798255,7272.294285714286,0.029143587117638526,Monday,False,False,44070.0
2020-01-07,atm35000133,Izmir,19985,615,694,37025,44070,1309,44070,7531.73,8134.95,7516.97,8050.0,13507.54693697,0.06970205143605845,0.1274857208485416,7402.325714285714,0.036201204585928716,Tuesday,False,False,
2020-01-01,atm35000134,Izmir,33045,580,629,38405,42180,1209,42180,7145.05,7237.35,7129.55,7225.58,1211.09527025,0.012017176999851609,0.008870365328362606,7270.584285714285,0.020341564637941383,Wednesday,False,True,41710.0
2020-01-02,atm35000134,Izmir,30210,512,641,32920,41710,1153,41710,7220.0,7224.75,6900.0,6953.17,2993.0241097,-0.03770077972979324,-0.05449860279169694,7213.330000000001,0.021516015367927903,Thursday,False,False,34745.0
2020-01-03,atm35000134,Izmir,30945,619,557,40615,34745,1176,34745,6956.64,7402.31,6853.53,7339.97,8452.87552534,0.05562930289350043,0.017669250595838237,7231.535714285715,0.03126689788469128,Friday,False,False,37520.0
2020-01-04,atm35000134,Izmir,12525,558,582,34660,37520,1140,37520,7339.97,7396.1,7247.73,7291.27,3605.74269447,-0.006634904502334504,-0.003472886609773851,7227.905714285715,0.030986226739449674,Saturday,True,False,48650.0
2020-01-05,atm35000134,Izmir,29600,576,711,37335,48650,1287,48650,7294.0,7495.0,7269.71,7430.83,2614.94778349,0.019140698396849842,0.0011897062786310197,7229.167142857143,0.031405089097976686,Sunday,True,False,42070.0
2020-01-06,atm35000134,Izmir,10370,538,643,34660,42070,1181,42070,7431.63,7614.95,7310.0,7525.46,4138.11820107,0.012734781982631782,0.041792354749798255,7272.294285714286,0.029143587117638526,Monday,False,False,43345.0
2020-01-07,atm35000134,Izmir,40615,695,689,43415,43345,1384,43345,7531.73,8134.95,7516.97,8050.0,13507.54693697,0.06970205143605845,0.1274857208485416,7402.325714285714,0.036201204585928716,Tuesday,False,False,
2020-01-01,atm35000135,Izmir,19325,425,683,25565,43435,1108,43435,7145.05,7237.35,7129.55,7225.58,1211.09527025,0.012017176999851609,0.008870365328362606,7270.584285714285,0.020341564637941383,Wednesday,False,True,35680.0
2020-01-02,atm35000135,Izmir,23480,615,584,39610,35680,1199,35680,7220.0,7224.75,6900.0,6953.17,2993.0241097,-0.03770077972979324,-0.05449860279169694,7213.330000000001,0.021516015367927903,Thursday,False,False,42680.0
2020-01-03,atm35000135,Izmir,10870,639,665,40975,42680,1304,42680,6956.64,7402.31,6853.53,7339.97,8452.87552534,0.05562930289350043,0.017669250595838237,7231.535714285715,0.03126689788469128,Friday,False,False,39180.0
2020-01-04,atm35000135,Izmir,16825,662,605,44630,39180,1267,39180,7339.97,7396.1,7247.73,7291.27,3605.74269447,-0.006634904502334504,-0.003472886609773851,7227.905714285715,0.030986226739449674,Saturday,True,False,42880.0
2020-01-05,atm35000135,Izmir,38580,567,687,34190,42880,1254,42880,7294.0,7495.0,7269.71,7430.83,2614.94778349,0.019140698396849842,0.0011897062786310197,7229.167142857143,0.031405089097976686,Sunday,True,False,38600.0
2020-01-06,atm35000135,Izmir,32880,583,615,37375,38600,1198,38600,7431.63,7614.95,7310.0,7525.46,4138.11820107,0.012734781982631782,0.041792354749798255,7272.294285714286,0.029143587117638526,Monday,False,False,44285.0
2020-01-07,atm35000135,Izmir,14400,520,673,31670,44285,1193,44285,7531.73,8134.95,7516.97,8050.0,13507.54693697,0.06970205143605845,0.1274857208485416,7402.325714285714,0.036201204585928716,Tuesday,False,False,
2020-01-01,atm35000136,Izmir,32605,522,630,33845,38480,1152,38480,7145.05,7237.35,7129.55,7225.58,1211.09527025,0.012017176999851609,0.008870365328362606,7270.584285714285,0.020341564637941383,Wednesday,False,True,42885.0
2020-01-02,atm35000136,Izmir,18935,547,681,33980,42885,1228,42885,7220.0,7224.75,6900.0,6953.17,2993.0241097,-0.03770077972979324,-0.05449860279169694,7213.330000000001,0.021516015367927903,Thursday,False,False,39075.0
2020-01-03,atm35000136,Izmir,11140,663,645,39830,39075,1308,39075,6956.64,7402.31,6853.53,7339.97,8452.87552534,0.05562930289350043,0.017669250595838237,7231.535714285715,0.03126689788469128,Friday,False,False,42535.0
2020-01-04,atm35000136,Izmir,42295,482,647,30520,42535,1129,42535,7339.97,7396.1,7247.73,7291.27,3605.74269447,-0.006634904502334504,-0.003472886609773851,7227.905714285715,0.030986226739449674,Saturday,True,False,45610.0
2020-01-05,atm35000136,Izmir,23645,501,714,34805,45610,1215,45610,7294.0,7495.0,7269.71,7430.83,2614.94778349,0.019140698396849842,0.0011897062786310197,7229.167142857143,0.031405089097976686,Sunday,True,False,36160.0
2020-01-06,atm35000136,Izmir,23055,548,592,37800,36160,1140,36160,7431.63,7614.95,7310.0,7525.46,4138.11820107,0.012734781982631782,0.041792354749798255,7272.294285714286,0.029143587117638526,Monday,False,False,43690.0
2020-01-07,atm35000136,Izmir,28560,704,659,47945,43690,1363,43690,7531.73,8134.95,7516.97,8050.0,13507.54693697,0.06970205143605845,0.1274857208485416,7402.325714285714,0.036201204585928716,Tuesday,False,False,
2020-01-01,atm35000137,Izmir,34115,531,607,34680,35560,1138,35560,7145.05,7237.35,7129.55,7225.58,1211.09527025,0.012017176999851609,0.008870365328362606,7270.584285714285,0.020341564637941383,Wednesday,False,True,43375.0
2020-01-02,atm35000137,Izmir,13775,560,683,36380,43375,1243,43375,7220.0,7224.75,6900.0,6953.17,2993.0241097,-0.03770077972979324,-0.05449860279169694,7213.330000000001,0.021516015367927903,Thursday,False,False,42285.0
2020-01-03,atm35000137,Izmir,38445,459,657,30650,42285,1116,42285,6956.64,7402.31,6853.53,7339.97,8452.87552534,0.05562930289350043,0.017669250595838237,7231.535714285715,0.03126689788469128,Friday,False,False,42685.0
2020-01-04,atm35000137,Izmir,28575,553,674,34990,42685,1227,42685,7339.97,7396.1,7247.73,7291.27,3605.74269447,-0.006634904502334504,-0.003472886609773851,7227.905714285715,0.030986226739449674,Saturday,True,False,41090.0
2020-01-05,atm35000137,Izmir,17330,607,625,37360,41090,1232,41090,7294.0,7495.0,7269.71,7430.83,2614.94778349,0.019140698396849842,0.0011897062786310197,7229.167142857143,0.031405089097976686,Sunday,True,False,37955.0
2020-01-06,atm35000137,Izmir,12130,519,627,36420,37955,1146,37955,7431.63,7614.95,7310.0,7525.46,4138.11820107,0.012734781982631782,0.041792354749798255,7272.294285714286,0.029143587117638526,Monday,False,False,35455.0
2020-01-07,atm35000137,Izmir,14715,592,571,37010,35455,1163,35455,7531.73,8134.95,7516.97,8050.0,13507.54693697,0.06970205143605845,0.1274857208485416,7402.325714285714,0.036201204585928716,Tuesday,False,False,
2020-01-01,atm35000138,Izmir,29985,567,687,34840,40280,1254,40280,7145.05,7237.35,7129.55,7225.58,1211.09527025,0.012017176999851609,0.008870365328362606,7270.584285714285,0.020341564637941383,Wednesday,False,True,39440.0
2020-01-02,atm35000138,Izmir,31565,646,614,39765,39440,1260,39440,7220.0,7224.75,6900.0,6953.17,2993.0241097,-0.03770077972979324,-0.05449860279169694,7213.330000000001,0.021516015367927903,Thursday,False,False,41220.0
2020-01-03,atm35000138,Izmir,26270,617,672,37610,41220,1289,41220,6956.64,7402.31,6853.53,7339.97,8452.87552534,0.05562930289350043,0.017669250595838237,7231.535714285715,0.03126689788469128,Friday,False,False,34710.0
2020-01-04,atm35000138,Izmir,20955,582,580,36470,34710,1162,34710,7339.97,7396.1,7247.73,7291.27,3605.74269447,-0.006634904502334504,-0.003472886609773851,7227.905714285715,0.030986226739449674,Saturday,True,False,42705.0
2020-01-05,atm35000138,Izmir,7025,590,670,36870,42705,1260,42705,7294.0,7495.0,7269.71,7430.83,2614.94778349,0.019140698396849842,0.0011897062786310197,7229.167142857143,0.031405089097976686,Sunday,True,False,41205.0
2020-01-06,atm35000138,Izmir,28960,529,654,31410,41205,1183,41205,7431.63,7614.95,7310.0,7525.46,4138.11820107,0.012734781982631782,0.041792354749798255,7272.294285714286,0.029143587117638526,Monday,False,False,38400.0
2020-01-07,atm35000138,Izmir,15040,443,575,29510,38400,1018,38400,7531.73,8134.95,7516.97,8050.0,13507.54693697,0.06970205143605845,0.1274857208485416,7402.325714285714,0.036201204585928716,Tuesday,False,False,
2020-01-01,atm35000139,Izmir,37410,549,641,34695,40740,1190,40740,7145.05,7237.35,7129.55,7225.58,1211.09527025,0.012017176999851609,0.008870365328362606,7270.584285714285,0.020341564637941383,Wednesday,False,True,43820.0
2020-01-02,atm35000139,Izmir,29145,588,682,36585,43820,1270,43820,7220.0,7224.75,6900.0,6953.17,2993.0241097,-0.03770077972979324,-0.05449860279169694,7213.330000000001,0.021516015367927903,Thursday,False,False,43560.0
2020-01-03,atm35000139,Izmir,33655,642,684,39870,43560,1326,43560,6956.64,7402.31,6853.53,7339.97,8452.87552534,0.05562930289350043,0.017669250595838237,7231.535714285715,0.03126689788469128,Friday,False,False,39250.0
2020-01-04,atm35000139,Izmir,30435,651,652,42425,39250,1303,39250,7339.97,7396.1,7247.73,7291.27,3605.74269447,-0.006634904502334504,-0.003472886609773851,7227.905714285715,0.030986226739449674,Saturday,True,False,44740.0
2020-01-05,atm35000139,Izmir,18910,516,679,33850,44740,1195,44740,7294.0,7495.0,7269.71,7430.83,2614.94778349,0.019140698396849842,0.0011897062786310197,7229.167142857143,0.031405089097976686,Sunday,True,False,38325.0
2020-01-06,atm35000139,Izmir,11535,663,597,38425,38325,1260,38325,7431.63,7614.95,7310.0,7525.46,4138.11820107,0.012734781982631782,0.041792354749798255,7272.294285714286,0.029143587117638526,Monday,False,False,42630.0
2020-01-07,atm35000139,Izmir,38830,629,689,39900,42630,1318,42630,7531.73,8134.95,7516.97,8050.0,13507.54693697,0.06970205143605845,0.1274857208485416,7402.325714285714,0.036201204585928716,Tuesday,False,False,
2020-01-01,atm3500014,Izmir,31630,508,590,34025,39080,1098,39080,7145.05,7237.35,7129.55,7225.58,1211.09527025,0.012017176999851609,0.008870365328362606,7270.584285714285,0.020341564637941383,Wednesday,False,True,41445.0
2020-01-02,atm3500014,Izmir,13250,529,637,31810,41445,1166,41445,7220.0,7224.75,6900.0,6953.17,2993.0241097,-0.03770077972979324,-0.05449860279169694,7213.330000000001,0.021516015367927903,Thursday,False,False,38035.0
2020-01-03,atm3500014,Izmir,9025,535,607,33170,38035,1142,38035,6956.64,7402.31,6853.53,7339.97,8452.87552534,0.05562930289350043,0.017669250595838237,7231.535714285715,0.03126689788469128,Friday,False,False,46225.0
2020-01-04,atm3500014,Izmir,38640,554,716,34575,46225,1270,46225,7339.97,7396.1,7247.73,7291.27,3605.74269447,-0.006634904502334504,-0.003472886609773851,7227.905714285715,0.030986226739449674,Saturday,True,False,41780.0
2020-01-05,atm3500014,Izmir,24400,523,647,33560,41780,1170,41780,7294.0,7495.0,7269.71,7430.83,2614.94778349,0.019140698396849842,0.0011897062786310197,7229.167142857143,0.031405089097976686,Sunday,True,False,46245.0
2020-01-06,atm3500014,Izmir,14345,524,664,34775,46245,1188,46245,7431.63,7614.95,7310.0,7525.46,4138.11820107,0.012734781982631782,0.041792354749798255,7272.294285714286,0.029143587117638526,Monday,False,False,42320.0
2020-01-07,atm3500014,Izmir,8135,600,627,35005,42320,1227,42320,7531.73,8134.95,7516.97,8050.0,13507.54693697,0.06970205143605845,0.1274857208485416,7402.325714285714,0.036201204585928716,Tuesday,False,False,
2020-01-01,atm35000140,Izmir,25100,569,637,35630,36775,1206,36775,7145.05,7237.35,7129.55,7225.58,1211.09527025,0.012017176999851609,0.008870365328362606,7270.584285714285,0.020341564637941383,Wednesday,False,True,43300.0
2020-01-02,atm35000140,Izmir,9770,538,680,32155,43300,1218,43300,7220.0,7224.75,6900.0,6953.17,2993.0241097,-0.03770077972979324,-0.05449860279169694,7213.330000000001,0.021516015367927903,Thursday,False,False,44075.0
2020-01-03,atm35000140,Izmir,42250,667,640,44975,44075,1307,44075,6956.64,7402.31,6853.53,7339.97,8452.87552534,0.05562930289350043,0.017669250595838237,7231.535714285715,0.03126689788469128,Friday,False,False,45780.0
2020-01-04,atm35000140,Izmir,12910,440,687,25995,45780,1127,45780,7339.97,7396.1,7247.73,7291.27,3605.74269447,-0.006634904502334504,-0.003472886609773851,7227.905714285715,0.030986226739449674,Saturday,True,False,45365.0
2020-01-05,atm35000140,Izmir,7910,554,697,35210,45365,1251,45365,7294.0,7495.0,7269.71,7430.83,2614.94778349,0.019140698396849842,0.0011897062786310197,7229.167142857143,0.031405089097976686,Sunday,True,False,38740.0
2020-01-06,atm35000140,Izmir,49085,616,587,39075,38740,1203,38740,7431.63,7614.95,7310.0,7525.46,4138.11820107,0.012734781982631782,0.041792354749798255,7272.294285714286,0.029143587117638526,Monday,False,False,40700.0
2020-01-07,atm35000140,Izmir,48365,648,647,42585,40700,1295,40700,7531.73,8134.95,7516.97,8050.0,13507.54693697,0.06970205143605845,0.1274857208485416,7402.325714285714,0.036201204585928716,Tuesday,False,False,
2020-01-01,atm35000141,Izmir,32185,599,658,38525,43970,1257,43970,7145.05,7237.35,7129.55,7225.58,1211.09527025,0.012017176999851609,0.008870365328362606,7270.584285714285,0.020341564637941383,Wednesday,False,True,41515.0
2020-01-02,atm35000141,Izmir,3720,481,655,30745,41515,1136,41515,7220.0,7224.75,6900.0,6953.17,2993.0241097,-0.03770077972979324,-0.05449860279169694,7213.330000000001,0.021516015367927903,Thursday,False,False,35510.0
2020-01-03,atm35000141,Izmir,33025,545,577,30970,35510,1122,35510,6956.64,7402.31,6853.53,7339.97,8452.87552534,0.05562930289350043,0.017669250595838237,7231.535714285715,0.03126689788469128,Friday,False,False,39635.0
2020-01-04,atm35000141,Izmir,24395,539,630,35365,39635,1169,39635,7339.97,7396.1,7247.73,7291.27,3605.74269447,-0.006634904502334504,-0.003472886609773851,7227.905714285715,0.030986226739449674,Saturday,True,False,42495.0
2020-01-05,atm35000141,Izmir,12320,567,651,39485,42495,1218,42495,7294.0,7495.0,7269.71,7430.83,2614.94778349,0.019140698396849842,0.0011897062786310197,7229.167142857143,0.031405089097976686,Sunday,True,False,40615.0
2020-01-06,atm35000141,Izmir,9060,579,625,37645,40615,1204,40615,7431.63,7614.95,7310.0,7525.46,4138.11820107,0.012734781982631782,0.041792354749798255,7272.294285714286,0.029143587117638526,Monday,False,False,34920.0
2020-01-07,atm35000141,Izmir,3085,564,564,36060,34920,1128,34920,7531.73,8134.95,7516.97,8050.0,13507.54693697,0.06970205143605845,0.1274857208485416,7402.325714285714,0.036201204585928716,Tuesday,False,False,
2020-01-01,atm35000142,Izmir,25755,550,654,36415,41240,1204,41240,7145.05,7237.35,7129.55,7225.58,1211.09527025,0.012017176999851609,0.008870365328362606,7270.584285714285,0.020341564637941383,Wednesday,False,True,39575.0
2020-01-02,atm35000142,Izmir,16140,462,652,29385,39575,1114,39575,7220.0,7224.75,6900.0,6953.17,2993.0241097,-0.03770077972979324,-0.05449860279169694,7213.330000000001,0.021516015367927903,Thursday,False,False,43475.0
2020-01-03,atm35000142,Izmir,7715,513,673,35005,43475,1186,43475,6956.64,7402.31,6853.53,7339.97,8452.87552534,0.05562930289350043,0.017669250595838237,7231.535714285715,0.03126689788469128,Friday,False,False,40755.0
2020-01-04,atm35000142,Izmir,36965,567,645,36670,40755,1212,40755,7339.97,7396.1,7247.73,7291.27,3605.74269447,-0.006634904502334504,-0.003472886609773851,7227.905714285715,0.030986226739449674,Saturday,True,False,39030.0
2020-01-05,atm35000142,Izmir,23440,507,617,34205,39030,1124,39030,7294.0,7495.0,7269.71,7430.83,2614.94778349,0.019140698396849842,0.0011897062786310197,7229.167142857143,0.031405089097976686,Sunday,True,False,37050.0
2020-01-06,atm35000142,Izmir,40260,468,588,26635,37050,1056,37050,7431.63,7614.95,7310.0,7525.46,4138.11820107,0.012734781982631782,0.041792354749798255,7272.294285714286,0.029143587117638526,Monday,False,False,45220.0
2020-01-07,atm35000142,Izmir,21760,606,662,39500,45220,1268,45220,7531.73,8134.95,7516.97,8050.0,13507.54693697,0.06970205143605845,0.1274857208485416,7402.325714285714,0.036201204585928716,Tuesday,False,False,
2020-01-01,atm35000143,Izmir,19020,606,643,35825,42725,1249,42725,7145.05,7237.35,7129.55,7225.58,1211.09527025,0.012017176999851609,0.008870365328362606,7270.584285714285,0.020341564637941383,Wednesday,False,True,42670.0
2020-01-02,atm35000143,Izmir,2805,397,668,24415,42670,1065,42670,7220.0,7224.75,6900.0,6953.17,2993.0241097,-0.03770077972979324,-0.05449860279169694,7213.330000000001,0.021516015367927903,Thursday,False,False,40105.0
2020-01-03,atm35000143,Izmir,34950,556,597,34890,40105,1153,40105,6956.64,7402.31,6853.53,7339.97,8452.87552534,0.05562930289350043,0.017669250595838237,7231.535714285715,0.03126689788469128,Friday,False,False,43035.0
2020-01-04,atm35000143,Izmir,21010,539,654,33480,43035,1193,43035,7339.97,7396.1,7247.73,7291.27,3605.74269447,-0.006634904502334504,-0.003472886609773851,7227.905714285715,0.030986226739449674,Saturday,True,False,40715.0
2020-01-05,atm35000143,Izmir,16075,641,643,41845,40715,1284,40715,7294.0,7495.0,7269.71,7430.83,2614.94778349,0.019140698396849842,0.0011897062786310197,7229.167142857143,0.031405089097976686,Sunday,True,False,37225.0
2020-01-06,atm35000143,Izmir,3410,486,539,34000,37225,1025,37225,7431.63,7614.95,7310.0,7525.46,4138.11820107,0.012734781982631782,0.041792354749798255,7272.294285714286,0.029143587117638526,Monday,False,False,39440.0
2020-01-07,atm35000143,Izmir,39400,596,660,40580,39440,1256,39440,7531.73,8134.95,7516.97,8050.0,13507.54693697,0.06970205143605845,0.1274857208485416,7402.325714285714,0.036201204585928716,Tuesday,False,False,
2020-01-01,atm35000144,Izmir,21875,537,601,34800,41890,1138,41890,7145.05,7237.35,7129.55,7225.58,1211.09527025,0.012017176999851609,0.008870365328362606,7270.584285714285,0.020341564637941383,Wednesday,False,True,43160.0
2020-01-02,atm35000144,Izmir,2685,562,648,35160,43160,1210,43160,7220.0,7224.75,6900.0,6953.17,2993.0241097,-0.03770077972979324,-0.05449860279169694,7213.330000000001,0.021516015367927903,Thursday,False,False,41895.0
2020-01-03,atm35000144,Izmir,37640,570,644,35900,41895,1214,41895,6956.64,7402.31,6853.53,7339.97,8452.87552534,0.05562930289350043,0.017669250595838237,7231.535714285715,0.03126689788469128,Friday,False,False,42000.0
2020-01-04,atm35000144,Izmir,27555,522,649,37935,42000,1171,42000,7339.97,7396.1,7247.73,7291.27,3605.74269447,-0.006634904502334504,-0.003472886609773851,7227.905714285715,0.030986226739449674,Saturday,True,False,40560.0
2020-01-05,atm35000144,Izmir,21320,523,692,33470,40560,1215,40560,7294.0,7495.0,7269.71,7430.83,2614.94778349,0.019140698396849842,0.0011897062786310197,7229.167142857143,0.031405089097976686,Sunday,True,False,38445.0
2020-01-06,atm35000144,Izmir,7770,499,579,32885,38445,1078,38445,7431.63,7614.95,7310.0,7525.46,4138.11820107,0.012734781982631782,0.041792354749798255,7272.294285714286,0.029143587117638526,Monday,False,False,47235.0
2020-01-07,atm35000144,Izmir,19530,399,698,26965,47235,1097,47235,7531.73,8134.95,7516.97,8050.0,13507.54693697,0.06970205143605845,0.1274857208485416,7402.325714285714,0.036201204585928716,Tuesday,False,False,
2020-01-01,atm35000145,Izmir,26340,546,644,33420,40580,1190,40580,7145.05,7237.35,7129.55,7225.58,1211.09527025,0.012017176999851609,0.008870365328362606,7270.584285714285,0.020341564637941383,Wednesday,False,True,42685.0
2020-01-02,atm35000145,Izmir,5335,531,676,32945,42685,1207,42685,7220.0,7224.75,6900.0,6953.17,2993.0241097,-0.03770077972979324,-0.05449860279169694,7213.330000000001,0.021516015367927903,Thursday,False,False,39935.0
2020-01-03,atm35000145,Izmir,32220,542,657,32960,39935,1199,39935,6956.64,7402.31,6853.53,7339.97,8452.87552534,0.05562930289350043,0.017669250595838237,7231.535714285715,0.03126689788469128,Friday,False,False,39120.0
2020-01-04,atm35000145,Izmir,33225,684,651,40155,39120,1335,39120,7339.97,7396.1,7247.73,7291.27,3605.74269447,-0.006634904502334504,-0.003472886609773851,7227.905714285715,0.030986226739449674,Saturday,True,False,44985.0
2020-01-05,atm35000145,Izmir,26235,557,675,36180,44985,1232,44985,7294.0,7495.0,7269.71,7430.83,2614.94778349,0.019140698396849842,0.0011897062786310197,7229.167142857143,0.031405089097976686,Sunday,True,False,45375.0
2020-01-06,atm35000145,Izmir,6085,601,720,38280,45375,1321,45375,7431.63,7614.95,7310.0,7525.46,4138.11820107,0.012734781982631782,0.041792354749798255,7272.294285714286,0.029143587117638526,Monday,False,False,38935.0
2020-01-07,atm35000145,Izmir,36465,523,605,32390,38935,1128,38935,7531.73,8134.95,7516.97,8050.0,13507.54693697,0.06970205143605845,0.1274857208485416,7402.325714285714,0.036201204585928716,Tuesday,False,False,
2020-01-01,atm35000146,Izmir,25915,512,689,29855,41680,1201,41680,7145.05,7237.35,7129.55,7225.58,1211.09527025,0.012017176999851609,0.008870365328362606,7270.584285714285,0.020341564637941383,Wednesday,False,True,42025.0
2020-01-02,atm35000146,Izmir,23775,545,623,36590,42025,1168,42025,7220.0,7224.75,6900.0,6953.17,2993.0241097,-0.03770077972979324,-0.05449860279169694,7213.330000000001,0.021516015367927903,Thursday,False,False,36665.0
2020-01-03,atm35000146,Izmir,23650,635,622,37315,36665,1257,36665,6956.64,7402.31,6853.53,7339.97,8452.87552534,0.05562930289350043,0.017669250595838237,7231.535714285715,0.03126689788469128,Friday,False,False,34030.0
2020-01-04,atm35000146,Izmir,20745,615,532,39685,34030,1147,34030,7339.97,7396.1,7247.73,7291.27,3605.74269447,-0.006634904502334504,-0.003472886609773851,7227.905714285715,0.030986226739449674,Saturday,True,False,34170.0
2020-01-05,atm35000146,Izmir,12640,530,581,30775,34170,1111,34170,7294.0,7495.0,7269.71,7430.83,2614.94778349,0.019140698396849842,0.0011897062786310197,7229.167142857143,0.031405089097976686,Sunday,True,False,45405.0
2020-01-06,atm35000146,Izmir,43930,567,729,37260,45405,1296,45405,7431.63,7614.95,7310.0,7525.46,4138.11820107,0.012734781982631782,0.041792354749798255,7272.294285714286,0.029143587117638526,Monday,False,False,41980.0
2020-01-07,atm35000146,Izmir,40750,631,682,38365,41980,1313,41980,7531.73,8134.95,7516.97,8050.0,13507.54693697,0.06970205143605845,0.1274857208485416,7402.325714285714,0.036201204585928716,Tuesday,False,False,
2020-01-01,atm35000147,Izmir,35190,571,607,37980,38585,1178,38585,7145.05,7237.35,7129.55,7225.58,1211.09527025,0.012017176999851609,0.008870365328362606,7270.584285714285,0.020341564637941383,Wednesday,False,True,36895.0
2020-01-02,atm35000147,Izmir,33440,498,586,30135,36895,1084,36895,7220.0,7224.75,6900.0,6953.17,2993.0241097,-0.03770077972979324,-0.05449860279169694,7213.330000000001,0.021516015367927903,Thursday,False,False,45770.0
2020-01-03,atm35000147,Izmir,14270,512,723,34615,45770,1235,45770,6956.64,7402.31,6853.53,7339.97,8452.87552534,0.05562930289350043,0.017669250595838237,7231.535714285715,0.03126689788469128,Friday,False,False,37690.0
2020-01-04,atm35000147,Izmir,22255,688,600,44575,37690,1288,37690,7339.97,7396.1,7247.73,7291.27,3605.74269447,-0.006634904502334504,-0.003472886609773851,7227.905714285715,0.030986226739449674,Saturday,True,False,41535.0
2020-01-05,atm35000147,Izmir,5235,477,629,31095,41535,1106,41535,7294.0,7495.0,7269.71,7430.83,2614.94778349,0.019140698396849842,0.0011897062786310197,7229.167142857143,0.031405089097976686,Sunday,True,False,39060.0
2020-01-06,atm35000147,Izmir,34390,432,568,28790,39060,1000,39060,7431.63,7614.95,7310.0,7525.46,4138.11820107,0.012734781982631782,0.041792354749798255,7272.294285714286,0.029143587117638526,Monday,False,False,36915.0
2020-01-07,atm35000147,Izmir,25160,533,565,35645,36915,1098,36915,7531.73,8134.95,7516.97,8050.0,13507.54693697,0.06970205143605845,0.1274857208485416,7402.325714285714,0.036201204585928716,Tuesday,False,False,
2020-01-01,atm35000148,Izmir,27885,515,638,33865,44275,1153,44275,7145.05,7237.35,7129.55,7225.58,1211.09527025,0.012017176999851609,0.008870365328362606,7270.584285714285,0.020341564637941383,Wednesday,False,True,41235.0
2020-01-02,atm35000148,Izmir,21840,544,657,36060,41235,1201,41235,7220.0,7224.75,6900.0,6953.17,2993.0241097,-0.03770077972979324,-0.05449860279169694,7213.330000000001,0.021516015367927903,Thursday,False,False,41175.0
2020-01-03,atm35000148,Izmir,18030,565,597,38730,41175,1162,41175,6956.64,7402.31,6853.53,7339.97,8452.87552534,0.05562930289350043,0.017669250595838237,7231.535714285715,0.03126689788469128,Friday,False,False,37875.0
2020-01-04,atm35000148,Izmir,32155,456,591,28500,37875,1047,37875,7339.97,7396.1,7247.73,7291.27,3605.74269447,-0.006634904502334504,-0.003472886609773851,7227.905714285715,0.030986226739449674,Saturday,True,False,46520.0
2020-01-05,atm35000148,Izmir,4210,538,698,36550,46520,1236,46520,7294.0,7495.0,7269.71,7430.83,2614.94778349,0.019140698396849842,0.0011897062786310197,7229.167142857143,0.031405089097976686,Sunday,True,False,44980.0
2020-01-06,atm35000148,Izmir,39070,562,691,36195,44980,1253,44980,7431.63,7614.95,7310.0,7525.46,4138.11820107,0.012734781982631782,0.041792354749798255,7272.294285714286,0.029143587117638526,Monday,False,False,42655.0
2020-01-07,atm35000148,Izmir,23475,522,661,32285,42655,1183,42655,7531.73,8134.95,7516.97,8050.0,13507.54693697,0.06970205143605845,0.1274857208485416,7402.325714285714,0.036201204585928716,Tuesday,False,False,
2020-01-01,atm35000149,Izmir,39110,534,742,35210,44310,1276,44310,7145.05,7237.35,7129.55,7225.58,1211.09527025,0.012017176999851609,0.008870365328362606,7270.584285714285,0.020341564637941383,Wednesday,False,True,36480.0
2020-01-02,atm35000149,Izmir,24345,517,597,31285,36480,1114,36480,7220.0,7224.75,6900.0,6953.17,2993.0241097,-0.03770077972979324,-0.05449860279169694,7213.330000000001,0.021516015367927903,Thursday,False,False,39490.0
2020-01-03,atm35000149,Izmir,12435,553,613,34485,39490,1166,39490,6956.64,7402.31,6853.53,7339.97,8452.87552534,0.05562930289350043,0.017669250595838237,7231.535714285715,0.03126689788469128,Friday,False,False,38750.0
2020-01-04,atm35000149,Izmir,10620,628,599,42270,38750,1227,38750,7339.97,7396.1,7247.73,7291.27,3605.74269447,-0.006634904502334504,-0.003472886609773851,7227.905714285715,0.030986226739449674,Saturday,True,False,48160.0
2020-01-05,atm35000149,Izmir,30030,569,725,38335,48160,1294,48160,7294.0,7495.0,7269.71,7430.83,2614.94778349,0.019140698396849842,0.0011897062786310197,7229.167142857143,0.031405089097976686,Sunday,True,False,38255.0
2020-01-06,atm35000149,Izmir,27010,560,604,35210,38255,1164,38255,7431.63,7614.95,7310.0,7525.46,4138.11820107,0.012734781982631782,0.041792354749798255,7272.294285714286,0.029143587117638526,Monday,False,False,38600.0
2020-01-07,atm35000149,Izmir,14320,547,599,34240,38600,1146,38600,7531.73,8134.95,7516.97,8050.0,13507.54693697,0.06970205143605845,0.1274857208485416,7402.325714285714,0.036201204585928716,Tuesday,False,False,
2020-01-01,atm3500015,Izmir,24250,578,641,40655,40760,1219,40760,7145.05,7237.35,7129.55,7225.58,1211.09527025,0.012017176999851609,0.008870365328362606,7270.584285714285,0.020341564637941383,Wednesday,False,True,37165.0
2020-01-02,atm3500015,Izmir,14420,519,583,32310,37165,1102,37165,7220.0,7224.75,6900.0,6953.17,2993.0241097,-0.03770077972979324,-0.05449860279169694,7213.330000000001,0.021516015367927903,Thursday,False,False,44915.0
2020-01-03,atm3500015,Izmir,5870,531,669,33770,44915,1200,44915,6956.64,7402.31,6853.53,7339.97,8452.87552534,0.05562930289350043,0.017669250595838237,7231.535714285715,0.03126689788469128,Friday,False,False,46745.0
2020-01-04,atm3500015,Izmir,34070,573,706,39270,46745,1279,46745,7339.97,7396.1,7247.73,7291.27,3605.74269447,-0.006634904502334504,-0.003472886609773851,7227.905714285715,0.030986226739449674,Saturday,True,False,39450.0
2020-01-05,atm3500015,Izmir,25890,481,628,29635,39450,1109,39450,7294.0,7495.0,7269.71,7430.83,2614.94778349,0.019140698396849842,0.0011897062786310197,7229.167142857143,0.031405089097976686,Sunday,True,False,40140.0
2020-01-06,atm3500015,Izmir,28895,573,612,38465,40140,1185,40140,7431.63,7614.95,7310.0,7525.46,4138.11820107,0.012734781982631782,0.041792354749798255,7272.294285714286,0.029143587117638526,Monday,False,False,42365.0
2020-01-07,atm3500015,Izmir,21215,560,624,36510,42365,1184,42365,7531.73,8134.95,7516.97,8050.0,13507.54693697,0.06970205143605845,0.1274857208485416,7402.325714285714,0.036201204585928716,Tuesday,False,False,
2020-01-01,atm35000150,Izmir,30860,507,549,33130,34860,1056,34860,7145.05,7237.35,7129.55,7225.58,1211.09527025,0.012017176999851609,0.008870365328362606,7270.584285714285,0.020341564637941383,Wednesday,False,True,36950.0
2020-01-02,atm35000150,Izmir,23180,587,569,36685,36950,1156,36950,7220.0,7224.75,6900.0,6953.17,2993.0241097,-0.03770077972979324,-0.05449860279169694,7213.330000000001,0.021516015367927903,Thursday,False,False,43095.0
2020-01-03,atm35000150,Izmir,11635,508,693,31125,43095,1201,43095,6956.64,7402.31,6853.53,7339.97,8452.87552534,0.05562930289350043,0.017669250595838237,7231.535714285715,0.03126689788469128,Friday,False,False,37910.0
2020-01-04,atm35000150,Izmir,35610,359,614,23405,37910,973,37910,7339.97,7396.1,7247.73,7291.27,3605.74269447,-0.006634904502334504,-0.003472886609773851,7227.905714285715,0.030986226739449674,Saturday,True,False,39170.0
2020-01-05,atm35000150,Izmir,36240,661,633,42415,39170,1294,39170,7294.0,7495.0,7269.71,7430.83,2614.94778349,0.019140698396849842,0.0011897062786310197,7229.167142857143,0.031405089097976686,Sunday,True,False,38565.0
2020-01-06,atm35000150,Izmir,31400,621,602,40660,38565,1223,38565,7431.63,7614.95,7310.0,7525.46,4138.11820107,0.012734781982631782,0.041792354749798255,7272.294285714286,0.029143587117638526,Monday,False,False,43955.0
2020-01-07,atm35000150,Izmir,25950,572,651,40080,43955,1223,43955,7531.73,8134.95,7516.97,8050.0,13507.54693697,0.06970205143605845,0.1274857208485416,7402.325714285714,0.036201204585928716,Tuesday,False,False,
2020-01-01,atm35000151,Izmir,46290,677,576,44815,36315,1253,36315,7145.05,7237.35,7129.55,7225.58,1211.09527025,0.012017176999851609,0.008870365328362606,7270.584285714285,0.020341564637941383,Wednesday,False,True,46755.0
2020-01-02,atm35000151,Izmir,34425,584,733,38260,46755,1317,46755,7220.0,7224.75,6900.0,6953.17,2993.0241097,-0.03770077972979324,-0.05449860279169694,7213.330000000001,0.021516015367927903,Thursday,False,False,41955.0
2020-01-03,atm35000151,Izmir,34860,623,671,40380,41955,1294,41955,6956.64,7402.31,6853.53,7339.97,8452.87552534,0.05562930289350043,0.017669250595838237,7231.535714285715,0.03126689788469128,Friday,False,False,40545.0
2020-01-04,atm35000151,Izmir,25055,569,581,36940,40545,1150,40545,7339.97,7396.1,7247.73,7291.27,3605.74269447,-0.006634904502334504,-0.003472886609773851,7227.905714285715,0.030986226739449674,Saturday,True,False,42290.0
2020-01-05,atm35000151,Izmir,16595,560,629,38850,42290,1189,42290,7294.0,7495.0,7269.71,7430.83,2614.94778349,0.019140698396849842,0.0011897062786310197,7229.167142857143,0.031405089097976686,Sunday,True,False,44540.0
2020-01-06,atm35000151,Izmir,38280,576,703,37130,44540,1279,44540,7431.63,7614.95,7310.0,7525.46,4138.11820107,0.012734781982631782,0.041792354749798255,7272.294285714286,0.029143587117638526,Monday,False,False,45210.0
2020-01-07,atm35000151,Izmir,17185,544,694,34405,45210,1238,45210,7531.73,8134.95,7516.97,8050.0,13507.54693697,0.06970205143605845,0.1274857208485416,7402.325714285714,0.036201204585928716,Tuesday,False,False,
2020-01-01,atm35000152,Izmir,43415,535,596,34720,36640,1131,36640,7145.05,7237.35,7129.55,7225.58,1211.09527025,0.012017176999851609,0.008870365328362606,7270.584285714285,0.020341564637941383,Wednesday,False,True,36065.0
2020-01-02,atm35000152,Izmir,36375,541,572,35475,36065,1113,36065,7220.0,7224.75,6900.0,6953.17,2993.0241097,-0.03770077972979324,-0.05449860279169694,7213.330000000001,0.021516015367927903,Thursday,False,False,33675.0
2020-01-03,atm35000152,Izmir,42030,550,549,36510,33675,1099,33675,6956.64,7402.31,6853.53,7339.97,8452.87552534,0.05562930289350043,0.017669250595838237,7231.535714285715,0.03126689788469128,Friday,False,False,41125.0
2020-01-04,atm35000152,Izmir,23495,509,665,31445,41125,1174,41125,7339.97,7396.1,7247.73,7291.27,3605.74269447,-0.006634904502334504,-0.003472886609773851,7227.905714285715,0.030986226739449674,Saturday,True,False,35580.0
2020-01-05,atm35000152,Izmir,13695,625,576,39175,35580,1201,35580,7294.0,7495.0,7269.71,7430.83,2614.94778349,0.019140698396849842,0.0011897062786310197,7229.167142857143,0.031405089097976686,Sunday,True,False,38440.0
2020-01-06,atm35000152,Izmir,11985,506,628,32820,38440,1134,38440,7431.63,7614.95,7310.0,7525.46,4138.11820107,0.012734781982631782,0.041792354749798255,7272.294285714286,0.029143587117638526,Monday,False,False,39195.0
2020-01-07,atm35000152,Izmir,19355,678,629,45255,39195,1307,39195,7531.73,8134.95,7516.97,8050.0,13507.54693697,0.06970205143605845,0.1274857208485416,7402.325714285714,0.036201204585928716,Tuesday,False,False,
2020-01-01,atm35000153,Izmir,22985,469,605,31600,38665,1074,38665,7145.05,7237.35,7129.55,7225.58,1211.09527025,0.012017176999851609,0.008870365328362606,7270.584285714285,0.020341564637941383,Wednesday,False,True,41855.0
2020-01-02,atm35000153,Izmir,6680,530,668,33530,41855,1198,41855,7220.0,7224.75,6900.0,6953.17,2993.0241097,-0.03770077972979324,-0.05449860279169694,7213.330000000001,0.021516015367927903,Thursday,False,False,45470.0
2020-01-03,atm35000153,Izmir,5395,602,671,36465,45470,1273,45470,6956.64,7402.31,6853.53,7339.97,8452.87552534,0.05562930289350043,0.017669250595838237,7231.535714285715,0.03126689788469128,Friday,False,False,41830.0
2020-01-04,atm35000153,Izmir,38905,677,629,44325,41830,1306,41830,7339.97,7396.1,7247.73,7291.27,3605.74269447,-0.006634904502334504,-0.003472886609773851,7227.905714285715,0.030986226739449674,Saturday,True,False,42350.0
2020-01-05,atm35000153,Izmir,14935,502,643,29715,42350,1145,42350,7294.0,7495.0,7269.71,7430.83,2614.94778349,0.019140698396849842,0.0011897062786310197,7229.167142857143,0.031405089097976686,Sunday,True,False,41075.0
2020-01-06,atm35000153,Izmir,5875,654,630,41675,41075,1284,41075,7431.63,7614.95,7310.0,7525.46,4138.11820107,0.012734781982631782,0.041792354749798255,7272.294285714286,0.029143587117638526,Monday,False,False,39960.0
2020-01-07,atm35000153,Izmir,32765,579,665,38325,39960,1244,39960,7531.73,8134.95,7516.97,8050.0,13507.54693697,0.06970205143605845,0.1274857208485416,7402.325714285714,0.036201204585928716,Tuesday,False,False,
2020-01-01,atm35000154,Izmir,31915,532,584,34670,37420,1116,37420,7145.05,7237.35,7129.55,7225.58,1211.09527025,0.012017176999851609,0.008870365328362606,7270.584285714285,0.020341564637941383,Wednesday,False,True,42870.0
2020-01-02,atm35000154,Izmir,17950,619,636,39665,42870,1255,42870,7220.0,7224.75,6900.0,6953.17,2993.0241097,-0.03770077972979324,-0.05449860279169694,7213.330000000001,0.021516015367927903,Thursday,False,False,47010.0
2020-01-03,atm35000154,Izmir,38735,541,685,35770,47010,1226,47010,6956.64,7402.31,6853.53,7339.97,8452.87552534,0.05562930289350043,0.017669250595838237,7231.535714285715,0.03126689788469128,Friday,False,False,44195.0
2020-01-04,atm35000154,Izmir,25350,489,643,33365,44195,1132,44195,7339.97,7396.1,7247.73,7291.27,3605.74269447,-0.006634904502334504,-0.003472886609773851,7227.905714285715,0.030986226739449674,Saturday,True,False,39370.0
2020-01-05,atm35000154,Izmir,22565,673,596,40240,39370,1269,39370,7294.0,7495.0,7269.71,7430.83,2614.94778349,0.019140698396849842,0.0011897062786310197,7229.167142857143,0.031405089097976686,Sunday,True,False,39285.0
2020-01-06,atm35000154,Izmir,19375,578,612,35560,39285,1190,39285,7431.63,7614.95,7310.0,7525.46,4138.11820107,0.012734781982631782,0.041792354749798255,7272.294285714286,0.029143587117638526,Monday,False,False,41405.0
2020-01-07,atm35000154,Izmir,21475,515,628,34810,41405,1143,41405,7531.73,8134.95,7516.97,8050.0,13507.54693697,0.06970205143605845,0.1274857208485416,7402.325714285714,0.036201204585928716,Tuesday,False,False,
2020-01-01,atm35000155,Izmir,27180,533,686,33650,44465,1219,44465,7145.05,7237.35,7129.55,7225.58,1211.09527025,0.012017176999851609,0.008870365328362606,7270.584285714285,0.020341564637941383,Wednesday,False,True,44140.0
2020-01-02,atm35000155,Izmir,18185,589,684,39700,44140,1273,44140,7220.0,7224.75,6900.0,6953.17,2993.0241097,-0.03770077972979324,-0.05449860279169694,7213.330000000001,0.021516015367927903,Thursday,False,False,46465.0
2020-01-03,atm35000155,Izmir,2560,599,684,37110,46465,1283,46465,6956.64,7402.31,6853.53,7339.97,8452.87552534,0.05562930289350043,0.017669250595838237,7231.535714285715,0.03126689788469128,Friday,False,False,38790.0
2020-01-04,atm35000155,Izmir,35125,554,602,37480,38790,1156,38790,7339.97,7396.1,7247.73,7291.27,3605.74269447,-0.006634904502334504,-0.003472886609773851,7227.905714285715,0.030986226739449674,Saturday,True,False,46880.0
2020-01-05,atm35000155,Izmir,16950,581,708,37955,46880,1289,46880,7294.0,7495.0,7269.71,7430.83,2614.94778349,0.019140698396849842,0.0011897062786310197,7229.167142857143,0.031405089097976686,Sunday,True,False,43275.0
2020-01-06,atm35000155,Izmir,6985,680,691,43550,43275,1371,43275,7431.63,7614.95,7310.0,7525.46,4138.11820107,0.012734781982631782,0.041792354749798255,7272.294285714286,0.029143587117638526,Monday,False,False,43425.0
2020-01-07,atm35000155,Izmir,31370,489,711,34235,43425,1200,43425,7531.73,8134.95,7516.97,8050.0,13507.54693697,0.06970205143605845,0.1274857208485416,7402.325714285714,0.036201204585928716,Tuesday,False,False,
2020-01-01,atm35000156,Izmir,30125,603,656,39220,44515,1259,44515,7145.05,7237.35,7129.55,7225.58,1211.09527025,0.012017176999851609,0.008870365328362606,7270.584285714285,0.020341564637941383,Wednesday,False,True,34770.0
2020-01-02,atm35000156,Izmir,24915,573,555,33320,34770,1128,34770,7220.0,7224.75,6900.0,6953.17,2993.0241097,-0.03770077972979324,-0.05449860279169694,7213.330000000001,0.021516015367927903,Thursday,False,False,38365.0
2020-01-03,atm35000156,Izmir,22325,581,640,36470,38365,1221,38365,6956.64,7402.31,6853.53,7339.97,8452.87552534,0.05562930289350043,0.017669250595838237,7231.535714285715,0.03126689788469128,Friday,False,False,42335.0
2020-01-04,atm35000156,Izmir,16725,617,686,41260,42335,1303,42335,7339.97,7396.1,7247.73,7291.27,3605.74269447,-0.006634904502334504,-0.003472886609773851,7227.905714285715,0.030986226739449674,Saturday,True,False,42945.0
2020-01-05,atm35000156,Izmir,1440,452,673,29250,42945,1125,42945,7294.0,7495.0,7269.71,7430.83,2614.94778349,0.019140698396849842,0.0011897062786310197,7229.167142857143,0.031405089097976686,Sunday,True,False,35520.0
2020-01-06,atm35000156,Izmir,44395,556,609,34120,35520,1165,35520,7431.63,7614.95,7310.0,7525.46,4138.11820107,0.012734781982631782,0.041792354749798255,7272.294285714286,0.029143587117638526,Monday,False,False,44440.0
2020-01-07,atm35000156,Izmir,29215,518,708,35120,44440,1226,44440,7531.73,8134.95,7516.97,8050.0,13507.54693697,0.06970205143605845,0.1274857208485416,7402.325714285714,0.036201204585928716,Tuesday,False,False,
2020-01-01,atm35000157,Izmir,43280,552,608,36595,34980,1160,34980,7145.05,7237.35,7129.55,7225.58,1211.09527025,0.012017176999851609,0.008870365328362606,7270.584285714285,0.020341564637941383,Wednesday,False,True,40030.0
2020-01-02,atm35000157,Izmir,37595,542,613,34400,40030,1155,40030,7220.0,7224.75,6900.0,6953.17,2993.0241097,-0.03770077972979324,-0.05449860279169694,7213.330000000001,0.021516015367927903,Thursday,False,False,36100.0
2020-01-03,atm35000157,Izmir,32305,479,598,32230,36100,1077,36100,6956.64,7402.31,6853.53,7339.97,8452.87552534,0.05562930289350043,0.017669250595838237,7231.535714285715,0.03126689788469128,Friday,False,False,41600.0
2020-01-04,atm35000157,Izmir,27970,508,654,34095,41600,1162,41600,7339.97,7396.1,7247.73,7291.27,3605.74269447,-0.006634904502334504,-0.003472886609773851,7227.905714285715,0.030986226739449674,Saturday,True,False,35195.0
2020-01-05,atm35000157,Izmir,13805,532,573,32665,35195,1105,35195,7294.0,7495.0,7269.71,7430.83,2614.94778349,0.019140698396849842,0.0011897062786310197,7229.167142857143,0.031405089097976686,Sunday,True,False,41775.0
2020-01-06,atm35000157,Izmir,0,542,667,33145,41775,1209,41775,7431.63,7614.95,7310.0,7525.46,4138.11820107,0.012734781982631782,0.041792354749798255,7272.294285714286,0.029143587117638526,Monday,False,False,38505.0
2020-01-07,atm35000157,Izmir,22455,580,616,35870,38505,1196,38505,7531.73,8134.95,7516.97,8050.0,13507.54693697,0.06970205143605845,0.1274857208485416,7402.325714285714,0.036201204585928716,Tuesday,False,False,
2020-01-01,atm35000158,Izmir,30160,534,619,32875,37450,1153,37450,7145.05,7237.35,7129.55,7225.58,1211.09527025,0.012017176999851609,0.008870365328362606,7270.584285714285,0.020341564637941383,Wednesday,False,True,42880.0
2020-01-02,atm35000158,Izmir,13935,553,678,33130,42880,1231,42880,7220.0,7224.75,6900.0,6953.17,2993.0241097,-0.03770077972979324,-0.05449860279169694,7213.330000000001,0.021516015367927903,Thursday,False,False,45315.0
2020-01-03,atm35000158,Izmir,38070,632,670,37695,45315,1302,45315,6956.64,7402.31,6853.53,7339.97,8452.87552534,0.05562930289350043,0.017669250595838237,7231.535714285715,0.03126689788469128,Friday,False,False,41400.0
2020-01-04,atm35000158,Izmir,31655,599,666,36185,41400,1265,41400,7339.97,7396.1,7247.73,7291.27,3605.74269447,-0.006634904502334504,-0.003472886609773851,7227.905714285715,0.030986226739449674,Saturday,True,False,44255.0
2020-01-05,atm35000158,Izmir,9905,509,695,30455,44255,1204,44255,7294.0,7495.0,7269.71,7430.83,2614.94778349,0.019140698396849842,0.0011897062786310197,7229.167142857143,0.031405089097976686,Sunday,True,False,36500.0
2020-01-06,atm35000158,Izmir,7450,529,574,35160,36500,1103,36500,7431.63,7614.95,7310.0,7525.46,4138.11820107,0.012734781982631782,0.041792354749798255,7272.294285714286,0.029143587117638526,Monday,False,False,45585.0
2020-01-07,atm35000158,Izmir,26605,504,717,36220,45585,1221,45585,7531.73,8134.95,7516.97,8050.0,13507.54693697,0.06970205143605845,0.1274857208485416,7402.325714285714,0.036201204585928716,Tuesday,False,False,
2020-01-01,atm35000159,Izmir,33930,645,622,38960,39685,1267,39685,7145.05,7237.35,7129.55,7225.58,1211.09527025,0.012017176999851609,0.008870365328362606,7270.584285714285,0.020341564637941383,Wednesday,False,True,42595.0
2020-01-02,atm35000159,Izmir,30315,608,682,39135,42595,1290,42595,7220.0,7224.75,6900.0,6953.17,2993.0241097,-0.03770077972979324,-0.05449860279169694,7213.330000000001,0.021516015367927903,Thursday,False,False,42120.0
2020-01-03,atm35000159,Izmir,19705,612,649,39470,42120,1261,42120,6956.64,7402.31,6853.53,7339.97,8452.87552534,0.05562930289350043,0.017669250595838237,7231.535714285715,0.03126689788469128,Friday,False,False,43985.0
2020-01-04,atm35000159,Izmir,7080,576,685,37450,43985,1261,43985,7339.97,7396.1,7247.73,7291.27,3605.74269447,-0.006634904502334504,-0.003472886609773851,7227.905714285715,0.030986226739449674,Saturday,True,False,42010.0
2020-01-05,atm35000159,Izmir,36075,523,696,37140,42010,1219,42010,7294.0,7495.0,7269.71,7430.83,2614.94778349,0.019140698396849842,0.0011897062786310197,7229.167142857143,0.031405089097976686,Sunday,True,False,45600.0
2020-01-06,atm35000159,Izmir,31780,600,695,39015,45600,1295,45600,7431.63,7614.95,7310.0,7525.46,4138.11820107,0.012734781982631782,0.041792354749798255,7272.294285714286,0.029143587117638526,Monday,False,False,39270.0
2020-01-07,atm35000159,Izmir,16905,511,595,32110,39270,1106,39270,7531.73,8134.95,7516.97,8050.0,13507.54693697,0.06970205143605845,0.1274857208485416,7402.325714285714,0.036201204585928716,Tuesday,False,False,
2020-01-01,atm3500016,Izmir,38530,602,618,34040,39020,1220,39020,7145.05,7237.35,7129.55,7225.58,1211.09527025,0.012017176999851609,0.008870365328362606,7270.584285714285,0.020341564637941383,Wednesday,False,True,40945.0
2020-01-02,atm3500016,Izmir,29540,639,661,39105,40945,1300,40945,7220.0,7224.75,6900.0,6953.17,2993.0241097,-0.03770077972979324,-0.05449860279169694,7213.330000000001,0.021516015367927903,Thursday,False,False,37540.0
2020-01-03,atm3500016,Izmir,18510,614,624,39675,37540,1238,37540,6956.64,7402.31,6853.53,7339.97,8452.87552534,0.05562930289350043,0.017669250595838237,7231.535714285715,0.03126689788469128,Friday,False,False,39640.0
2020-01-04,atm3500016,Izmir,10365,632,574,41020,39640,1206,39640,7339.97,7396.1,7247.73,7291.27,3605.74269447,-0.006634904502334504,-0.003472886609773851,7227.905714285715,0.030986226739449674,Saturday,True,False,36700.0
2020-01-05,atm3500016,Izmir,2625,536,604,34750,36700,1140,36700,7294.0,7495.0,7269.71,7430.83,2614.94778349,0.019140698396849842,0.0011897062786310197,7229.167142857143,0.031405089097976686,Sunday,True,False,39065.0
2020-01-06,atm3500016,Izmir,39460,605,563,37840,39065,1168,39065,7431.63,7614.95,7310.0,7525.46,4138.11820107,0.012734781982631782,0.041792354749798255,7272.294285714286,0.029143587117638526,Monday,False,False,38905.0
2020-01-07,atm3500016,Izmir,29340,530,625,33640,38905,1155,38905,7531.73,8134.95,7516.97,8050.0,13507.54693697,0.06970205143605845,0.1274857208485416,7402.325714285714,0.036201204585928716,Tuesday,False,False,
2020-01-01,atm35000160,Izmir,25865,497,654,31650,40515,1151,40515,7145.05,7237.35,7129.55,7225.58,1211.09527025,0.012017176999851609,0.008870365328362606,7270.584285714285,0.020341564637941383,Wednesday,False,True,40260.0
2020-01-02,atm35000160,Izmir,24010,690,676,43275,40260,1366,40260,7220.0,7224.75,6900.0,6953.17,2993.0241097,-0.03770077972979324,-0.05449860279169694,7213.330000000001,0.021516015367927903,Thursday,False,False,38180.0
2020-01-03,atm35000160,Izmir,18055,594,627,38330,38180,1221,38180,6956.64,7402.31,6853.53,7339.97,8452.87552534,0.05562930289350043,0.017669250595838237,7231.535714285715,0.03126689788469128,Friday,False,False,42825.0
2020-01-04,atm35000160,Izmir,13080,607,647,39440,42825,1254,42825,7339.97,7396.1,7247.73,7291.27,3605.74269447,-0.006634904502334504,-0.003472886609773851,7227.905714285715,0.030986226739449674,Saturday,True,False,43510.0
2020-01-05,atm35000160,Izmir,37165,505,659,32345,43510,1164,43510,7294.0,7495.0,7269.71,7430.83,2614.94778349,0.019140698396849842,0.0011897062786310197,7229.167142857143,0.031405089097976686,Sunday,True,False,37635.0
2020-01-06,atm35000160,Izmir,27995,559,592,35795,37635,1151,37635,7431.63,7614.95,7310.0,7525.46,4138.11820107,0.012734781982631782,0.041792354749798255,7272.294285714286,0.029143587117638526,Monday,False,False,38305.0
2020-01-07,atm35000160,Izmir,13675,501,596,31510,38305,1097,38305,7531.73,8134.95,7516.97,8050.0,13507.54693697,0.06970205143605845,0.1274857208485416,7402.325714285714,0.036201204585928716,Tuesday,False,False,
2020-01-01,atm35000161,Izmir,28845,626,713,38525,44855,1339,44855,7145.05,7237.35,7129.55,7225.58,1211.09527025,0.012017176999851609,0.008870365328362606,7270.584285714285,0.020341564637941383,Wednesday,False,True,40685.0
2020-01-02,atm35000161,Izmir,14365,570,682,34430,40685,1252,40685,7220.0,7224.75,6900.0,6953.17,2993.0241097,-0.03770077972979324,-0.05449860279169694,7213.330000000001,0.021516015367927903,Thursday,False,False,41250.0
2020-01-03,atm35000161,Izmir,37805,530,601,33750,41250,1131,41250,6956.64,7402.31,6853.53,7339.97,8452.87552534,0.05562930289350043,0.017669250595838237,7231.535714285715,0.03126689788469128,Friday,False,False,43915.0
2020-01-04,atm35000161,Izmir,20400,610,683,40535,43915,1293,43915,7339.97,7396.1,7247.73,7291.27,3605.74269447,-0.006634904502334504,-0.003472886609773851,7227.905714285715,0.030986226739449674,Saturday,True,False,41100.0
2020-01-05,atm35000161,Izmir,10935,590,642,39265,41100,1232,41100,7294.0,7495.0,7269.71,7430.83,2614.94778349,0.019140698396849842,0.0011897062786310197,7229.167142857143,0.031405089097976686,Sunday,True,False,42295.0
2020-01-06,atm35000161,Izmir,21235,482,615,31795,42295,1097,42295,7431.63,7614.95,7310.0,7525.46,4138.11820107,0.012734781982631782,0.041792354749798255,7272.294285714286,0.029143587117638526,Monday,False,False,44535.0
2020-01-07,atm35000161,Izmir,2440,560,683,35270,44535,1243,44535,7531.73,8134.95,7516.97,8050.0,13507.54693697,0.06970205143605845,0.1274857208485416,7402.325714285714,0.036201204585928716,Tuesday,False,False,
2020-01-01,atm35000162,Izmir,35010,574,643,39205,40745,1217,40745,7145.05,7237.35,7129.55,7225.58,1211.09527025,0.012017176999851609,0.008870365328362606,7270.584285714285,0.020341564637941383,Wednesday,False,True,43065.0
2020-01-02,atm35000162,Izmir,29960,567,659,35860,43065,1226,43065,7220.0,7224.75,6900.0,6953.17,2993.0241097,-0.03770077972979324,-0.05449860279169694,7213.330000000001,0.021516015367927903,Thursday,False,False,41340.0
2020-01-03,atm35000162,Izmir,19025,598,701,38875,41340,1299,41340,6956.64,7402.31,6853.53,7339.97,8452.87552534,0.05562930289350043,0.017669250595838237,7231.535714285715,0.03126689788469128,Friday,False,False,41020.0
2020-01-04,atm35000162,Izmir,12225,633,643,41300,41020,1276,41020,7339.97,7396.1,7247.73,7291.27,3605.74269447,-0.006634904502334504,-0.003472886609773851,7227.905714285715,0.030986226739449674,Saturday,True,False,35855.0
2020-01-05,atm35000162,Izmir,43685,554,604,35670,35855,1158,35855,7294.0,7495.0,7269.71,7430.83,2614.94778349,0.019140698396849842,0.0011897062786310197,7229.167142857143,0.031405089097976686,Sunday,True,False,38065.0
2020-01-06,atm35000162,Izmir,27680,582,612,37240,38065,1194,38065,7431.63,7614.95,7310.0,7525.46,4138.11820107,0.012734781982631782,0.041792354749798255,7272.294285714286,0.029143587117638526,Monday,False,False,41335.0
2020-01-07,atm35000162,Izmir,22945,557,691,35615,41335,1248,41335,7531.73,8134.95,7516.97,8050.0,13507.54693697,0.06970205143605845,0.1274857208485416,7402.325714285714,0.036201204585928716,Tuesday,False,False,
2020-01-01,atm35000163,Izmir,17645,467,689,29350,44250,1156,44250,7145.05,7237.35,7129.55,7225.58,1211.09527025,0.012017176999851609,0.008870365328362606,7270.584285714285,0.020341564637941383,Wednesday,False,True,35070.0
2020-01-02,atm35000163,Izmir,20735,628,593,39455,35070,1221,35070,7220.0,7224.75,6900.0,6953.17,2993.0241097,-0.03770077972979324,-0.05449860279169694,7213.330000000001,0.021516015367927903,Thursday,False,False,42135.0
2020-01-03,atm35000163,Izmir,11800,562,653,39680,42135,1215,42135,6956.64,7402.31,6853.53,7339.97,8452.87552534,0.05562930289350043,0.017669250595838237,7231.535714285715,0.03126689788469128,Friday,False,False,46370.0
2020-01-04,atm35000163,Izmir,640,597,691,38460,46370,1288,46370,7339.97,7396.1,7247.73,7291.27,3605.74269447,-0.006634904502334504,-0.003472886609773851,7227.905714285715,0.030986226739449674,Saturday,True,False,44650.0
2020-01-05,atm35000163,Izmir,28305,604,640,41240,44650,1244,44650,7294.0,7495.0,7269.71,7430.83,2614.94778349,0.019140698396849842,0.0011897062786310197,7229.167142857143,0.031405089097976686,Sunday,True,False,36930.0
2020-01-06,atm35000163,Izmir,28905,585,629,33550,36930,1214,36930,7431.63,7614.95,7310.0,7525.46,4138.11820107,0.012734781982631782,0.041792354749798255,7272.294285714286,0.029143587117638526,Monday,False,False,46825.0
2020-01-07,atm35000163,Izmir,13405,636,672,38180,46825,1308,46825,7531.73,8134.95,7516.97,8050.0,13507.54693697,0.06970205143605845,0.1274857208485416,7402.325714285714,0.036201204585928716,Tuesday,False,False,
2020-01-01,atm35000164,Izmir,28245,468,708,28535,46000,1176,46000,7145.05,7237.35,7129.55,7225.58,1211.09527025,0.012017176999851609,0.008870365328362606,7270.584285714285,0.020341564637941383,Wednesday,False,True,41420.0
2020-01-02,atm35000164,Izmir,23920,585,676,39040,41420,1261,41420,7220.0,7224.75,6900.0,6953.17,2993.0241097,-0.03770077972979324,-0.05449860279169694,7213.330000000001,0.021516015367927903,Thursday,False,False,37940.0
2020-01-03,atm35000164,Izmir,15905,609,617,40780,37940,1226,37940,6956.64,7402.31,6853.53,7339.97,8452.87552534,0.05562930289350043,0.017669250595838237,7231.535714285715,0.03126689788469128,Friday,False,False,38575.0
2020-01-04,atm35000164,Izmir,1470,581,611,37225,38575,1192,38575,7339.97,7396.1,7247.73,7291.27,3605.74269447,-0.006634904502334504,-0.003472886609773851,7227.905714285715,0.030986226739449674,Saturday,True,False,42215.0
2020-01-05,atm35000164,Izmir,39800,617,640,37320,42215,1257,42215,7294.0,7495.0,7269.71,7430.83,2614.94778349,0.019140698396849842,0.0011897062786310197,7229.167142857143,0.031405089097976686,Sunday,True,False,36070.0
2020-01-06,atm35000164,Izmir,41615,577,584,39055,36070,1161,36070,7431.63,7614.95,7310.0,7525.46,4138.11820107,0.012734781982631782,0.041792354749798255,7272.294285714286,0.029143587117638526,Monday,False,False,39845.0
2020-01-07,atm35000164,Izmir,32880,580,625,39170,39845,1205,39845,7531.73,8134.95,7516.97,8050.0,13507.54693697,0.06970205143605845,0.1274857208485416,7402.325714285714,0.036201204585928716,Tuesday,False,False,
2020-01-01,atm35000165,Izmir,32840,550,708,35490,43650,1258,43650,7145.05,7237.35,7129.55,7225.58,1211.09527025,0.012017176999851609,0.008870365328362606,7270.584285714285,0.020341564637941383,Wednesday,False,True,38990.0
2020-01-02,atm35000165,Izmir,22510,471,607,31380,38990,1078,38990,7220.0,7224.75,6900.0,6953.17,2993.0241097,-0.03770077972979324,-0.05449860279169694,7213.330000000001,0.021516015367927903,Thursday,False,False,38690.0
2020-01-03,atm35000165,Izmir,16835,549,580,36650,38690,1129,38690,6956.64,7402.31,6853.53,7339.97,8452.87552534,0.05562930289350043,0.017669250595838237,7231.535714285715,0.03126689788469128,Friday,False,False,37000.0
2020-01-04,atm35000165,Izmir,8730,596,597,40055,37000,1193,37000,7339.97,7396.1,7247.73,7291.27,3605.74269447,-0.006634904502334504,-0.003472886609773851,7227.905714285715,0.030986226739449674,Saturday,True,False,43870.0
2020-01-05,atm35000165,Izmir,30705,565,679,34305,43870,1244,43870,7294.0,7495.0,7269.71,7430.83,2614.94778349,0.019140698396849842,0.0011897062786310197,7229.167142857143,0.031405089097976686,Sunday,True,False,37930.0
2020-01-06,atm35000165,Izmir,26200,545,615,38245,37930,1160,37930,7431.63,7614.95,7310.0,7525.46,4138.11820107,0.012734781982631782,0.041792354749798255,7272.294285714286,0.029143587117638526,Monday,False,False,36570.0
2020-01-07,atm35000165,Izmir,18625,494,630,29360,36570,1124,36570,7531.73,8134.95,7516.97,8050.0,13507.54693697,0.06970205143605845,0.1274857208485416,7402.325714285714,0.036201204585928716,Tuesday,False,False,
2020-01-01,atm35000166,Izmir,39135,598,638,36355,43860,1236,43860,7145.05,7237.35,7129.55,7225.58,1211.09527025,0.012017176999851609,0.008870365328362606,7270.584285714285,0.020341564637941383,Wednesday,False,True,43585.0
2020-01-02,atm35000166,Izmir,24510,606,729,37945,43585,1335,43585,7220.0,7224.75,6900.0,6953.17,2993.0241097,-0.03770077972979324,-0.05449860279169694,7213.330000000001,0.021516015367927903,Thursday,False,False,39570.0
2020-01-03,atm35000166,Izmir,15480,498,586,33180,39570,1084,39570,6956.64,7402.31,6853.53,7339.97,8452.87552534,0.05562930289350043,0.017669250595838237,7231.535714285715,0.03126689788469128,Friday,False,False,43340.0
2020-01-04,atm35000166,Izmir,10710,671,659,41855,43340,1330,43340,7339.97,7396.1,7247.73,7291.27,3605.74269447,-0.006634904502334504,-0.003472886609773851,7227.905714285715,0.030986226739449674,Saturday,True,False,39225.0
2020-01-05,atm35000166,Izmir,6585,555,611,32715,39225,1166,39225,7294.0,7495.0,7269.71,7430.83,2614.94778349,0.019140698396849842,0.0011897062786310197,7229.167142857143,0.031405089097976686,Sunday,True,False,42995.0
2020-01-06,atm35000166,Izmir,37375,547,614,35450,42995,1161,42995,7431.63,7614.95,7310.0,7525.46,4138.11820107,0.012734781982631782,0.041792354749798255,7272.294285714286,0.029143587117638526,Monday,False,False,39740.0
2020-01-07,atm35000166,Izmir,35335,548,618,34405,39740,1166,39740,7531.73,8134.95,7516.97,8050.0,13507.54693697,0.06970205143605845,0.1274857208485416,7402.325714285714,0.036201204585928716,Tuesday,False,False,
2020-01-01,atm35000167,Izmir,28425,978,1045,61475,66415,2023,66415,7145.05,7237.35,7129.55,7225.58,1211.09527025,0.012017176999851609,0.008870365328362606,7270.584285714285,0.020341564637941383,Wednesday,False,True,70175.0
2020-01-02,atm35000167,Izmir,4425,896,1102,56975,70175,1998,70175,7220.0,7224.75,6900.0,6953.17,2993.0241097,-0.03770077972979324,-0.05449860279169694,7213.330000000001,0.021516015367927903,Thursday,False,False,69635.0
2020-01-03,atm35000167,Izmir,31810,951,1089,60025,69635,2040,69635,6956.64,7402.31,6853.53,7339.97,8452.87552534,0.05562930289350043,0.017669250595838237,7231.535714285715,0.03126689788469128,Friday,False,False,69765.0
2020-01-04,atm35000167,Izmir,19335,1043,1087,72260,69765,2130,69765,7339.97,7396.1,7247.73,7291.27,3605.74269447,-0.006634904502334504,-0.003472886609773851,7227.905714285715,0.030986226739449674,Saturday,True,False,68950.0
2020-01-05,atm35000167,Izmir,13760,962,1087,64625,68950,2049,68950,7294.0,7495.0,7269.71,7430.83,2614.94778349,0.019140698396849842,0.0011897062786310197,7229.167142857143,0.031405089097976686,Sunday,True,False,71590.0
2020-01-06,atm35000167,Izmir,33450,1000,1068,62480,71590,2068,71590,7431.63,7614.95,7310.0,7525.46,4138.11820107,0.012734781982631782,0.041792354749798255,7272.294285714286,0.029143587117638526,Monday,False,False,72990.0
2020-01-07,atm35000167,Izmir,24440,995,1083,66740,72990,2078,72990,7531.73,8134.95,7516.97,8050.0,13507.54693697,0.06970205143605845,0.1274857208485416,7402.325714285714,0.036201204585928716,Tuesday,False,False,
2020-01-01,atm35000168,Izmir,30410,955,1074,61005,65550,2029,65550,7145.05,7237.35,7129.55,7225.58,1211.09527025,0.012017176999851609,0.008870365328362606,7270.584285714285,0.020341564637941383,Wednesday,False,True,68435.0
2020-01-02,atm35000168,Izmir,17475,994,1071,66340,68435,2065,68435,7220.0,7224.75,6900.0,6953.17,2993.0241097,-0.03770077972979324,-0.05449860279169694,7213.330000000001,0.021516015367927903,Thursday,False,False,67185.0
2020-01-03,atm35000168,Izmir,5800,912,1080,61480,67185,1992,67185,6956.64,7402.31,6853.53,7339.97,8452.87552534,0.05562930289350043,0.017669250595838237,7231.535714285715,0.03126689788469128,Friday,False,False,67820.0
2020-01-04,atm35000168,Izmir,25865,914,1080,61250,67820,1994,67820,7339.97,7396.1,7247.73,7291.27,3605.74269447,-0.006634904502334504,-0.003472886609773851,7227.905714285715,0.030986226739449674,Saturday,True,False,70895.0
2020-01-05,atm35000168,Izmir,17190,993,1079,65745,70895,2072,70895,7294.0,7495.0,7269.71,7430.83,2614.94778349,0.019140698396849842,0.0011897062786310197,7229.167142857143,0.031405089097976686,Sunday,True,False,69255.0
2020-01-06,atm35000168,Izmir,37920,956,1098,57955,69255,2054,69255,7431.63,7614.95,7310.0,7525.46,4138.11820107,0.012734781982631782,0.041792354749798255,7272.294285714286,0.029143587117638526,Monday,False,False,73265.0
2020-01-07,atm35000168,Izmir,16480,929,1099,57650,73265,2028,73265,7531.73,8134.95,7516.97,8050.0,13507.54693697,0.06970205143605845,0.1274857208485416,7402.325714285714,0.036201204585928716,Tuesday,False,False,
2020-01-01,atm35000169,Izmir,37055,685,636,39805,40470,1321,40470,7145.05,7237.35,7129.55,7225.58,1211.09527025,0.012017176999851609,0.008870365328362606,7270.584285714285,0.020341564637941383,Wednesday,False,True,39035.0
2020-01-02,atm35000169,Izmir,27740,570,585,33620,39035,1155,39035,7220.0,7224.75,6900.0,6953.17,2993.0241097,-0.03770077972979324,-0.05449860279169694,7213.330000000001,0.021516015367927903,Thursday,False,False,41715.0
2020-01-03,atm35000169,Izmir,16205,514,659,31285,41715,1173,41715,6956.64,7402.31,6853.53,7339.97,8452.87552534,0.05562930289350043,0.017669250595838237,7231.535714285715,0.03126689788469128,Friday,False,False,39485.0
2020-01-04,atm35000169,Izmir,32165,464,587,29740,39485,1051,39485,7339.97,7396.1,7247.73,7291.27,3605.74269447,-0.006634904502334504,-0.003472886609773851,7227.905714285715,0.030986226739449674,Saturday,True,False,41025.0
2020-01-05,atm35000169,Izmir,10645,494,673,30950,41025,1167,41025,7294.0,7495.0,7269.71,7430.83,2614.94778349,0.019140698396849842,0.0011897062786310197,7229.167142857143,0.031405089097976686,Sunday,True,False,45505.0
2020-01-06,atm35000169,Izmir,36345,538,700,37115,45505,1238,45505,7431.63,7614.95,7310.0,7525.46,4138.11820107,0.012734781982631782,0.041792354749798255,7272.294285714286,0.029143587117638526,Monday,False,False,48290.0
2020-01-07,atm35000169,Izmir,19245,583,713,33540,48290,1296,48290,7531.73,8134.95,7516.97,8050.0,13507.54693697,0.06970205143605845,0.1274857208485416,7402.325714285714,0.036201204585928716,Tuesday,False,False,
2020-01-01,atm3500017,Izmir,30180,530,681,31510,46645,1211,46645,7145.05,7237.35,7129.55,7225.58,1211.09527025,0.012017176999851609,0.008870365328362606,7270.584285714285,0.020341564637941383,Wednesday,False,True,38285.0
2020-01-02,atm3500017,Izmir,27495,468,632,33600,38285,1100,38285,7220.0,7224.75,6900.0,6953.17,2993.0241097,-0.03770077972979324,-0.05449860279169694,7213.330000000001,0.021516015367927903,Thursday,False,False,40425.0
2020-01-03,atm3500017,Izmir,2505,424,638,24150,40425,1062,40425,6956.64,7402.31,6853.53,7339.97,8452.87552534,0.05562930289350043,0.017669250595838237,7231.535714285715,0.03126689788469128,Friday,False,False,43650.0
2020-01-04,atm3500017,Izmir,32745,524,657,34590,43650,1181,43650,7339.97,7396.1,7247.73,7291.27,3605.74269447,-0.006634904502334504,-0.003472886609773851,7227.905714285715,0.030986226739449674,Saturday,True,False,37340.0
2020-01-05,atm3500017,Izmir,27170,625,644,40460,37340,1269,37340,7294.0,7495.0,7269.71,7430.83,2614.94778349,0.019140698396849842,0.0011897062786310197,7229.167142857143,0.031405089097976686,Sunday,True,False,46130.0
2020-01-06,atm3500017,Izmir,29565,665,678,46435,46130,1343,46130,7431.63,7614.95,7310.0,7525.46,4138.11820107,0.012734781982631782,0.041792354749798255,7272.294285714286,0.029143587117638526,Monday,False,False,45200.0
2020-01-07,atm3500017,Izmir,10705,530,694,33600,45200,1224,45200,7531.73,8134.95,7516.97,8050.0,13507.54693697,0.06970205143605845,0.1274857208485416,7402.325714285714,0.036201204585928716,Tuesday,False,False,
2020-01-01,atm35000170,Izmir,22675,517,678,33265,43700,1195,43700,7145.05,7237.35,7129.55,7225.58,1211.09527025,0.012017176999851609,0.008870365328362606,7270.584285714285,0.020341564637941383,Wednesday,False,True,40970.0
2020-01-02,atm35000170,Izmir,12775,543,621,35510,40970,1164,40970,7220.0,7224.75,6900.0,6953.17,2993.0241097,-0.03770077972979324,-0.05449860279169694,7213.330000000001,0.021516015367927903,Thursday,False,False,41340.0
2020-01-03,atm35000170,Izmir,37670,537,648,34620,41340,1185,41340,6956.64,7402.31,6853.53,7339.97,8452.87552534,0.05562930289350043,0.017669250595838237,7231.535714285715,0.03126689788469128,Friday,False,False,39085.0
2020-01-04,atm35000170,Izmir,24785,496,606,33325,39085,1102,39085,7339.97,7396.1,7247.73,7291.27,3605.74269447,-0.006634904502334504,-0.003472886609773851,7227.905714285715,0.030986226739449674,Saturday,True,False,42435.0
2020-01-05,atm35000170,Izmir,7470,470,667,30400,42435,1137,42435,7294.0,7495.0,7269.71,7430.83,2614.94778349,0.019140698396849842,0.0011897062786310197,7229.167142857143,0.031405089097976686,Sunday,True,False,40345.0
2020-01-06,atm35000170,Izmir,4785,641,627,38750,40345,1268,40345,7431.63,7614.95,7310.0,7525.46,4138.11820107,0.012734781982631782,0.041792354749798255,7272.294285714286,0.029143587117638526,Monday,False,False,45020.0
2020-01-07,atm35000170,Izmir,31260,503,722,33170,45020,1225,45020,7531.73,8134.95,7516.97,8050.0,13507.54693697,0.06970205143605845,0.1274857208485416,7402.325714285714,0.036201204585928716,Tuesday,False,False,
2020-01-01,atm35000171,Izmir,28280,559,605,35095,36700,1164,36700,7145.05,7237.35,7129.55,7225.58,1211.09527025,0.012017176999851609,0.008870365328362606,7270.584285714285,0.020341564637941383,Wednesday,False,True,37485.0
2020-01-02,atm35000171,Izmir,14540,607,576,34180,37485,1183,37485,7220.0,7224.75,6900.0,6953.17,2993.0241097,-0.03770077972979324,-0.05449860279169694,7213.330000000001,0.021516015367927903,Thursday,False,False,44780.0
2020-01-03,atm35000171,Izmir,5625,559,677,35330,44780,1236,44780,6956.64,7402.31,6853.53,7339.97,8452.87552534,0.05562930289350043,0.017669250595838237,7231.535714285715,0.03126689788469128,Friday,False,False,40245.0
2020-01-04,atm35000171,Izmir,42465,518,679,36215,40245,1197,40245,7339.97,7396.1,7247.73,7291.27,3605.74269447,-0.006634904502334504,-0.003472886609773851,7227.905714285715,0.030986226739449674,Saturday,True,False,37925.0
2020-01-05,atm35000171,Izmir,34935,658,561,41575,37925,1219,37925,7294.0,7495.0,7269.71,7430.83,2614.94778349,0.019140698396849842,0.0011897062786310197,7229.167142857143,0.031405089097976686,Sunday,True,False,39880.0
2020-01-06,atm35000171,Izmir,22480,590,626,39570,39880,1216,39880,7431.63,7614.95,7310.0,7525.46,4138.11820107,0.012734781982631782,0.041792354749798255,7272.294285714286,0.029143587117638526,Monday,False,False,36425.0
2020-01-07,atm35000171,Izmir,19040,595,616,37585,36425,1211,36425,7531.73,8134.95,7516.97,8050.0,13507.54693697,0.06970205143605845,0.1274857208485416,7402.325714285714,0.036201204585928716,Tuesday,False,False,
2020-01-01,atm35000172,Izmir,49065,615,611,39835,34785,1226,34785,7145.05,7237.35,7129.55,7225.58,1211.09527025,0.012017176999851609,0.008870365328362606,7270.584285714285,0.020341564637941383,Wednesday,False,True,35690.0
2020-01-02,atm35000172,Izmir,37505,484,583,30030,35690,1067,35690,7220.0,7224.75,6900.0,6953.17,2993.0241097,-0.03770077972979324,-0.05449860279169694,7213.330000000001,0.021516015367927903,Thursday,False,False,42005.0
2020-01-03,atm35000172,Izmir,37775,570,663,37885,42005,1233,42005,6956.64,7402.31,6853.53,7339.97,8452.87552534,0.05562930289350043,0.017669250595838237,7231.535714285715,0.03126689788469128,Friday,False,False,38905.0
2020-01-04,atm35000172,Izmir,41320,535,649,35625,38905,1184,38905,7339.97,7396.1,7247.73,7291.27,3605.74269447,-0.006634904502334504,-0.003472886609773851,7227.905714285715,0.030986226739449674,Saturday,True,False,35775.0
2020-01-05,atm35000172,Izmir,40505,627,602,41455,35775,1229,35775,7294.0,7495.0,7269.71,7430.83,2614.94778349,0.019140698396849842,0.0011897062786310197,7229.167142857143,0.031405089097976686,Sunday,True,False,41495.0
2020-01-06,atm35000172,Izmir,24870,508,623,32660,41495,1131,41495,7431.63,7614.95,7310.0,7525.46,4138.11820107,0.012734781982631782,0.041792354749798255,7272.294285714286,0.029143587117638526,Monday,False,False,39500.0
2020-01-07,atm35000172,Izmir,13220,549,648,37110,39500,1197,39500,7531.73,8134.95,7516.97,8050.0,13507.54693697,0.06970205143605845,0.1274857208485416,7402.325714285714,0.036201204585928716,Tuesday,False,False,
2020-01-01,atm35000173,Izmir,28485,539,669,33005,42260,1208,42260,7145.05,7237.35,7129.55,7225.58,1211.09527025,0.012017176999851609,0.008870365328362606,7270.584285714285,0.020341564637941383,Wednesday,False,True,39280.0
2020-01-02,atm35000173,Izmir,29430,593,623,40120,39280,1216,39280,7220.0,7224.75,6900.0,6953.17,2993.0241097,-0.03770077972979324,-0.05449860279169694,7213.330000000001,0.021516015367927903,Thursday,False,False,46435.0
2020-01-03,atm35000173,Izmir,18665,577,712,36010,46435,1289,46435,6956.64,7402.31,6853.53,7339.97,8452.87552534,0.05562930289350043,0.017669250595838237,7231.535714285715,0.03126689788469128,Friday,False,False,39595.0
2020-01-04,atm35000173,Izmir,12670,615,612,40285,39595,1227,39595,7339.97,7396.1,7247.73,7291.27,3605.74269447,-0.006634904502334504,-0.003472886609773851,7227.905714285715,0.030986226739449674,Saturday,True,False,35680.0
2020-01-05,atm35000173,Izmir,24395,666,572,46345,35680,1238,35680,7294.0,7495.0,7269.71,7430.83,2614.94778349,0.019140698396849842,0.0011897062786310197,7229.167142857143,0.031405089097976686,Sunday,True,False,40335.0
2020-01-06,atm35000173,Izmir,12690,605,647,39195,40335,1252,40335,7431.63,7614.95,7310.0,7525.46,4138.11820107,0.012734781982631782,0.041792354749798255,7272.294285714286,0.029143587117638526,Monday,False,False,39210.0
2020-01-07,atm35000173,Izmir,13635,671,602,42115,39210,1273,39210,7531.73,8134.95,7516.97,8050.0,13507.54693697,0.06970205143605845,0.1274857208485416,7402.325714285714,0.036201204585928716,Tuesday,False,False,
2020-01-01,atm35000174,Izmir,13550,452,674,27050,45020,1126,45020,7145.05,7237.35,7129.55,7225.58,1211.09527025,0.012017176999851609,0.008870365328362606,7270.584285714285,0.020341564637941383,Wednesday,False,True,37765.0
2020-01-02,atm35000174,Izmir,4505,557,617,34095,37765,1174,37765,7220.0,7224.75,6900.0,6953.17,2993.0241097,-0.03770077972979324,-0.05449860279169694,7213.330000000001,0.021516015367927903,Thursday,False,False,52735.0
2020-01-03,atm35000174,Izmir,19505,606,758,40665,52735,1364,52735,6956.64,7402.31,6853.53,7339.97,8452.87552534,0.05562930289350043,0.017669250595838237,7231.535714285715,0.03126689788469128,Friday,False,False,43380.0
2020-01-04,atm35000174,Izmir,5400,519,701,34145,43380,1220,43380,7339.97,7396.1,7247.73,7291.27,3605.74269447,-0.006634904502334504,-0.003472886609773851,7227.905714285715,0.030986226739449674,Saturday,True,False,39735.0
2020-01-05,atm35000174,Izmir,30445,542,646,34595,39735,1188,39735,7294.0,7495.0,7269.71,7430.83,2614.94778349,0.019140698396849842,0.0011897062786310197,7229.167142857143,0.031405089097976686,Sunday,True,False,35245.0
2020-01-06,atm35000174,Izmir,17765,487,584,30140,35245,1071,35245,7431.63,7614.95,7310.0,7525.46,4138.11820107,0.012734781982631782,0.041792354749798255,7272.294285714286,0.029143587117638526,Monday,False,False,41585.0
2020-01-07,atm35000174,Izmir,2900,491,616,33255,41585,1107,41585,7531.73,8134.95,7516.97,8050.0,13507.54693697,0.06970205143605845,0.1274857208485416,7402.325714285714,0.036201204585928716,Tuesday,False,False,
2020-01-01,atm35000175,Izmir,9415,439,669,27610,44595,1108,44595,7145.05,7237.35,7129.55,7225.58,1211.09527025,0.012017176999851609,0.008870365328362606,7270.584285714285,0.020341564637941383,Wednesday,False,True,49505.0
2020-01-02,atm35000175,Izmir,36345,548,747,33950,49505,1295,49505,7220.0,7224.75,6900.0,6953.17,2993.0241097,-0.03770077972979324,-0.05449860279169694,7213.330000000001,0.021516015367927903,Thursday,False,False,46840.0
2020-01-03,atm35000175,Izmir,975,511,675,28955,46840,1186,46840,6956.64,7402.31,6853.53,7339.97,8452.87552534,0.05562930289350043,0.017669250595838237,7231.535714285715,0.03126689788469128,Friday,False,False,39270.0
2020-01-04,atm35000175,Izmir,27060,565,631,34705,39270,1196,39270,7339.97,7396.1,7247.73,7291.27,3605.74269447,-0.006634904502334504,-0.003472886609773851,7227.905714285715,0.030986226739449674,Saturday,True,False,39760.0
2020-01-05,atm35000175,Izmir,18130,528,597,35605,39760,1125,39760,7294.0,7495.0,7269.71,7430.83,2614.94778349,0.019140698396849842,0.0011897062786310197,7229.167142857143,0.031405089097976686,Sunday,True,False,44150.0
2020-01-06,atm35000175,Izmir,5565,611,641,38390,44150,1252,44150,7431.63,7614.95,7310.0,7525.46,4138.11820107,0.012734781982631782,0.041792354749798255,7272.294285714286,0.029143587117638526,Monday,False,False,34780.0
2020-01-07,atm35000175,Izmir,40235,540,575,34580,34780,1115,34780,7531.73,8134.95,7516.97,8050.0,13507.54693697,0.06970205143605845,0.1274857208485416,7402.325714285714,0.036201204585928716,Tuesday,False,False,
2020-01-01,atm35000176,Izmir,36205,563,650,37020,39570,1213,39570,7145.05,7237.35,7129.55,7225.58,1211.09527025,0.012017176999851609,0.008870365328362606,7270.584285714285,0.020341564637941383,Wednesday,False,True,39060.0
2020-01-02,atm35000176,Izmir,38445,649,612,45540,39060,1261,39060,7220.0,7224.75,6900.0,6953.17,2993.0241097,-0.03770077972979324,-0.05449860279169694,7213.330000000001,0.021516015367927903,Thursday,False,False,43590.0
2020-01-03,atm35000176,Izmir,18240,440,662,31790,43590,1102,43590,6956.64,7402.31,6853.53,7339.97,8452.87552534,0.05562930289350043,0.017669250595838237,7231.535714285715,0.03126689788469128,Friday,False,False,38815.0
2020-01-04,atm35000176,Izmir,37565,463,618,29055,38815,1081,38815,7339.97,7396.1,7247.73,7291.27,3605.74269447,-0.006634904502334504,-0.003472886609773851,7227.905714285715,0.030986226739449674,Saturday,True,False,46230.0
2020-01-05,atm35000176,Izmir,15425,475,669,31805,46230,1144,46230,7294.0,7495.0,7269.71,7430.83,2614.94778349,0.019140698396849842,0.0011897062786310197,7229.167142857143,0.031405089097976686,Sunday,True,False,40670.0
2020-01-06,atm35000176,Izmir,9110,573,622,36100,40670,1195,40670,7431.63,7614.95,7310.0,7525.46,4138.11820107,0.012734781982631782,0.041792354749798255,7272.294285714286,0.029143587117638526,Monday,False,False,38810.0
2020-01-07,atm35000176,Izmir,35855,556,648,34240,38810,1204,38810,7531.73,8134.95,7516.97,8050.0,13507.54693697,0.06970205143605845,0.1274857208485416,7402.325714285714,0.036201204585928716,Tuesday,False,False,
2020-01-01,atm35000177,Izmir,34260,611,613,39800,38410,1224,38410,7145.05,7237.35,7129.55,7225.58,1211.09527025,0.012017176999851609,0.008870365328362606,7270.584285714285,0.020341564637941383,Wednesday,False,True,38410.0
2020-01-02,atm35000177,Izmir,35990,720,601,46905,38410,1321,38410,7220.0,7224.75,6900.0,6953.17,2993.0241097,-0.03770077972979324,-0.05449860279169694,7213.330000000001,0.021516015367927903,Thursday,False,False,38335.0
2020-01-03,atm35000177,Izmir,27480,578,580,36665,38335,1158,38335,6956.64,7402.31,6853.53,7339.97,8452.87552534,0.05562930289350043,0.017669250595838237,7231.535714285715,0.03126689788469128,Friday,False,False,40525.0
2020-01-04,atm35000177,Izmir,13985,489,624,30440,40525,1113,40525,7339.97,7396.1,7247.73,7291.27,3605.74269447,-0.006634904502334504,-0.003472886609773851,7227.905714285715,0.030986226739449674,Saturday,True,False,40755.0
2020-01-05,atm35000177,Izmir,6430,497,625,32745,40755,1122,40755,7294.0,7495.0,7269.71,7430.83,2614.94778349,0.019140698396849842,0.0011897062786310197,7229.167142857143,0.031405089097976686,Sunday,True,False,42290.0
2020-01-06,atm35000177,Izmir,36780,581,685,39130,42290,1266,42290,7431.63,7614.95,7310.0,7525.46,4138.11820107,0.012734781982631782,0.041792354749798255,7272.294285714286,0.029143587117638526,Monday,False,False,39895.0
2020-01-07,atm35000177,Izmir,35915,573,602,36080,39895,1175,39895,7531.73,8134.95,7516.97,8050.0,13507.54693697,0.06970205143605845,0.1274857208485416,7402.325714285714,0.036201204585928716,Tuesday,False,False,
2020-01-01,atm35000178,Izmir,44555,672,653,43900,42900,1325,42900,7145.05,7237.35,7129.55,7225.58,1211.09527025,0.012017176999851609,0.008870365328362606,7270.584285714285,0.020341564637941383,Wednesday,False,True,40870.0
2020-01-02,atm35000178,Izmir,27225,520,645,32270,40870,1165,40870,7220.0,7224.75,6900.0,6953.17,2993.0241097,-0.03770077972979324,-0.05449860279169694,7213.330000000001,0.021516015367927903,Thursday,False,False,38040.0
2020-01-03,atm35000178,Izmir,19815,594,602,36155,38040,1196,38040,6956.64,7402.31,6853.53,7339.97,8452.87552534,0.05562930289350043,0.017669250595838237,7231.535714285715,0.03126689788469128,Friday,False,False,40335.0
2020-01-04,atm35000178,Izmir,9740,660,622,40920,40335,1282,40335,7339.97,7396.1,7247.73,7291.27,3605.74269447,-0.006634904502334504,-0.003472886609773851,7227.905714285715,0.030986226739449674,Saturday,True,False,44080.0
2020-01-05,atm35000178,Izmir,39135,552,676,35680,44080,1228,44080,7294.0,7495.0,7269.71,7430.83,2614.94778349,0.019140698396849842,0.0011897062786310197,7229.167142857143,0.031405089097976686,Sunday,True,False,41145.0
2020-01-06,atm35000178,Izmir,37245,638,665,41165,41145,1303,41145,7431.63,7614.95,7310.0,7525.46,4138.11820107,0.012734781982631782,0.041792354749798255,7272.294285714286,0.029143587117638526,Monday,False,False,39475.0
2020-01-07,atm35000178,Izmir,32265,567,625,34440,39475,1192,39475,7531.73,8134.95,7516.97,8050.0,13507.54693697,0.06970205143605845,0.1274857208485416,7402.325714285714,0.036201204585928716,Tuesday,False,False,
2020-01-01,atm35000179,Izmir,50390,605,623,39220,37785,1228,37785,7145.05,7237.35,7129.55,7225.58,1211.09527025,0.012017176999851609,0.008870365328362606,7270.584285714285,0.020341564637941383,Wednesday,False,True,44425.0
2020-01-02,atm35000179,Izmir,45150,620,639,39525,44425,1259,44425,7220.0,7224.75,6900.0,6953.17,2993.0241097,-0.03770077972979324,-0.05449860279169694,7213.330000000001,0.021516015367927903,Thursday,False,False,46490.0
2020-01-03,atm35000179,Izmir,37045,590,698,39130,46490,1288,46490,6956.64,7402.31,6853.53,7339.97,8452.87552534,0.05562930289350043,0.017669250595838237,7231.535714285715,0.03126689788469128,Friday,False,False,44095.0
2020-01-04,atm35000179,Izmir,32410,620,696,39355,44095,1316,44095,7339.97,7396.1,7247.73,7291.27,3605.74269447,-0.006634904502334504,-0.003472886609773851,7227.905714285715,0.030986226739449674,Saturday,True,False,42190.0
2020-01-05,atm35000179,Izmir,17130,501,653,32655,42190,1154,42190,7294.0,7495.0,7269.71,7430.83,2614.94778349,0.019140698396849842,0.0011897062786310197,7229.167142857143,0.031405089097976686,Sunday,True,False,40020.0
2020-01-06,atm35000179,Izmir,0,485,634,32460,40020,1119,40020,7431.63,7614.95,7310.0,7525.46,4138.11820107,0.012734781982631782,0.041792354749798255,7272.294285714286,0.029143587117638526,Monday,False,False,45830.0
2020-01-07,atm35000179,Izmir,22835,619,693,41275,45830,1312,45830,7531.73,8134.95,7516.97,8050.0,13507.54693697,0.06970205143605845,0.1274857208485416,7402.325714285714,0.036201204585928716,Tuesday,False,False,
2020-01-01,atm3500018,Izmir,40055,557,622,37960,39255,1179,39255,7145.05,7237.35,7129.55,7225.58,1211.09527025,0.012017176999851609,0.008870365328362606,7270.584285714285,0.020341564637941383,Wednesday,False,True,41560.0
2020-01-02,atm3500018,Izmir,24830,512,669,31465,41560,1181,41560,7220.0,7224.75,6900.0,6953.17,2993.0241097,-0.03770077972979324,-0.05449860279169694,7213.330000000001,0.021516015367927903,Thursday,False,False,41770.0
2020-01-03,atm3500018,Izmir,15740,577,659,36655,41770,1236,41770,6956.64,7402.31,6853.53,7339.97,8452.87552534,0.05562930289350043,0.017669250595838237,7231.535714285715,0.03126689788469128,Friday,False,False,38720.0
2020-01-04,atm3500018,Izmir,7745,560,585,34310,38720,1145,38720,7339.97,7396.1,7247.73,7291.27,3605.74269447,-0.006634904502334504,-0.003472886609773851,7227.905714285715,0.030986226739449674,Saturday,True,False,45675.0
2020-01-05,atm3500018,Izmir,33755,624,704,39995,45675,1328,45675,7294.0,7495.0,7269.71,7430.83,2614.94778349,0.019140698396849842,0.0011897062786310197,7229.167142857143,0.031405089097976686,Sunday,True,False,42630.0
2020-01-06,atm3500018,Izmir,22990,567,668,37950,42630,1235,42630,7431.63,7614.95,7310.0,7525.46,4138.11820107,0.012734781982631782,0.041792354749798255,7272.294285714286,0.029143587117638526,Monday,False,False,44960.0
2020-01-07,atm3500018,Izmir,16800,540,646,35615,44960,1186,44960,7531.73,8134.95,7516.97,8050.0,13507.54693697,0.06970205143605845,0.1274857208485416,7402.325714285714,0.036201204585928716,Tuesday,False,False,
2020-01-01,atm35000180,Izmir,27605,605,722,42135,46750,1327,46750,7145.05,7237.35,7129.55,7225.58,1211.09527025,0.012017176999851609,0.008870365328362606,7270.584285714285,0.020341564637941383,Wednesday,False,True,40675.0
2020-01-02,atm35000180,Izmir,14515,597,650,39915,40675,1247,40675,7220.0,7224.75,6900.0,6953.17,2993.0241097,-0.03770077972979324,-0.05449860279169694,7213.330000000001,0.021516015367927903,Thursday,False,False,37955.0
2020-01-03,atm35000180,Izmir,21185,625,599,43170,37955,1224,37955,6956.64,7402.31,6853.53,7339.97,8452.87552534,0.05562930289350043,0.017669250595838237,7231.535714285715,0.03126689788469128,Friday,False,False,38605.0
2020-01-04,atm35000180,Izmir,6405,434,599,26560,38605,1033,38605,7339.97,7396.1,7247.73,7291.27,3605.74269447,-0.006634904502334504,-0.003472886609773851,7227.905714285715,0.030986226739449674,Saturday,True,False,42745.0
2020-01-05,atm35000180,Izmir,6815,644,629,46595,42745,1273,42745,7294.0,7495.0,7269.71,7430.83,2614.94778349,0.019140698396849842,0.0011897062786310197,7229.167142857143,0.031405089097976686,Sunday,True,False,42705.0
2020-01-06,atm35000180,Izmir,41160,601,702,40645,42705,1303,42705,7431.63,7614.95,7310.0,7525.46,4138.11820107,0.012734781982631782,0.041792354749798255,7272.294285714286,0.029143587117638526,Monday,False,False,42240.0
2020-01-07,atm35000180,Izmir,26120,533,653,29255,42240,1186,42240,7531.73,8134.95,7516.97,8050.0,13507.54693697,0.06970205143605845,0.1274857208485416,7402.325714285714,0.036201204585928716,Tuesday,False,False,
2020-01-01,atm35000181,Izmir,25750,521,650,34440,39720,1171,39720,7145.05,7237.35,7129.55,7225.58,1211.09527025,0.012017176999851609,0.008870365328362606,7270.584285714285,0.020341564637941383,Wednesday,False,True,48240.0
2020-01-02,atm35000181,Izmir,540,501,721,33215,48240,1222,48240,7220.0,7224.75,6900.0,6953.17,2993.0241097,-0.03770077972979324,-0.05449860279169694,7213.330000000001,0.021516015367927903,Thursday,False,False,40525.0
2020-01-03,atm35000181,Izmir,40990,634,671,41115,40525,1305,40525,6956.64,7402.31,6853.53,7339.97,8452.87552534,0.05562930289350043,0.017669250595838237,7231.535714285715,0.03126689788469128,Friday,False,False,32360.0
2020-01-04,atm35000181,Izmir,38855,623,543,41160,32360,1166,32360,7339.97,7396.1,7247.73,7291.27,3605.74269447,-0.006634904502334504,-0.003472886609773851,7227.905714285715,0.030986226739449674,Saturday,True,False,44695.0
2020-01-05,atm35000181,Izmir,9690,397,687,24565,44695,1084,44695,7294.0,7495.0,7269.71,7430.83,2614.94778349,0.019140698396849842,0.0011897062786310197,7229.167142857143,0.031405089097976686,Sunday,True,False,34945.0
2020-01-06,atm35000181,Izmir,7265,533,526,32740,34945,1059,34945,7431.63,7614.95,7310.0,7525.46,4138.11820107,0.012734781982631782,0.041792354749798255,7272.294285714286,0.029143587117638526,Monday,False,False,40975.0
2020-01-07,atm35000181,Izmir,29755,453,628,26730,40975,1081,40975,7531.73,8134.95,7516.97,8050.0,13507.54693697,0.06970205143605845,0.1274857208485416,7402.325714285714,0.036201204585928716,Tuesday,False,False,
2020-01-01,atm35000182,Izmir,33820,609,674,37975,42935,1283,42935,7145.05,7237.35,7129.55,7225.58,1211.09527025,0.012017176999851609,0.008870365328362606,7270.584285714285,0.020341564637941383,Wednesday,False,True,39275.0
2020-01-02,atm35000182,Izmir,27050,603,588,40465,39275,1191,39275,7220.0,7224.75,6900.0,6953.17,2993.0241097,-0.03770077972979324,-0.05449860279169694,7213.330000000001,0.021516015367927903,Thursday,False,False,35055.0
2020-01-03,atm35000182,Izmir,19970,541,576,33540,35055,1117,35055,6956.64,7402.31,6853.53,7339.97,8452.87552534,0.05562930289350043,0.017669250595838237,7231.535714285715,0.03126689788469128,Friday,False,False,43240.0
2020-01-04,atm35000182,Izmir,1940,508,692,32575,43240,1200,43240,7339.97,7396.1,7247.73,7291.27,3605.74269447,-0.006634904502334504,-0.003472886609773851,7227.905714285715,0.030986226739449674,Saturday,True,False,36555.0
2020-01-05,atm35000182,Izmir,44120,609,613,41070,36555,1222,36555,7294.0,7495.0,7269.71,7430.83,2614.94778349,0.019140698396849842,0.0011897062786310197,7229.167142857143,0.031405089097976686,Sunday,True,False,39335.0
2020-01-06,atm35000182,Izmir,35455,584,584,38215,39335,1168,39335,7431.63,7614.95,7310.0,7525.46,4138.11820107,0.012734781982631782,0.041792354749798255,7272.294285714286,0.029143587117638526,Monday,False,False,43720.0
2020-01-07,atm35000182,Izmir,20620,523,702,33245,43720,1225,43720,7531.73,8134.95,7516.97,8050.0,13507.54693697,0.06970205143605845,0.1274857208485416,7402.325714285714,0.036201204585928716,Tuesday,False,False,
2020-01-01,atm35000183,Izmir,38150,664,612,46620,40310,1276,40310,7145.05,7237.35,7129.55,7225.58,1211.09527025,0.012017176999851609,0.008870365328362606,7270.584285714285,0.020341564637941383,Wednesday,False,True,35570.0
2020-01-02,atm35000183,Izmir,36755,611,627,38240,35570,1238,35570,7220.0,7224.75,6900.0,6953.17,2993.0241097,-0.03770077972979324,-0.05449860279169694,7213.330000000001,0.021516015367927903,Thursday,False,False,43355.0
2020-01-03,atm35000183,Izmir,34150,641,724,39960,43355,1365,43355,6956.64,7402.31,6853.53,7339.97,8452.87552534,0.05562930289350043,0.017669250595838237,7231.535714285715,0.03126689788469128,Friday,False,False,40255.0
2020-01-04,atm35000183,Izmir,19250,553,577,34040,40255,1130,40255,7339.97,7396.1,7247.73,7291.27,3605.74269447,-0.006634904502334504,-0.003472886609773851,7227.905714285715,0.030986226739449674,Saturday,True,False,35235.0
2020-01-05,atm35000183,Izmir,13430,501,653,32615,35235,1154,35235,7294.0,7495.0,7269.71,7430.83,2614.94778349,0.019140698396849842,0.0011897062786310197,7229.167142857143,0.031405089097976686,Sunday,True,False,43090.0
2020-01-06,atm35000183,Izmir,4770,631,672,40050,43090,1303,43090,7431.63,7614.95,7310.0,7525.46,4138.11820107,0.012734781982631782,0.041792354749798255,7272.294285714286,0.029143587117638526,Monday,False,False,40530.0
2020-01-07,atm35000183,Izmir,37675,550,589,36255,40530,1139,40530,7531.73,8134.95,7516.97,8050.0,13507.54693697,0.06970205143605845,0.1274857208485416,7402.325714285714,0.036201204585928716,Tuesday,False,False,
2020-01-01,atm35000184,Izmir,22090,545,674,32310,41440,1219,41440,7145.05,7237.35,7129.55,7225.58,1211.09527025,0.012017176999851609,0.008870365328362606,7270.584285714285,0.020341564637941383,Wednesday,False,True,39540.0
2020-01-02,atm35000184,Izmir,8495,518,613,32100,39540,1131,39540,7220.0,7224.75,6900.0,6953.17,2993.0241097,-0.03770077972979324,-0.05449860279169694,7213.330000000001,0.021516015367927903,Thursday,False,False,44995.0
2020-01-03,atm35000184,Izmir,3865,590,736,36815,44995,1326,44995,6956.64,7402.31,6853.53,7339.97,8452.87552534,0.05562930289350043,0.017669250595838237,7231.535714285715,0.03126689788469128,Friday,False,False,40995.0
2020-01-04,atm35000184,Izmir,36760,561,632,35415,40995,1193,40995,7339.97,7396.1,7247.73,7291.27,3605.74269447,-0.006634904502334504,-0.003472886609773851,7227.905714285715,0.030986226739449674,Saturday,True,False,38640.0
2020-01-05,atm35000184,Izmir,34145,593,607,40495,38640,1200,38640,7294.0,7495.0,7269.71,7430.83,2614.94778349,0.019140698396849842,0.0011897062786310197,7229.167142857143,0.031405089097976686,Sunday,True,False,42305.0
2020-01-06,atm35000184,Izmir,38290,662,674,42545,42305,1336,42305,7431.63,7614.95,7310.0,7525.46,4138.11820107,0.012734781982631782,0.041792354749798255,7272.294285714286,0.029143587117638526,Monday,False,False,38605.0
2020-01-07,atm35000184,Izmir,26615,578,576,33700,38605,1154,38605,7531.73,8134.95,7516.97,8050.0,13507.54693697,0.06970205143605845,0.1274857208485416,7402.325714285714,0.036201204585928716,Tuesday,False,False,
2020-01-01,atm35000185,Izmir,32820,548,558,34095,35385,1106,35385,7145.05,7237.35,7129.55,7225.58,1211.09527025,0.012017176999851609,0.008870365328362606,7270.584285714285,0.020341564637941383,Wednesday,False,True,42080.0
2020-01-02,atm35000185,Izmir,15885,528,618,33545,42080,1146,42080,7220.0,7224.75,6900.0,6953.17,2993.0241097,-0.03770077972979324,-0.05449860279169694,7213.330000000001,0.021516015367927903,Thursday,False,False,39160.0
2020-01-03,atm35000185,Izmir,10190,679,579,42115,39160,1258,39160,6956.64,7402.31,6853.53,7339.97,8452.87552534,0.05562930289350043,0.017669250595838237,7231.535714285715,0.03126689788469128,Friday,False,False,41500.0
2020-01-04,atm35000185,Izmir,41525,570,600,35655,41500,1170,41500,7339.97,7396.1,7247.73,7291.27,3605.74269447,-0.006634904502334504,-0.003472886609773851,7227.905714285715,0.030986226739449674,Saturday,True,False,41635.0
2020-01-05,atm35000185,Izmir,24350,437,662,27255,41635,1099,41635,7294.0,7495.0,7269.71,7430.83,2614.94778349,0.019140698396849842,0.0011897062786310197,7229.167142857143,0.031405089097976686,Sunday,True,False,38065.0
2020-01-06,atm35000185,Izmir,10820,526,570,32340,38065,1096,38065,7431.63,7614.95,7310.0,7525.46,4138.11820107,0.012734781982631782,0.041792354749798255,7272.294285714286,0.029143587117638526,Monday,False,False,37865.0
2020-01-07,atm35000185,Izmir,6165,609,623,37020,37865,1232,37865,7531.73,8134.95,7516.97,8050.0,13507.54693697,0.06970205143605845,0.1274857208485416,7402.325714285714,0.036201204585928716,Tuesday,False,False,
2020-01-01,atm35000186,Izmir,33465,698,655,42825,43975,1353,43975,7145.05,7237.35,7129.55,7225.58,1211.09527025,0.012017176999851609,0.008870365328362606,7270.584285714285,0.020341564637941383,Wednesday,False,True,35325.0
2020-01-02,atm35000186,Izmir,13125,455,577,27925,35325,1032,35325,7220.0,7224.75,6900.0,6953.17,2993.0241097,-0.03770077972979324,-0.05449860279169694,7213.330000000001,0.021516015367927903,Thursday,False,False,44220.0
2020-01-03,atm35000186,Izmir,31555,562,674,35975,44220,1236,44220,6956.64,7402.31,6853.53,7339.97,8452.87552534,0.05562930289350043,0.017669250595838237,7231.535714285715,0.03126689788469128,Friday,False,False,35990.0
2020-01-04,atm35000186,Izmir,25350,502,590,31755,35990,1092,35990,7339.97,7396.1,7247.73,7291.27,3605.74269447,-0.006634904502334504,-0.003472886609773851,7227.905714285715,0.030986226739449674,Saturday,True,False,36695.0
2020-01-05,atm35000186,Izmir,13770,532,606,32945,36695,1138,36695,7294.0,7495.0,7269.71,7430.83,2614.94778349,0.019140698396849842,0.0011897062786310197,7229.167142857143,0.031405089097976686,Sunday,True,False,34310.0
2020-01-06,atm35000186,Izmir,15635,539,593,36390,34310,1132,34310,7431.63,7614.95,7310.0,7525.46,4138.11820107,0.012734781982631782,0.041792354749798255,7272.294285714286,0.029143587117638526,Monday,False,False,42170.0
2020-01-07,atm35000186,Izmir,43210,549,622,35680,42170,1171,42170,7531.73,8134.95,7516.97,8050.0,13507.54693697,0.06970205143605845,0.1274857208485416,7402.325714285714,0.036201204585928716,Tuesday,False,False,
2020-01-01,atm35000187,Izmir,15700,507,679,33750,39400,1186,39400,7145.05,7237.35,7129.55,7225.58,1211.09527025,0.012017176999851609,0.008870365328362606,7270.584285714285,0.020341564637941383,Wednesday,False,True,45470.0
2020-01-02,atm35000187,Izmir,1605,573,720,37710,45470,1293,45470,7220.0,7224.75,6900.0,6953.17,2993.0241097,-0.03770077972979324,-0.05449860279169694,7213.330000000001,0.021516015367927903,Thursday,False,False,45265.0
2020-01-03,atm35000187,Izmir,23275,552,718,33635,45265,1270,45265,6956.64,7402.31,6853.53,7339.97,8452.87552534,0.05562930289350043,0.017669250595838237,7231.535714285715,0.03126689788469128,Friday,False,False,45240.0
2020-01-04,atm35000187,Izmir,935,586,706,36780,45240,1292,45240,7339.97,7396.1,7247.73,7291.27,3605.74269447,-0.006634904502334504,-0.003472886609773851,7227.905714285715,0.030986226739449674,Saturday,True,False,41230.0
2020-01-05,atm35000187,Izmir,28545,583,660,35675,41230,1243,41230,7294.0,7495.0,7269.71,7430.83,2614.94778349,0.019140698396849842,0.0011897062786310197,7229.167142857143,0.031405089097976686,Sunday,True,False,42995.0
2020-01-06,atm35000187,Izmir,13900,526,646,33635,42995,1172,42995,7431.63,7614.95,7310.0,7525.46,4138.11820107,0.012734781982631782,0.041792354749798255,7272.294285714286,0.029143587117638526,Monday,False,False,41595.0
2020-01-07,atm35000187,Izmir,7865,570,668,34580,41595,1238,41595,7531.73,8134.95,7516.97,8050.0,13507.54693697,0.06970205143605845,0.1274857208485416,7402.325714285714,0.036201204585928716,Tuesday,False,False,
2020-01-01,atm35000188,Izmir,41375,622,649,42215,38930,1271,38930,7145.05,7237.35,7129.55,7225.58,1211.09527025,0.012017176999851609,0.008870365328362606,7270.584285714285,0.020341564637941383,Wednesday,False,True,43065.0
2020-01-02,atm35000188,Izmir,21795,604,674,37085,43065,1278,43065,7220.0,7224.75,6900.0,6953.17,2993.0241097,-0.03770077972979324,-0.05449860279169694,7213.330000000001,0.021516015367927903,Thursday,False,False,44090.0
2020-01-03,atm35000188,Izmir,7935,660,651,39845,44090,1311,44090,6956.64,7402.31,6853.53,7339.97,8452.87552534,0.05562930289350043,0.017669250595838237,7231.535714285715,0.03126689788469128,Friday,False,False,40095.0
2020-01-04,atm35000188,Izmir,45070,524,648,36085,40095,1172,40095,7339.97,7396.1,7247.73,7291.27,3605.74269447,-0.006634904502334504,-0.003472886609773851,7227.905714285715,0.030986226739449674,Saturday,True,False,36925.0
2020-01-05,atm35000188,Izmir,37910,588,616,36455,36925,1204,36925,7294.0,7495.0,7269.71,7430.83,2614.94778349,0.019140698396849842,0.0011897062786310197,7229.167142857143,0.031405089097976686,Sunday,True,False,41790.0
2020-01-06,atm35000188,Izmir,28150,645,669,40480,41790,1314,41790,7431.63,7614.95,7310.0,7525.46,4138.11820107,0.012734781982631782,0.041792354749798255,7272.294285714286,0.029143587117638526,Monday,False,False,39450.0
2020-01-07,atm35000188,Izmir,11860,459,616,30560,39450,1075,39450,7531.73,8134.95,7516.97,8050.0,13507.54693697,0.06970205143605845,0.1274857208485416,7402.325714285714,0.036201204585928716,Tuesday,False,False,
2020-01-01,atm35000189,Izmir,45050,660,680,42720,43940,1340,43940,7145.05,7237.35,7129.55,7225.58,1211.09527025,0.012017176999851609,0.008870365328362606,7270.584285714285,0.020341564637941383,Wednesday,False,True,43505.0
2020-01-02,atm35000189,Izmir,24430,549,628,33695,43505,1177,43505,7220.0,7224.75,6900.0,6953.17,2993.0241097,-0.03770077972979324,-0.05449860279169694,7213.330000000001,0.021516015367927903,Thursday,False,False,44555.0
2020-01-03,atm35000189,Izmir,8595,534,676,33385,44555,1210,44555,6956.64,7402.31,6853.53,7339.97,8452.87552534,0.05562930289350043,0.017669250595838237,7231.535714285715,0.03126689788469128,Friday,False,False,35310.0
2020-01-04,atm35000189,Izmir,39175,613,602,38925,35310,1215,35310,7339.97,7396.1,7247.73,7291.27,3605.74269447,-0.006634904502334504,-0.003472886609773851,7227.905714285715,0.030986226739449674,Saturday,True,False,34360.0
2020-01-05,atm35000189,Izmir,37765,581,568,36610,34360,1149,34360,7294.0,7495.0,7269.71,7430.83,2614.94778349,0.019140698396849842,0.0011897062786310197,7229.167142857143,0.031405089097976686,Sunday,True,False,36225.0
2020-01-06,atm35000189,Izmir,27350,530,583,32190,36225,1113,36225,7431.63,7614.95,7310.0,7525.46,4138.11820107,0.012734781982631782,0.041792354749798255,7272.294285714286,0.029143587117638526,Monday,False,False,40450.0
2020-01-07,atm35000189,Izmir,18080,423,662,27275,40450,1085,40450,7531.73,8134.95,7516.97,8050.0,13507.54693697,0.06970205143605845,0.1274857208485416,7402.325714285714,0.036201204585928716,Tuesday,False,False,
2020-01-01,atm3500019,Izmir,18590,498,662,31120,46485,1160,46485,7145.05,7237.35,7129.55,7225.58,1211.09527025,0.012017176999851609,0.008870365328362606,7270.584285714285,0.020341564637941383,Wednesday,False,True,39435.0
2020-01-02,atm3500019,Izmir,10810,523,600,33665,39435,1123,39435,7220.0,7224.75,6900.0,6953.17,2993.0241097,-0.03770077972979324,-0.05449860279169694,7213.330000000001,0.021516015367927903,Thursday,False,False,43810.0
2020-01-03,atm3500019,Izmir,615,528,652,34515,43810,1180,43810,6956.64,7402.31,6853.53,7339.97,8452.87552534,0.05562930289350043,0.017669250595838237,7231.535714285715,0.03126689788469128,Friday,False,False,41955.0
2020-01-04,atm3500019,Izmir,35840,559,652,35985,41955,1211,41955,7339.97,7396.1,7247.73,7291.27,3605.74269447,-0.006634904502334504,-0.003472886609773851,7227.905714285715,0.030986226739449674,Saturday,True,False,41925.0
2020-01-05,atm3500019,Izmir,24465,569,624,37705,41925,1193,41925,7294.0,7495.0,7269.71,7430.83,2614.94778349,0.019140698396849842,0.0011897062786310197,7229.167142857143,0.031405089097976686,Sunday,True,False,43315.0
2020-01-06,atm3500019,Izmir,13825,598,690,36820,43315,1288,43315,7431.63,7614.95,7310.0,7525.46,4138.11820107,0.012734781982631782,0.041792354749798255,7272.294285714286,0.029143587117638526,Monday,False,False,37565.0
2020-01-07,atm3500019,Izmir,5450,550,597,35690,37565,1147,37565,7531.73,8134.95,7516.97,8050.0,13507.54693697,0.06970205143605845,0.1274857208485416,7402.325714285714,0.036201204585928716,Tuesday,False,False,
2020-01-01,atm35000190,Izmir,29150,624,648,41395,44075,1272,44075,7145.05,7237.35,7129.55,7225.58,1211.09527025,0.012017176999851609,0.008870365328362606,7270.584285714285,0.020341564637941383,Wednesday,False,True,39340.0
2020-01-02,atm35000190,Izmir,15915,563,642,34985,39340,1205,39340,7220.0,7224.75,6900.0,6953.17,2993.0241097,-0.03770077972979324,-0.05449860279169694,7213.330000000001,0.021516015367927903,Thursday,False,False,40655.0
2020-01-03,atm35000190,Izmir,6190,479,659,29995,40655,1138,40655,6956.64,7402.31,6853.53,7339.97,8452.87552534,0.05562930289350043,0.017669250595838237,7231.535714285715,0.03126689788469128,Friday,False,False,41350.0
2020-01-04,atm35000190,Izmir,8665,664,632,42050,41350,1296,41350,7339.97,7396.1,7247.73,7291.27,3605.74269447,-0.006634904502334504,-0.003472886609773851,7227.905714285715,0.030986226739449674,Saturday,True,False,42425.0
2020-01-05,atm35000190,Izmir,32530,469,684,32990,42425,1153,42425,7294.0,7495.0,7269.71,7430.83,2614.94778349,0.019140698396849842,0.0011897062786310197,7229.167142857143,0.031405089097976686,Sunday,True,False,41700.0
2020-01-06,atm35000190,Izmir,20715,518,590,32855,41700,1108,41700,7431.63,7614.95,7310.0,7525.46,4138.11820107,0.012734781982631782,0.041792354749798255,7272.294285714286,0.029143587117638526,Monday,False,False,39645.0
2020-01-07,atm35000190,Izmir,14985,561,625,38415,39645,1186,39645,7531.73,8134.95,7516.97,8050.0,13507.54693697,0.06970205143605845,0.1274857208485416,7402.325714285714,0.036201204585928716,Tuesday,False,False,
2020-01-01,atm35000191,Izmir,34550,544,644,35020,39580,1188,39580,7145.05,7237.35,7129.55,7225.58,1211.09527025,0.012017176999851609,0.008870365328362606,7270.584285714285,0.020341564637941383,Wednesday,False,True,37275.0
2020-01-02,atm35000191,Izmir,21540,539,564,36425,37275,1103,37275,7220.0,7224.75,6900.0,6953.17,2993.0241097,-0.03770077972979324,-0.05449860279169694,7213.330000000001,0.021516015367927903,Thursday,False,False,40010.0
2020-01-03,atm35000191,Izmir,12205,493,634,30930,40010,1127,40010,6956.64,7402.31,6853.53,7339.97,8452.87552534,0.05562930289350043,0.017669250595838237,7231.535714285715,0.03126689788469128,Friday,False,False,47440.0
2020-01-04,atm35000191,Izmir,29595,555,714,36470,47440,1269,47440,7339.97,7396.1,7247.73,7291.27,3605.74269447,-0.006634904502334504,-0.003472886609773851,7227.905714285715,0.030986226739449674,Saturday,True,False,39155.0
2020-01-05,atm35000191,Izmir,26935,657,578,46430,39155,1235,39155,7294.0,7495.0,7269.71,7430.83,2614.94778349,0.019140698396849842,0.0011897062786310197,7229.167142857143,0.031405089097976686,Sunday,True,False,39670.0
2020-01-06,atm35000191,Izmir,12965,592,582,36930,39670,1174,39670,7431.63,7614.95,7310.0,7525.46,4138.11820107,0.012734781982631782,0.041792354749798255,7272.294285714286,0.029143587117638526,Monday,False,False,44180.0
2020-01-07,atm35000191,Izmir,37455,574,668,37660,44180,1242,44180,7531.73,8134.95,7516.97,8050.0,13507.54693697,0.06970205143605845,0.1274857208485416,7402.325714285714,0.036201204585928716,Tuesday,False,False,
2020-01-01,atm35000192,Izmir,42375,623,658,42105,40985,1281,40985,7145.05,7237.35,7129.55,7225.58,1211.09527025,0.012017176999851609,0.008870365328362606,7270.584285714285,0.020341564637941383,Wednesday,False,True,44015.0
2020-01-02,atm35000192,Izmir,31855,623,705,38765,44015,1328,44015,7220.0,7224.75,6900.0,6953.17,2993.0241097,-0.03770077972979324,-0.05449860279169694,7213.330000000001,0.021516015367927903,Thursday,False,False,42725.0
2020-01-03,atm35000192,Izmir,19355,480,696,32410,42725,1176,42725,6956.64,7402.31,6853.53,7339.97,8452.87552534,0.05562930289350043,0.017669250595838237,7231.535714285715,0.03126689788469128,Friday,False,False,43180.0
2020-01-04,atm35000192,Izmir,39825,522,636,33580,43180,1158,43180,7339.97,7396.1,7247.73,7291.27,3605.74269447,-0.006634904502334504,-0.003472886609773851,7227.905714285715,0.030986226739449674,Saturday,True,False,42935.0
2020-01-05,atm35000192,Izmir,21460,519,660,29785,42935,1179,42935,7294.0,7495.0,7269.71,7430.83,2614.94778349,0.019140698396849842,0.0011897062786310197,7229.167142857143,0.031405089097976686,Sunday,True,False,35130.0
2020-01-06,atm35000192,Izmir,13745,430,561,29055,35130,991,35130,7431.63,7614.95,7310.0,7525.46,4138.11820107,0.012734781982631782,0.041792354749798255,7272.294285714286,0.029143587117638526,Monday,False,False,47820.0
2020-01-07,atm35000192,Izmir,32380,562,709,31425,47820,1271,47820,7531.73,8134.95,7516.97,8050.0,13507.54693697,0.06970205143605845,0.1274857208485416,7402.325714285714,0.036201204585928716,Tuesday,False,False,
2020-01-01,atm35000193,Izmir,41990,692,701,44800,44865,1393,44865,7145.05,7237.35,7129.55,7225.58,1211.09527025,0.012017176999851609,0.008870365328362606,7270.584285714285,0.020341564637941383,Wednesday,False,True,33615.0
2020-01-02,atm35000193,Izmir,36760,588,550,38425,33615,1138,33615,7220.0,7224.75,6900.0,6953.17,2993.0241097,-0.03770077972979324,-0.05449860279169694,7213.330000000001,0.021516015367927903,Thursday,False,False,35680.0
2020-01-03,atm35000193,Izmir,30615,541,590,36110,35680,1131,35680,6956.64,7402.31,6853.53,7339.97,8452.87552534,0.05562930289350043,0.017669250595838237,7231.535714285715,0.03126689788469128,Friday,False,False,41965.0
2020-01-04,atm35000193,Izmir,14910,520,684,33895,41965,1204,41965,7339.97,7396.1,7247.73,7291.27,3605.74269447,-0.006634904502334504,-0.003472886609773851,7227.905714285715,0.030986226739449674,Saturday,True,False,44395.0
2020-01-05,atm35000193,Izmir,41650,597,660,35990,44395,1257,44395,7294.0,7495.0,7269.71,7430.83,2614.94778349,0.019140698396849842,0.0011897062786310197,7229.167142857143,0.031405089097976686,Sunday,True,False,39395.0
2020-01-06,atm35000193,Izmir,47650,670,608,45055,39395,1278,39395,7431.63,7614.95,7310.0,7525.46,4138.11820107,0.012734781982631782,0.041792354749798255,7272.294285714286,0.029143587117638526,Monday,False,False,37440.0
2020-01-07,atm35000193,Izmir,38870,676,580,41405,37440,1256,37440,7531.73,8134.95,7516.97,8050.0,13507.54693697,0.06970205143605845,0.1274857208485416,7402.325714285714,0.036201204585928716,Tuesday,False,False,
2020-01-01,atm35000194,Izmir,31245,605,662,38525,43395,1267,43395,7145.05,7237.35,7129.55,7225.58,1211.09527025,0.012017176999851609,0.008870365328362606,7270.584285714285,0.020341564637941383,Wednesday,False,True,38980.0
2020-01-02,atm35000194,Izmir,23040,564,623,34425,38980,1187,38980,7220.0,7224.75,6900.0,6953.17,2993.0241097,-0.03770077972979324,-0.05449860279169694,7213.330000000001,0.021516015367927903,Thursday,False,False,38185.0
2020-01-03,atm35000194,Izmir,14845,581,614,41430,38185,1195,38185,6956.64,7402.31,6853.53,7339.97,8452.87552534,0.05562930289350043,0.017669250595838237,7231.535714285715,0.03126689788469128,Friday,False,False,35785.0
2020-01-04,atm35000194,Izmir,22805,586,582,39675,35785,1168,35785,7339.97,7396.1,7247.73,7291.27,3605.74269447,-0.006634904502334504,-0.003472886609773851,7227.905714285715,0.030986226739449674,Saturday,True,False,40395.0
2020-01-05,atm35000194,Izmir,21565,519,670,35445,40395,1189,40395,7294.0,7495.0,7269.71,7430.83,2614.94778349,0.019140698396849842,0.0011897062786310197,7229.167142857143,0.031405089097976686,Sunday,True,False,41125.0
2020-01-06,atm35000194,Izmir,2920,455,608,29180,41125,1063,41125,7431.63,7614.95,7310.0,7525.46,4138.11820107,0.012734781982631782,0.041792354749798255,7272.294285714286,0.029143587117638526,Monday,False,False,37555.0
2020-01-07,atm35000194,Izmir,27810,436,558,26670,37555,994,37555,7531.73,8134.95,7516.97,8050.0,13507.54693697,0.06970205143605845,0.1274857208485416,7402.325714285714,0.036201204585928716,Tuesday,False,False,
2020-01-01,atm35000195,Izmir,37120,620,689,39775,42630,1309,42630,7145.05,7237.35,7129.55,7225.58,1211.09527025,0.012017176999851609,0.008870365328362606,7270.584285714285,0.020341564637941383,Wednesday,False,True,39085.0
2020-01-02,atm35000195,Izmir,21835,613,624,35770,39085,1237,39085,7220.0,7224.75,6900.0,6953.17,2993.0241097,-0.03770077972979324,-0.05449860279169694,7213.330000000001,0.021516015367927903,Thursday,False,False,43500.0
2020-01-03,atm35000195,Izmir,30040,691,666,45230,43500,1357,43500,6956.64,7402.31,6853.53,7339.97,8452.87552534,0.05562930289350043,0.017669250595838237,7231.535714285715,0.03126689788469128,Friday,False,False,42545.0
2020-01-04,atm35000195,Izmir,31535,552,622,34370,42545,1174,42545,7339.97,7396.1,7247.73,7291.27,3605.74269447,-0.006634904502334504,-0.003472886609773851,7227.905714285715,0.030986226739449674,Saturday,True,False,43300.0
2020-01-05,atm35000195,Izmir,27215,524,654,35470,43300,1178,43300,7294.0,7495.0,7269.71,7430.83,2614.94778349,0.019140698396849842,0.0011897062786310197,7229.167142857143,0.031405089097976686,Sunday,True,False,44095.0
2020-01-06,atm35000195,Izmir,14180,589,698,38605,44095,1287,44095,7431.63,7614.95,7310.0,7525.46,4138.11820107,0.012734781982631782,0.041792354749798255,7272.294285714286,0.029143587117638526,Monday,False,False,44300.0
2020-01-07,atm35000195,Izmir,11815,631,704,39710,44300,1335,44300,7531.73,8134.95,7516.97,8050.0,13507.54693697,0.06970205143605845,0.1274857208485416,7402.325714285714,0.036201204585928716,Tuesday,False,False,
2020-01-01,atm35000196,Izmir,16755,619,660,39445,44290,1279,44290,7145.05,7237.35,7129.55,7225.58,1211.09527025,0.012017176999851609,0.008870365328362606,7270.584285714285,0.020341564637941383,Wednesday,False,True,42585.0
2020-01-02,atm35000196,Izmir,10975,443,688,29360,42585,1131,42585,7220.0,7224.75,6900.0,6953.17,2993.0241097,-0.03770077972979324,-0.05449860279169694,7213.330000000001,0.021516015367927903,Thursday,False,False,36195.0
2020-01-03,atm35000196,Izmir,22480,681,610,44970,36195,1291,36195,6956.64,7402.31,6853.53,7339.97,8452.87552534,0.05562930289350043,0.017669250595838237,7231.535714285715,0.03126689788469128,Friday,False,False,37440.0
2020-01-04,atm35000196,Izmir,11810,539,573,33465,37440,1112,37440,7339.97,7396.1,7247.73,7291.27,3605.74269447,-0.006634904502334504,-0.003472886609773851,7227.905714285715,0.030986226739449674,Saturday,True,False,41740.0
2020-01-05,atm35000196,Izmir,33645,630,651,40260,41740,1281,41740,7294.0,7495.0,7269.71,7430.83,2614.94778349,0.019140698396849842,0.0011897062786310197,7229.167142857143,0.031405089097976686,Sunday,True,False,36045.0
2020-01-06,atm35000196,Izmir,31940,525,564,36040,36045,1089,36045,7431.63,7614.95,7310.0,7525.46,4138.11820107,0.012734781982631782,0.041792354749798255,7272.294285714286,0.029143587117638526,Monday,False,False,42280.0
2020-01-07,atm35000196,Izmir,12910,549,660,35770,42280,1209,42280,7531.73,8134.95,7516.97,8050.0,13507.54693697,0.06970205143605845,0.1274857208485416,7402.325714285714,0.036201204585928716,Tuesday,False,False,
2020-01-01,atm35000197,Izmir,38540,672,573,43410,39225,1245,39225,7145.05,7237.35,7129.55,7225.58,1211.09527025,0.012017176999851609,0.008870365328362606,7270.584285714285,0.020341564637941383,Wednesday,False,True,44150.0
2020-01-02,atm35000197,Izmir,25740,635,694,39945,44150,1329,44150,7220.0,7224.75,6900.0,6953.17,2993.0241097,-0.03770077972979324,-0.05449860279169694,7213.330000000001,0.021516015367927903,Thursday,False,False,39060.0
2020-01-03,atm35000197,Izmir,10060,566,670,35060,39060,1236,39060,6956.64,7402.31,6853.53,7339.97,8452.87552534,0.05562930289350043,0.017669250595838237,7231.535714285715,0.03126689788469128,Friday,False,False,43635.0
2020-01-04,atm35000197,Izmir,4660,544,660,36930,43635,1204,43635,7339.97,7396.1,7247.73,7291.27,3605.74269447,-0.006634904502334504,-0.003472886609773851,7227.905714285715,0.030986226739449674,Saturday,True,False,41925.0
2020-01-05,atm35000197,Izmir,34175,511,610,33015,41925,1121,41925,7294.0,7495.0,7269.71,7430.83,2614.94778349,0.019140698396849842,0.0011897062786310197,7229.167142857143,0.031405089097976686,Sunday,True,False,47575.0
2020-01-06,atm35000197,Izmir,15335,485,733,29415,47575,1218,47575,7431.63,7614.95,7310.0,7525.46,4138.11820107,0.012734781982631782,0.041792354749798255,7272.294285714286,0.029143587117638526,Monday,False,False,40075.0
2020-01-07,atm35000197,Izmir,35045,517,587,30070,40075,1104,40075,7531.73,8134.95,7516.97,8050.0,13507.54693697,0.06970205143605845,0.1274857208485416,7402.325714285714,0.036201204585928716,Tuesday,False,False,
2020-01-01,atm35000198,Izmir,20605,464,695,29885,45245,1159,45245,7145.05,7237.35,7129.55,7225.58,1211.09527025,0.012017176999851609,0.008870365328362606,7270.584285714285,0.020341564637941383,Wednesday,False,True,44785.0
2020-01-02,atm35000198,Izmir,15300,635,701,39940,44785,1336,44785,7220.0,7224.75,6900.0,6953.17,2993.0241097,-0.03770077972979324,-0.05449860279169694,7213.330000000001,0.021516015367927903,Thursday,False,False,43340.0
2020-01-03,atm35000198,Izmir,3150,570,655,34175,43340,1225,43340,6956.64,7402.31,6853.53,7339.97,8452.87552534,0.05562930289350043,0.017669250595838237,7231.535714285715,0.03126689788469128,Friday,False,False,42090.0
2020-01-04,atm35000198,Izmir,24545,575,631,38550,42090,1206,42090,7339.97,7396.1,7247.73,7291.27,3605.74269447,-0.006634904502334504,-0.003472886609773851,7227.905714285715,0.030986226739449674,Saturday,True,False,43135.0
2020-01-05,atm35000198,Izmir,39650,477,635,29070,43135,1112,43135,7294.0,7495.0,7269.71,7430.83,2614.94778349,0.019140698396849842,0.0011897062786310197,7229.167142857143,0.031405089097976686,Sunday,True,False,41350.0
2020-01-06,atm35000198,Izmir,30710,536,641,34145,41350,1177,41350,7431.63,7614.95,7310.0,7525.46,4138.11820107,0.012734781982631782,0.041792354749798255,7272.294285714286,0.029143587117638526,Monday,False,False,35575.0
2020-01-07,atm35000198,Izmir,24325,595,550,37265,35575,1145,35575,7531.73,8134.95,7516.97,8050.0,13507.54693697,0.06970205143605845,0.1274857208485416,7402.325714285714,0.036201204585928716,Tuesday,False,False,
2020-01-01,atm35000199,Izmir,26400,574,634,33505,40955,1208,40955,7145.05,7237.35,7129.55,7225.58,1211.09527025,0.012017176999851609,0.008870365328362606,7270.584285714285,0.020341564637941383,Wednesday,False,True,36890.0
2020-01-02,atm35000199,Izmir,19050,640,592,41930,36890,1232,36890,7220.0,7224.75,6900.0,6953.17,2993.0241097,-0.03770077972979324,-0.05449860279169694,7213.330000000001,0.021516015367927903,Thursday,False,False,39735.0
2020-01-03,atm35000199,Izmir,5390,552,641,34265,39735,1193,39735,6956.64,7402.31,6853.53,7339.97,8452.87552534,0.05562930289350043,0.017669250595838237,7231.535714285715,0.03126689788469128,Friday,False,False,42750.0
2020-01-04,atm35000199,Izmir,3875,601,657,41270,42750,1258,42750,7339.97,7396.1,7247.73,7291.27,3605.74269447,-0.006634904502334504,-0.003472886609773851,7227.905714285715,0.030986226739449674,Saturday,True,False,40710.0
2020-01-05,atm35000199,Izmir,39905,638,634,39025,40710,1272,40710,7294.0,7495.0,7269.71,7430.83,2614.94778349,0.019140698396849842,0.0011897062786310197,7229.167142857143,0.031405089097976686,Sunday,True,False,40355.0
2020-01-06,atm35000199,Izmir,27060,567,672,35205,40355,1239,40355,7431.63,7614.95,7310.0,7525.46,4138.11820107,0.012734781982631782,0.041792354749798255,7272.294285714286,0.029143587117638526,Monday,False,False,39420.0
2020-01-07,atm35000199,Izmir,25265,634,600,39175,39420,1234,39420,7531.73,8134.95,7516.97,8050.0,13507.54693697,0.06970205143605845,0.1274857208485416,7402.325714285714,0.036201204585928716,Tuesday,False,False,
2020-01-01,atm350002,Izmir,33360,613,616,40450,43575,1229,43575,7145.05,7237.35,7129.55,7225.58,1211.09527025,0.012017176999851609,0.008870365328362606,7270.584285714285,0.020341564637941383,Wednesday,False,True,32420.0
2020-01-02,atm350002,Izmir,35350,569,540,35720,32420,1109,32420,7220.0,7224.75,6900.0,6953.17,2993.0241097,-0.03770077972979324,-0.05449860279169694,7213.330000000001,0.021516015367927903,Thursday,False,False,47095.0
2020-01-03,atm350002,Izmir,17500,493,693,31995,47095,1186,47095,6956.64,7402.31,6853.53,7339.97,8452.87552534,0.05562930289350043,0.017669250595838237,7231.535714285715,0.03126689788469128,Friday,False,False,42015.0
2020-01-04,atm350002,Izmir,6470,521,669,35030,42015,1190,42015,7339.97,7396.1,7247.73,7291.27,3605.74269447,-0.006634904502334504,-0.003472886609773851,7227.905714285715,0.030986226739449674,Saturday,True,False,40995.0
2020-01-05,atm350002,Izmir,35075,567,641,39080,40995,1208,40995,7294.0,7495.0,7269.71,7430.83,2614.94778349,0.019140698396849842,0.0011897062786310197,7229.167142857143,0.031405089097976686,Sunday,True,False,39160.0
2020-01-06,atm350002,Izmir,23175,585,611,40175,39160,1196,39160,7431.63,7614.95,7310.0,7525.46,4138.11820107,0.012734781982631782,0.041792354749798255,7272.294285714286,0.029143587117638526,Monday,False,False,39440.0
2020-01-07,atm350002,Izmir,27105,682,656,40850,39440,1338,39440,7531.73,8134.95,7516.97,8050.0,13507.54693697,0.06970205143605845,0.1274857208485416,7402.325714285714,0.036201204585928716,Tuesday,False,False,
2020-01-01,atm3500020,Izmir,26120,613,635,38980,41850,1248,41850,7145.05,7237.35,7129.55,7225.58,1211.09527025,0.012017176999851609,0.008870365328362606,7270.584285714285,0.020341564637941383,Wednesday,False,True,43715.0
2020-01-02,atm3500020,Izmir,4125,583,623,35185,43715,1206,43715,7220.0,7224.75,6900.0,6953.17,2993.0241097,-0.03770077972979324,-0.05449860279169694,7213.330000000001,0.021516015367927903,Thursday,False,False,40080.0
2020-01-03,atm3500020,Izmir,2940,647,617,40715,40080,1264,40080,6956.64,7402.31,6853.53,7339.97,8452.87552534,0.05562930289350043,0.017669250595838237,7231.535714285715,0.03126689788469128,Friday,False,False,40585.0
2020-01-04,atm3500020,Izmir,22060,445,643,27070,40585,1088,40585,7339.97,7396.1,7247.73,7291.27,3605.74269447,-0.006634904502334504,-0.003472886609773851,7227.905714285715,0.030986226739449674,Saturday,True,False,36695.0
2020-01-05,atm3500020,Izmir,14350,470,561,29445,36695,1031,36695,7294.0,7495.0,7269.71,7430.83,2614.94778349,0.019140698396849842,0.0011897062786310197,7229.167142857143,0.031405089097976686,Sunday,True,False,44920.0
2020-01-06,atm3500020,Izmir,39620,557,680,37580,44920,1237,44920,7431.63,7614.95,7310.0,7525.46,4138.11820107,0.012734781982631782,0.041792354749798255,7272.294285714286,0.029143587117638526,Monday,False,False,43915.0
2020-01-07,atm3500020,Izmir,24355,514,684,30280,43915,1198,43915,7531.73,8134.95,7516.97,8050.0,13507.54693697,0.06970205143605845,0.1274857208485416,7402.325714285714,0.036201204585928716,Tuesday,False,False,
2020-01-01,atm35000200,Izmir,25370,491,682,31105,43235,1173,43235,7145.05,7237.35,7129.55,7225.58,1211.09527025,0.012017176999851609,0.008870365328362606,7270.584285714285,0.020341564637941383,Wednesday,False,True,43470.0
2020-01-02,atm35000200,Izmir,14670,506,709,31750,43470,1215,43470,7220.0,7224.75,6900.0,6953.17,2993.0241097,-0.03770077972979324,-0.05449860279169694,7213.330000000001,0.021516015367927903,Thursday,False,False,42145.0
2020-01-03,atm35000200,Izmir,1095,576,645,36780,42145,1221,42145,6956.64,7402.31,6853.53,7339.97,8452.87552534,0.05562930289350043,0.017669250595838237,7231.535714285715,0.03126689788469128,Friday,False,False,46310.0
2020-01-04,atm35000200,Izmir,23325,470,702,28735,46310,1172,46310,7339.97,7396.1,7247.73,7291.27,3605.74269447,-0.006634904502334504,-0.003472886609773851,7227.905714285715,0.030986226739449674,Saturday,True,False,40230.0
2020-01-05,atm35000200,Izmir,12885,587,645,37825,40230,1232,40230,7294.0,7495.0,7269.71,7430.83,2614.94778349,0.019140698396849842,0.0011897062786310197,7229.167142857143,0.031405089097976686,Sunday,True,False,38835.0
2020-01-06,atm35000200,Izmir,10305,623,614,40130,38835,1237,38835,7431.63,7614.95,7310.0,7525.46,4138.11820107,0.012734781982631782,0.041792354749798255,7272.294285714286,0.029143587117638526,Monday,False,False,41735.0
2020-01-07,atm35000200,Izmir,39200,585,640,37205,41735,1225,41735,7531.73,8134.95,7516.97,8050.0,13507.54693697,0.06970205143605845,0.1274857208485416,7402.325714285714,0.036201204585928716,Tuesday,False,False,
2020-01-01,atm35000201,Izmir,36140,584,616,37540,38765,1200,38765,7145.05,7237.35,7129.55,7225.58,1211.09527025,0.012017176999851609,0.008870365328362606,7270.584285714285,0.020341564637941383,Wednesday,False,True,38060.0
2020-01-02,atm35000201,Izmir,20265,549,608,35575,38060,1157,38060,7220.0,7224.75,6900.0,6953.17,2993.0241097,-0.03770077972979324,-0.05449860279169694,7213.330000000001,0.021516015367927903,Thursday,False,False,43480.0
2020-01-03,atm35000201,Izmir,36735,574,644,38600,43480,1218,43480,6956.64,7402.31,6853.53,7339.97,8452.87552534,0.05562930289350043,0.017669250595838237,7231.535714285715,0.03126689788469128,Friday,False,False,41585.0
2020-01-04,atm35000201,Izmir,21545,606,649,38495,41585,1255,41585,7339.97,7396.1,7247.73,7291.27,3605.74269447,-0.006634904502334504,-0.003472886609773851,7227.905714285715,0.030986226739449674,Saturday,True,False,44185.0
2020-01-05,atm35000201,Izmir,7000,589,670,37700,44185,1259,44185,7294.0,7495.0,7269.71,7430.83,2614.94778349,0.019140698396849842,0.0011897062786310197,7229.167142857143,0.031405089097976686,Sunday,True,False,45290.0
2020-01-06,atm35000201,Izmir,20195,486,680,33155,45290,1166,45290,7431.63,7614.95,7310.0,7525.46,4138.11820107,0.012734781982631782,0.041792354749798255,7272.294285714286,0.029143587117638526,Monday,False,False,44130.0
2020-01-07,atm35000201,Izmir,3485,513,708,32645,44130,1221,44130,7531.73,8134.95,7516.97,8050.0,13507.54693697,0.06970205143605845,0.1274857208485416,7402.325714285714,0.036201204585928716,Tuesday,False,False,
2020-01-01,atm35000202,Izmir,31590,505,569,34450,37790,1074,37790,7145.05,7237.35,7129.55,7225.58,1211.09527025,0.012017176999851609,0.008870365328362606,7270.584285714285,0.020341564637941383,Wednesday,False,True,48860.0
2020-01-02,atm35000202,Izmir,18910,545,751,35710,48860,1296,48860,7220.0,7224.75,6900.0,6953.17,2993.0241097,-0.03770077972979324,-0.05449860279169694,7213.330000000001,0.021516015367927903,Thursday,False,False,40080.0
2020-01-03,atm35000202,Izmir,15405,566,614,36950,40080,1180,40080,6956.64,7402.31,6853.53,7339.97,8452.87552534,0.05562930289350043,0.017669250595838237,7231.535714285715,0.03126689788469128,Friday,False,False,44365.0
2020-01-04,atm35000202,Izmir,9215,667,677,44025,44365,1344,44365,7339.97,7396.1,7247.73,7291.27,3605.74269447,-0.006634904502334504,-0.003472886609773851,7227.905714285715,0.030986226739449674,Saturday,True,False,45135.0
2020-01-05,atm35000202,Izmir,43520,545,705,37145,45135,1250,45135,7294.0,7495.0,7269.71,7430.83,2614.94778349,0.019140698396849842,0.0011897062786310197,7229.167142857143,0.031405089097976686,Sunday,True,False,35005.0
2020-01-06,atm35000202,Izmir,33765,537,575,33100,35005,1112,35005,7431.63,7614.95,7310.0,7525.46,4138.11820107,0.012734781982631782,0.041792354749798255,7272.294285714286,0.029143587117638526,Monday,False,False,37840.0
2020-01-07,atm35000202,Izmir,17990,550,603,31050,37840,1153,37840,7531.73,8134.95,7516.97,8050.0,13507.54693697,0.06970205143605845,0.1274857208485416,7402.325714285714,0.036201204585928716,Tuesday,False,False,
2020-01-01,atm35000203,Izmir,10580,602,764,37270,50990,1366,50990,7145.05,7237.35,7129.55,7225.58,1211.09527025,0.012017176999851609,0.008870365328362606,7270.584285714285,0.020341564637941383,Wednesday,False,True,40345.0
2020-01-02,atm35000203,Izmir,10275,662,662,45505,40345,1324,40345,7220.0,7224.75,6900.0,6953.17,2993.0241097,-0.03770077972979324,-0.05449860279169694,7213.330000000001,0.021516015367927903,Thursday,False,False,36855.0
2020-01-03,atm35000203,Izmir,11340,594,594,36790,36855,1188,36855,6956.64,7402.31,6853.53,7339.97,8452.87552534,0.05562930289350043,0.017669250595838237,7231.535714285715,0.03126689788469128,Friday,False,False,50125.0
2020-01-04,atm35000203,Izmir,31150,532,741,35955,50125,1273,50125,7339.97,7396.1,7247.73,7291.27,3605.74269447,-0.006634904502334504,-0.003472886609773851,7227.905714285715,0.030986226739449674,Saturday,True,False,41110.0
2020-01-05,atm35000203,Izmir,10635,474,598,28105,41110,1072,41110,7294.0,7495.0,7269.71,7430.83,2614.94778349,0.019140698396849842,0.0011897062786310197,7229.167142857143,0.031405089097976686,Sunday,True,False,39960.0
2020-01-06,atm35000203,Izmir,42460,573,613,36675,39960,1186,39960,7431.63,7614.95,7310.0,7525.46,4138.11820107,0.012734781982631782,0.041792354749798255,7272.294285714286,0.029143587117638526,Monday,False,False,46570.0
2020-01-07,atm35000203,Izmir,36005,604,710,37510,46570,1314,46570,7531.73,8134.95,7516.97,8050.0,13507.54693697,0.06970205143605845,0.1274857208485416,7402.325714285714,0.036201204585928716,Tuesday,False,False,
2020-01-01,atm35000204,Izmir,28840,557,662,34225,41915,1219,41915,7145.05,7237.35,7129.55,7225.58,1211.09527025,0.012017176999851609,0.008870365328362606,7270.584285714285,0.020341564637941383,Wednesday,False,True,38640.0
2020-01-02,atm35000204,Izmir,23690,594,623,40745,38640,1217,38640,7220.0,7224.75,6900.0,6953.17,2993.0241097,-0.03770077972979324,-0.05449860279169694,7213.330000000001,0.021516015367927903,Thursday,False,False,44705.0
2020-01-03,atm35000204,Izmir,12670,496,670,32025,44705,1166,44705,6956.64,7402.31,6853.53,7339.97,8452.87552534,0.05562930289350043,0.017669250595838237,7231.535714285715,0.03126689788469128,Friday,False,False,34670.0
2020-01-04,atm35000204,Izmir,7910,517,601,35835,34670,1118,34670,7339.97,7396.1,7247.73,7291.27,3605.74269447,-0.006634904502334504,-0.003472886609773851,7227.905714285715,0.030986226739449674,Saturday,True,False,44415.0
2020-01-05,atm35000204,Izmir,32615,514,649,33060,44415,1163,44415,7294.0,7495.0,7269.71,7430.83,2614.94778349,0.019140698396849842,0.0011897062786310197,7229.167142857143,0.031405089097976686,Sunday,True,False,39120.0
2020-01-06,atm35000204,Izmir,41580,656,610,43130,39120,1266,39120,7431.63,7614.95,7310.0,7525.46,4138.11820107,0.012734781982631782,0.041792354749798255,7272.294285714286,0.029143587117638526,Monday,False,False,43865.0
2020-01-07,atm35000204,Izmir,17615,555,644,35100,43865,1199,43865,7531.73,8134.95,7516.97,8050.0,13507.54693697,0.06970205143605845,0.1274857208485416,7402.325714285714,0.036201204585928716,Tuesday,False,False,
2020-01-01,atm35000205,Izmir,40150,643,711,39660,44400,1354,44400,7145.05,7237.35,7129.55,7225.58,1211.09527025,0.012017176999851609,0.008870365328362606,7270.584285714285,0.020341564637941383,Wednesday,False,True,43410.0
2020-01-02,atm35000205,Izmir,32970,567,662,38775,43410,1229,43410,7220.0,7224.75,6900.0,6953.17,2993.0241097,-0.03770077972979324,-0.05449860279169694,7213.330000000001,0.021516015367927903,Thursday,False,False,44450.0
2020-01-03,atm35000205,Izmir,19555,613,636,40910,44450,1249,44450,6956.64,7402.31,6853.53,7339.97,8452.87552534,0.05562930289350043,0.017669250595838237,7231.535714285715,0.03126689788469128,Friday,False,False,42315.0
2020-01-04,atm35000205,Izmir,9465,515,675,32845,42315,1190,42315,7339.97,7396.1,7247.73,7291.27,3605.74269447,-0.006634904502334504,-0.003472886609773851,7227.905714285715,0.030986226739449674,Saturday,True,False,41050.0
2020-01-05,atm35000205,Izmir,33565,567,618,36260,41050,1185,41050,7294.0,7495.0,7269.71,7430.83,2614.94778349,0.019140698396849842,0.0011897062786310197,7229.167142857143,0.031405089097976686,Sunday,True,False,36620.0
2020-01-06,atm35000205,Izmir,30525,530,635,32240,36620,1165,36620,7431.63,7614.95,7310.0,7525.46,4138.11820107,0.012734781982631782,0.041792354749798255,7272.294285714286,0.029143587117638526,Monday,False,False,41960.0
2020-01-07,atm35000205,Izmir,17415,475,663,32875,41960,1138,41960,7531.73,8134.95,7516.97,8050.0,13507.54693697,0.06970205143605845,0.1274857208485416,7402.325714285714,0.036201204585928716,Tuesday,False,False,
2020-01-01,atm35000206,Izmir,20615,994,1062,60675,64985,2056,64985,7145.05,7237.35,7129.55,7225.58,1211.09527025,0.012017176999851609,0.008870365328362606,7270.584285714285,0.020341564637941383,Wednesday,False,True,71550.0
2020-01-02,atm35000206,Izmir,5825,957,1080,64715,71550,2037,71550,7220.0,7224.75,6900.0,6953.17,2993.0241097,-0.03770077972979324,-0.05449860279169694,7213.330000000001,0.021516015367927903,Thursday,False,False,67610.0
2020-01-03,atm35000206,Izmir,37585,979,1073,63760,67610,2052,67610,6956.64,7402.31,6853.53,7339.97,8452.87552534,0.05562930289350043,0.017669250595838237,7231.535714285715,0.03126689788469128,Friday,False,False,72775.0
2020-01-04,atm35000206,Izmir,18875,991,1095,63720,72775,2086,72775,7339.97,7396.1,7247.73,7291.27,3605.74269447,-0.006634904502334504,-0.003472886609773851,7227.905714285715,0.030986226739449674,Saturday,True,False,66875.0
2020-01-05,atm35000206,Izmir,5985,976,1068,63245,66875,2044,66875,7294.0,7495.0,7269.71,7430.83,2614.94778349,0.019140698396849842,0.0011897062786310197,7229.167142857143,0.031405089097976686,Sunday,True,False,68185.0
2020-01-06,atm35000206,Izmir,4880,1000,1082,63985,68185,2082,68185,7431.63,7614.95,7310.0,7525.46,4138.11820107,0.012734781982631782,0.041792354749798255,7272.294285714286,0.029143587117638526,Monday,False,False,69630.0
2020-01-07,atm35000206,Izmir,20735,932,1102,55940,69630,2034,69630,7531.73,8134.95,7516.97,8050.0,13507.54693697,0.06970205143605845,0.1274857208485416,7402.325714285714,0.036201204585928716,Tuesday,False,False,
2020-01-01,atm35000207,Izmir,35650,636,597,40870,39980,1233,39980,7145.05,7237.35,7129.55,7225.58,1211.09527025,0.012017176999851609,0.008870365328362606,7270.584285714285,0.020341564637941383,Wednesday,False,True,41830.0
2020-01-02,atm35000207,Izmir,21680,572,633,35550,41830,1205,41830,7220.0,7224.75,6900.0,6953.17,2993.0241097,-0.03770077972979324,-0.05449860279169694,7213.330000000001,0.021516015367927903,Thursday,False,False,41010.0
2020-01-03,atm35000207,Izmir,17630,692,625,46720,41010,1317,41010,6956.64,7402.31,6853.53,7339.97,8452.87552534,0.05562930289350043,0.017669250595838237,7231.535714285715,0.03126689788469128,Friday,False,False,41305.0
2020-01-04,atm35000207,Izmir,8930,468,659,29390,41305,1127,41305,7339.97,7396.1,7247.73,7291.27,3605.74269447,-0.006634904502334504,-0.003472886609773851,7227.905714285715,0.030986226739449674,Saturday,True,False,41140.0
2020-01-05,atm35000207,Izmir,42665,533,644,32090,41140,1177,41140,7294.0,7495.0,7269.71,7430.83,2614.94778349,0.019140698396849842,0.0011897062786310197,7229.167142857143,0.031405089097976686,Sunday,True,False,44940.0
2020-01-06,atm35000207,Izmir,34220,459,716,30690,44940,1175,44940,7431.63,7614.95,7310.0,7525.46,4138.11820107,0.012734781982631782,0.041792354749798255,7272.294285714286,0.029143587117638526,Monday,False,False,36815.0
2020-01-07,atm35000207,Izmir,40365,575,574,37020,36815,1149,36815,7531.73,8134.95,7516.97,8050.0,13507.54693697,0.06970205143605845,0.1274857208485416,7402.325714285714,0.036201204585928716,Tuesday,False,False,
2020-01-01,atm35000208,Izmir,34380,659,648,41230,40495,1307,40495,7145.05,7237.35,7129.55,7225.58,1211.09527025,0.012017176999851609,0.008870365328362606,7270.584285714285,0.020341564637941383,Wednesday,False,True,42425.0
2020-01-02,atm35000208,Izmir,18285,557,625,34880,42425,1182,42425,7220.0,7224.75,6900.0,6953.17,2993.0241097,-0.03770077972979324,-0.05449860279169694,7213.330000000001,0.021516015367927903,Thursday,False,False,39610.0
2020-01-03,atm35000208,Izmir,15025,632,593,41390,39610,1225,39610,6956.64,7402.31,6853.53,7339.97,8452.87552534,0.05562930289350043,0.017669250595838237,7231.535714285715,0.03126689788469128,Friday,False,False,43825.0
2020-01-04,atm35000208,Izmir,8670,546,678,35450,43825,1224,43825,7339.97,7396.1,7247.73,7291.27,3605.74269447,-0.006634904502334504,-0.003472886609773851,7227.905714285715,0.030986226739449674,Saturday,True,False,42980.0
2020-01-05,atm35000208,Izmir,41460,591,664,38840,42980,1255,42980,7294.0,7495.0,7269.71,7430.83,2614.94778349,0.019140698396849842,0.0011897062786310197,7229.167142857143,0.031405089097976686,Sunday,True,False,40925.0
2020-01-06,atm35000208,Izmir,21455,533,663,35480,40925,1196,40925,7431.63,7614.95,7310.0,7525.46,4138.11820107,0.012734781982631782,0.041792354749798255,7272.294285714286,0.029143587117638526,Monday,False,False,37930.0
2020-01-07,atm35000208,Izmir,12440,636,617,40735,37930,1253,37930,7531.73,8134.95,7516.97,8050.0,13507.54693697,0.06970205143605845,0.1274857208485416,7402.325714285714,0.036201204585928716,Tuesday,False,False,
2020-01-01,atm35000209,Izmir,26230,578,686,34810,41590,1264,41590,7145.05,7237.35,7129.55,7225.58,1211.09527025,0.012017176999851609,0.008870365328362606,7270.584285714285,0.020341564637941383,Wednesday,False,True,43450.0
2020-01-02,atm35000209,Izmir,10920,513,680,31710,43450,1193,43450,7220.0,7224.75,6900.0,6953.17,2993.0241097,-0.03770077972979324,-0.05449860279169694,7213.330000000001,0.021516015367927903,Thursday,False,False,36480.0
2020-01-03,atm35000209,Izmir,9140,550,583,39315,36480,1133,36480,6956.64,7402.31,6853.53,7339.97,8452.87552534,0.05562930289350043,0.017669250595838237,7231.535714285715,0.03126689788469128,Friday,False,False,44500.0
2020-01-04,atm35000209,Izmir,41275,602,674,39570,44500,1276,44500,7339.97,7396.1,7247.73,7291.27,3605.74269447,-0.006634904502334504,-0.003472886609773851,7227.905714285715,0.030986226739449674,Saturday,True,False,38470.0
2020-01-05,atm35000209,Izmir,26225,496,612,34835,38470,1108,38470,7294.0,7495.0,7269.71,7430.83,2614.94778349,0.019140698396849842,0.0011897062786310197,7229.167142857143,0.031405089097976686,Sunday,True,False,41380.0
2020-01-06,atm35000209,Izmir,20650,576,600,37620,41380,1176,41380,7431.63,7614.95,7310.0,7525.46,4138.11820107,0.012734781982631782,0.041792354749798255,7272.294285714286,0.029143587117638526,Monday,False,False,36920.0
2020-01-07,atm35000209,Izmir,21635,597,603,40570,36920,1200,36920,7531.73,8134.95,7516.97,8050.0,13507.54693697,0.06970205143605845,0.1274857208485416,7402.325714285714,0.036201204585928716,Tuesday,False,False,
2020-01-01,atm3500021,Izmir,42505,538,636,33420,38410,1174,38410,7145.05,7237.35,7129.55,7225.58,1211.09527025,0.012017176999851609,0.008870365328362606,7270.584285714285,0.020341564637941383,Wednesday,False,True,38535.0
2020-01-02,atm3500021,Izmir,24135,496,615,33765,38535,1111,38535,7220.0,7224.75,6900.0,6953.17,2993.0241097,-0.03770077972979324,-0.05449860279169694,7213.330000000001,0.021516015367927903,Thursday,False,False,37265.0
2020-01-03,atm3500021,Izmir,11620,452,576,31245,37265,1028,37265,6956.64,7402.31,6853.53,7339.97,8452.87552534,0.05562930289350043,0.017669250595838237,7231.535714285715,0.03126689788469128,Friday,False,False,37640.0
2020-01-04,atm3500021,Izmir,41965,472,572,31975,37640,1044,37640,7339.97,7396.1,7247.73,7291.27,3605.74269447,-0.006634904502334504,-0.003472886609773851,7227.905714285715,0.030986226739449674,Saturday,True,False,39425.0
2020-01-05,atm3500021,Izmir,28275,590,602,39225,39425,1192,39425,7294.0,7495.0,7269.71,7430.83,2614.94778349,0.019140698396849842,0.0011897062786310197,7229.167142857143,0.031405089097976686,Sunday,True,False,50135.0
2020-01-06,atm3500021,Izmir,7345,619,702,37280,50135,1321,50135,7431.63,7614.95,7310.0,7525.46,4138.11820107,0.012734781982631782,0.041792354749798255,7272.294285714286,0.029143587117638526,Monday,False,False,40935.0
2020-01-07,atm3500021,Izmir,35365,486,599,34000,40935,1085,40935,7531.73,8134.95,7516.97,8050.0,13507.54693697,0.06970205143605845,0.1274857208485416,7402.325714285714,0.036201204585928716,Tuesday,False,False,
2020-01-01,atm35000210,Izmir,35930,666,637,44245,39310,1303,39310,7145.05,7237.35,7129.55,7225.58,1211.09527025,0.012017176999851609,0.008870365328362606,7270.584285714285,0.020341564637941383,Wednesday,False,True,38720.0
2020-01-02,atm35000210,Izmir,26635,544,599,32975,38720,1143,38720,7220.0,7224.75,6900.0,6953.17,2993.0241097,-0.03770077972979324,-0.05449860279169694,7213.330000000001,0.021516015367927903,Thursday,False,False,41840.0
2020-01-03,atm35000210,Izmir,2190,438,649,27035,41840,1087,41840,6956.64,7402.31,6853.53,7339.97,8452.87552534,0.05562930289350043,0.017669250595838237,7231.535714285715,0.03126689788469128,Friday,False,False,45010.0
2020-01-04,atm35000210,Izmir,30525,605,686,38220,45010,1291,45010,7339.97,7396.1,7247.73,7291.27,3605.74269447,-0.006634904502334504,-0.003472886609773851,7227.905714285715,0.030986226739449674,Saturday,True,False,39550.0
2020-01-05,atm35000210,Izmir,25835,618,653,41165,39550,1271,39550,7294.0,7495.0,7269.71,7430.83,2614.94778349,0.019140698396849842,0.0011897062786310197,7229.167142857143,0.031405089097976686,Sunday,True,False,45385.0
2020-01-06,atm35000210,Izmir,20065,515,698,33910,45385,1213,45385,7431.63,7614.95,7310.0,7525.46,4138.11820107,0.012734781982631782,0.041792354749798255,7272.294285714286,0.029143587117638526,Monday,False,False,38390.0
2020-01-07,atm35000210,Izmir,44595,529,611,36055,38390,1140,38390,7531.73,8134.95,7516.97,8050.0,13507.54693697,0.06970205143605845,0.1274857208485416,7402.325714285714,0.036201204585928716,Tuesday,False,False,
2020-01-01,atm35000211,Izmir,26410,554,676,35655,41895,1230,41895,7145.05,7237.35,7129.55,7225.58,1211.09527025,0.012017176999851609,0.008870365328362606,7270.584285714285,0.020341564637941383,Wednesday,False,True,41615.0
2020-01-02,atm35000211,Izmir,14745,574,663,36075,41615,1237,41615,7220.0,7224.75,6900.0,6953.17,2993.0241097,-0.03770077972979324,-0.05449860279169694,7213.330000000001,0.021516015367927903,Thursday,False,False,41565.0
2020-01-03,atm35000211,Izmir,2445,519,634,36580,41565,1153,41565,6956.64,7402.31,6853.53,7339.97,8452.87552534,0.05562930289350043,0.017669250595838237,7231.535714285715,0.03126689788469128,Friday,False,False,47540.0
2020-01-04,atm35000211,Izmir,22995,585,703,37075,47540,1288,47540,7339.97,7396.1,7247.73,7291.27,3605.74269447,-0.006634904502334504,-0.003472886609773851,7227.905714285715,0.030986226739449674,Saturday,True,False,43860.0
2020-01-05,atm35000211,Izmir,11365,442,716,27830,43860,1158,43860,7294.0,7495.0,7269.71,7430.83,2614.94778349,0.019140698396849842,0.0011897062786310197,7229.167142857143,0.031405089097976686,Sunday,True,False,45745.0
2020-01-06,atm35000211,Izmir,34030,551,732,35175,45745,1283,45745,7431.63,7614.95,7310.0,7525.46,4138.11820107,0.012734781982631782,0.041792354749798255,7272.294285714286,0.029143587117638526,Monday,False,False,38935.0
2020-01-07,atm35000211,Izmir,19440,576,571,35390,38935,1147,38935,7531.73,8134.95,7516.97,8050.0,13507.54693697,0.06970205143605845,0.1274857208485416,7402.325714285714,0.036201204585928716,Tuesday,False,False,
2020-01-01,atm35000212,Izmir,33030,523,671,33140,41995,1194,41995,7145.05,7237.35,7129.55,7225.58,1211.09527025,0.012017176999851609,0.008870365328362606,7270.584285714285,0.020341564637941383,Wednesday,False,True,37585.0
2020-01-02,atm35000212,Izmir,29170,689,586,42305,37585,1275,37585,7220.0,7224.75,6900.0,6953.17,2993.0241097,-0.03770077972979324,-0.05449860279169694,7213.330000000001,0.021516015367927903,Thursday,False,False,43495.0
2020-01-03,atm35000212,Izmir,23320,574,649,35680,43495,1223,43495,6956.64,7402.31,6853.53,7339.97,8452.87552534,0.05562930289350043,0.017669250595838237,7231.535714285715,0.03126689788469128,Friday,False,False,44000.0
2020-01-04,atm35000212,Izmir,8110,469,702,29265,44000,1171,44000,7339.97,7396.1,7247.73,7291.27,3605.74269447,-0.006634904502334504,-0.003472886609773851,7227.905714285715,0.030986226739449674,Saturday,True,False,44250.0
2020-01-05,atm35000212,Izmir,38640,644,702,39045,44250,1346,44250,7294.0,7495.0,7269.71,7430.83,2614.94778349,0.019140698396849842,0.0011897062786310197,7229.167142857143,0.031405089097976686,Sunday,True,False,39645.0
2020-01-06,atm35000212,Izmir,33940,509,594,33185,39645,1103,39645,7431.63,7614.95,7310.0,7525.46,4138.11820107,0.012734781982631782,0.041792354749798255,7272.294285714286,0.029143587117638526,Monday,False,False,38065.0
2020-01-07,atm35000212,Izmir,28395,557,617,32610,38065,1174,38065,7531.73,8134.95,7516.97,8050.0,13507.54693697,0.06970205143605845,0.1274857208485416,7402.325714285714,0.036201204585928716,Tuesday,False,False,
2020-01-01,atm35000213,Izmir,20035,564,618,34645,40580,1182,40580,7145.05,7237.35,7129.55,7225.58,1211.09527025,0.012017176999851609,0.008870365328362606,7270.584285714285,0.020341564637941383,Wednesday,False,True,38590.0
2020-01-02,atm35000213,Izmir,16965,688,573,45835,38590,1261,38590,7220.0,7224.75,6900.0,6953.17,2993.0241097,-0.03770077972979324,-0.05449860279169694,7213.330000000001,0.021516015367927903,Thursday,False,False,39320.0
2020-01-03,atm35000213,Izmir,7905,547,638,33690,39320,1185,39320,6956.64,7402.31,6853.53,7339.97,8452.87552534,0.05562930289350043,0.017669250595838237,7231.535714285715,0.03126689788469128,Friday,False,False,42275.0
2020-01-04,atm35000213,Izmir,39120,491,634,32895,42275,1125,42275,7339.97,7396.1,7247.73,7291.27,3605.74269447,-0.006634904502334504,-0.003472886609773851,7227.905714285715,0.030986226739449674,Saturday,True,False,42750.0
2020-01-05,atm35000213,Izmir,32595,663,652,41160,42750,1315,42750,7294.0,7495.0,7269.71,7430.83,2614.94778349,0.019140698396849842,0.0011897062786310197,7229.167142857143,0.031405089097976686,Sunday,True,False,42055.0
2020-01-06,atm35000213,Izmir,17775,477,668,33265,42055,1145,42055,7431.63,7614.95,7310.0,7525.46,4138.11820107,0.012734781982631782,0.041792354749798255,7272.294285714286,0.029143587117638526,Monday,False,False,39320.0
2020-01-07,atm35000213,Izmir,6030,521,631,30080,39320,1152,39320,7531.73,8134.95,7516.97,8050.0,13507.54693697,0.06970205143605845,0.1274857208485416,7402.325714285714,0.036201204585928716,Tuesday,False,False,
2020-01-01,atm35000214,Izmir,15075,546,687,36890,42725,1233,42725,7145.05,7237.35,7129.55,7225.58,1211.09527025,0.012017176999851609,0.008870365328362606,7270.584285714285,0.020341564637941383,Wednesday,False,True,47905.0
2020-01-02,atm35000214,Izmir,40110,554,778,36925,47905,1332,47905,7220.0,7224.75,6900.0,6953.17,2993.0241097,-0.03770077972979324,-0.05449860279169694,7213.330000000001,0.021516015367927903,Thursday,False,False,36795.0
2020-01-03,atm35000214,Izmir,29045,456,592,27680,36795,1048,36795,6956.64,7402.31,6853.53,7339.97,8452.87552534,0.05562930289350043,0.017669250595838237,7231.535714285715,0.03126689788469128,Friday,False,False,35195.0
2020-01-04,atm35000214,Izmir,24440,570,590,37555,35195,1160,35195,7339.97,7396.1,7247.73,7291.27,3605.74269447,-0.006634904502334504,-0.003472886609773851,7227.905714285715,0.030986226739449674,Saturday,True,False,41630.0
2020-01-05,atm35000214,Izmir,7940,507,621,28750,41630,1128,41630,7294.0,7495.0,7269.71,7430.83,2614.94778349,0.019140698396849842,0.0011897062786310197,7229.167142857143,0.031405089097976686,Sunday,True,False,44670.0
2020-01-06,atm35000214,Izmir,29905,549,683,34865,44670,1232,44670,7431.63,7614.95,7310.0,7525.46,4138.11820107,0.012734781982631782,0.041792354749798255,7272.294285714286,0.029143587117638526,Monday,False,False,41130.0
2020-01-07,atm35000214,Izmir,21755,509,624,34835,41130,1133,41130,7531.73,8134.95,7516.97,8050.0,13507.54693697,0.06970205143605845,0.1274857208485416,7402.325714285714,0.036201204585928716,Tuesday,False,False,
2020-01-01,atm35000215,Izmir,35540,503,627,36065,37900,1130,37900,7145.05,7237.35,7129.55,7225.58,1211.09527025,0.012017176999851609,0.008870365328362606,7270.584285714285,0.020341564637941383,Wednesday,False,True,40230.0
2020-01-02,atm35000215,Izmir,27245,550,610,34810,40230,1160,40230,7220.0,7224.75,6900.0,6953.17,2993.0241097,-0.03770077972979324,-0.05449860279169694,7213.330000000001,0.021516015367927903,Thursday,False,False,45200.0
2020-01-03,atm35000215,Izmir,16905,588,711,36945,45200,1299,45200,6956.64,7402.31,6853.53,7339.97,8452.87552534,0.05562930289350043,0.017669250595838237,7231.535714285715,0.03126689788469128,Friday,False,False,43475.0
2020-01-04,atm35000215,Izmir,43285,615,678,39815,43475,1293,43475,7339.97,7396.1,7247.73,7291.27,3605.74269447,-0.006634904502334504,-0.003472886609773851,7227.905714285715,0.030986226739449674,Saturday,True,False,42950.0
2020-01-05,atm35000215,Izmir,33965,473,648,32205,42950,1121,42950,7294.0,7495.0,7269.71,7430.83,2614.94778349,0.019140698396849842,0.0011897062786310197,7229.167142857143,0.031405089097976686,Sunday,True,False,39825.0
2020-01-06,atm35000215,Izmir,20990,562,635,35970,39825,1197,39825,7431.63,7614.95,7310.0,7525.46,4138.11820107,0.012734781982631782,0.041792354749798255,7272.294285714286,0.029143587117638526,Monday,False,False,39685.0
2020-01-07,atm35000215,Izmir,17205,714,616,42405,39685,1330,39685,7531.73,8134.95,7516.97,8050.0,13507.54693697,0.06970205143605845,0.1274857208485416,7402.325714285714,0.036201204585928716,Tuesday,False,False,
2020-01-01,atm35000216,Izmir,23960,538,626,35540,40275,1164,40275,7145.05,7237.35,7129.55,7225.58,1211.09527025,0.012017176999851609,0.008870365328362606,7270.584285714285,0.020341564637941383,Wednesday,False,True,41505.0
2020-01-02,atm35000216,Izmir,7610,492,657,28855,41505,1149,41505,7220.0,7224.75,6900.0,6953.17,2993.0241097,-0.03770077972979324,-0.05449860279169694,7213.330000000001,0.021516015367927903,Thursday,False,False,35370.0
2020-01-03,atm35000216,Izmir,28370,439,590,29340,35370,1029,35370,6956.64,7402.31,6853.53,7339.97,8452.87552534,0.05562930289350043,0.017669250595838237,7231.535714285715,0.03126689788469128,Friday,False,False,41830.0
2020-01-04,atm35000216,Izmir,19795,562,657,37495,41830,1219,41830,7339.97,7396.1,7247.73,7291.27,3605.74269447,-0.006634904502334504,-0.003472886609773851,7227.905714285715,0.030986226739449674,Saturday,True,False,42825.0
2020-01-05,atm35000216,Izmir,2685,539,714,32635,42825,1253,42825,7294.0,7495.0,7269.71,7430.83,2614.94778349,0.019140698396849842,0.0011897062786310197,7229.167142857143,0.031405089097976686,Sunday,True,False,40510.0
2020-01-06,atm35000216,Izmir,38530,502,621,32550,40510,1123,40510,7431.63,7614.95,7310.0,7525.46,4138.11820107,0.012734781982631782,0.041792354749798255,7272.294285714286,0.029143587117638526,Monday,False,False,43585.0
2020-01-07,atm35000216,Izmir,33270,597,674,35765,43585,1271,43585,7531.73,8134.95,7516.97,8050.0,13507.54693697,0.06970205143605845,0.1274857208485416,7402.325714285714,0.036201204585928716,Tuesday,False,False,
2020-01-01,atm35000217,Izmir,34705,652,648,41550,43815,1300,43815,7145.05,7237.35,7129.55,7225.58,1211.09527025,0.012017176999851609,0.008870365328362606,7270.584285714285,0.020341564637941383,Wednesday,False,True,43875.0
2020-01-02,atm35000217,Izmir,23650,580,661,36390,43875,1241,43875,7220.0,7224.75,6900.0,6953.17,2993.0241097,-0.03770077972979324,-0.05449860279169694,7213.330000000001,0.021516015367927903,Thursday,False,False,42240.0
2020-01-03,atm35000217,Izmir,15855,613,652,38505,42240,1265,42240,6956.64,7402.31,6853.53,7339.97,8452.87552534,0.05562930289350043,0.017669250595838237,7231.535714285715,0.03126689788469128,Friday,False,False,48310.0
2020-01-04,atm35000217,Izmir,445,586,693,39000,48310,1279,48310,7339.97,7396.1,7247.73,7291.27,3605.74269447,-0.006634904502334504,-0.003472886609773851,7227.905714285715,0.030986226739449674,Saturday,True,False,45435.0
2020-01-05,atm35000217,Izmir,30645,603,705,37015,45435,1308,45435,7294.0,7495.0,7269.71,7430.83,2614.94778349,0.019140698396849842,0.0011897062786310197,7229.167142857143,0.031405089097976686,Sunday,True,False,40655.0
2020-01-06,atm35000217,Izmir,20290,629,674,41655,40655,1303,40655,7431.63,7614.95,7310.0,7525.46,4138.11820107,0.012734781982631782,0.041792354749798255,7272.294285714286,0.029143587117638526,Monday,False,False,36355.0
2020-01-07,atm35000217,Izmir,12575,571,553,37780,36355,1124,36355,7531.73,8134.95,7516.97,8050.0,13507.54693697,0.06970205143605845,0.1274857208485416,7402.325714285714,0.036201204585928716,Tuesday,False,False,
2020-01-01,atm35000218,Izmir,42215,599,584,40370,36515,1183,36515,7145.05,7237.35,7129.55,7225.58,1211.09527025,0.012017176999851609,0.008870365328362606,7270.584285714285,0.020341564637941383,Wednesday,False,True,42220.0
2020-01-02,atm35000218,Izmir,17385,421,634,27375,42220,1055,42220,7220.0,7224.75,6900.0,6953.17,2993.0241097,-0.03770077972979324,-0.05449860279169694,7213.330000000001,0.021516015367927903,Thursday,False,False,43900.0
2020-01-03,atm35000218,Izmir,40825,528,640,33275,43900,1168,43900,6956.64,7402.31,6853.53,7339.97,8452.87552534,0.05562930289350043,0.017669250595838237,7231.535714285715,0.03126689788469128,Friday,False,False,42980.0
2020-01-04,atm35000218,Izmir,39070,659,713,42565,42980,1372,42980,7339.97,7396.1,7247.73,7291.27,3605.74269447,-0.006634904502334504,-0.003472886609773851,7227.905714285715,0.030986226739449674,Saturday,True,False,41830.0
2020-01-05,atm35000218,Izmir,25765,626,645,42520,41830,1271,41830,7294.0,7495.0,7269.71,7430.83,2614.94778349,0.019140698396849842,0.0011897062786310197,7229.167142857143,0.031405089097976686,Sunday,True,False,48075.0
2020-01-06,atm35000218,Izmir,16260,657,736,43040,48075,1393,48075,7431.63,7614.95,7310.0,7525.46,4138.11820107,0.012734781982631782,0.041792354749798255,7272.294285714286,0.029143587117638526,Monday,False,False,37730.0
2020-01-07,atm35000218,Izmir,6550,526,608,32645,37730,1134,37730,7531.73,8134.95,7516.97,8050.0,13507.54693697,0.06970205143605845,0.1274857208485416,7402.325714285714,0.036201204585928716,Tuesday,False,False,
2020-01-01,atm35000219,Izmir,42295,646,610,40620,41310,1256,41310,7145.05,7237.35,7129.55,7225.58,1211.09527025,0.012017176999851609,0.008870365328362606,7270.584285714285,0.020341564637941383,Wednesday,False,True,38380.0
2020-01-02,atm35000219,Izmir,38365,571,600,36700,38380,1171,38380,7220.0,7224.75,6900.0,6953.17,2993.0241097,-0.03770077972979324,-0.05449860279169694,7213.330000000001,0.021516015367927903,Thursday,False,False,35855.0
2020-01-03,atm35000219,Izmir,30730,537,643,33720,35855,1180,35855,6956.64,7402.31,6853.53,7339.97,8452.87552534,0.05562930289350043,0.017669250595838237,7231.535714285715,0.03126689788469128,Friday,False,False,41275.0
2020-01-04,atm35000219,Izmir,31990,698,668,43255,41275,1366,41275,7339.97,7396.1,7247.73,7291.27,3605.74269447,-0.006634904502334504,-0.003472886609773851,7227.905714285715,0.030986226739449674,Saturday,True,False,36495.0
2020-01-05,atm35000219,Izmir,11795,474,625,30245,36495,1099,36495,7294.0,7495.0,7269.71,7430.83,2614.94778349,0.019140698396849842,0.0011897062786310197,7229.167142857143,0.031405089097976686,Sunday,True,False,42225.0
2020-01-06,atm35000219,Izmir,40190,606,733,38875,42225,1339,42225,7431.63,7614.95,7310.0,7525.46,4138.11820107,0.012734781982631782,0.041792354749798255,7272.294285714286,0.029143587117638526,Monday,False,False,45705.0
2020-01-07,atm35000219,Izmir,30195,595,693,41200,45705,1288,45705,7531.73,8134.95,7516.97,8050.0,13507.54693697,0.06970205143605845,0.1274857208485416,7402.325714285714,0.036201204585928716,Tuesday,False,False,
2020-01-01,atm3500022,Izmir,27135,477,609,31910,38570,1086,38570,7145.05,7237.35,7129.55,7225.58,1211.09527025,0.012017176999851609,0.008870365328362606,7270.584285714285,0.020341564637941383,Wednesday,False,True,43470.0
2020-01-02,atm3500022,Izmir,10190,530,686,33420,43470,1216,43470,7220.0,7224.75,6900.0,6953.17,2993.0241097,-0.03770077972979324,-0.05449860279169694,7213.330000000001,0.021516015367927903,Thursday,False,False,41840.0
2020-01-03,atm3500022,Izmir,25495,536,633,34905,41840,1169,41840,6956.64,7402.31,6853.53,7339.97,8452.87552534,0.05562930289350043,0.017669250595838237,7231.535714285715,0.03126689788469128,Friday,False,False,43535.0
2020-01-04,atm3500022,Izmir,24950,656,672,40165,43535,1328,43535,7339.97,7396.1,7247.73,7291.27,3605.74269447,-0.006634904502334504,-0.003472886609773851,7227.905714285715,0.030986226739449674,Saturday,True,False,37875.0
2020-01-05,atm3500022,Izmir,25560,667,644,40860,37875,1311,37875,7294.0,7495.0,7269.71,7430.83,2614.94778349,0.019140698396849842,0.0011897062786310197,7229.167142857143,0.031405089097976686,Sunday,True,False,42770.0
2020-01-06,atm3500022,Izmir,8850,570,643,35655,42770,1213,42770,7431.63,7614.95,7310.0,7525.46,4138.11820107,0.012734781982631782,0.041792354749798255,7272.294285714286,0.029143587117638526,Monday,False,False,42800.0
2020-01-07,atm3500022,Izmir,21640,508,656,31870,42800,1164,42800,7531.73,8134.95,7516.97,8050.0,13507.54693697,0.06970205143605845,0.1274857208485416,7402.325714285714,0.036201204585928716,Tuesday,False,False,
2020-01-01,atm35000220,Izmir,33530,649,628,45020,39200,1277,39200,7145.05,7237.35,7129.55,7225.58,1211.09527025,0.012017176999851609,0.008870365328362606,7270.584285714285,0.020341564637941383,Wednesday,False,True,38625.0
2020-01-02,atm35000220,Izmir,35260,599,596,40010,38625,1195,38625,7220.0,7224.75,6900.0,6953.17,2993.0241097,-0.03770077972979324,-0.05449860279169694,7213.330000000001,0.021516015367927903,Thursday,False,False,40055.0
2020-01-03,atm35000220,Izmir,15230,529,607,36115,40055,1136,40055,6956.64,7402.31,6853.53,7339.97,8452.87552534,0.05562930289350043,0.017669250595838237,7231.535714285715,0.03126689788469128,Friday,False,False,37550.0
2020-01-04,atm35000220,Izmir,4005,605,584,38030,37550,1189,37550,7339.97,7396.1,7247.73,7291.27,3605.74269447,-0.006634904502334504,-0.003472886609773851,7227.905714285715,0.030986226739449674,Saturday,True,False,40640.0
2020-01-05,atm35000220,Izmir,26540,581,582,34570,40640,1163,40640,7294.0,7495.0,7269.71,7430.83,2614.94778349,0.019140698396849842,0.0011897062786310197,7229.167142857143,0.031405089097976686,Sunday,True,False,35790.0
2020-01-06,atm35000220,Izmir,19830,514,579,33790,35790,1093,35790,7431.63,7614.95,7310.0,7525.46,4138.11820107,0.012734781982631782,0.041792354749798255,7272.294285714286,0.029143587117638526,Monday,False,False,40820.0
2020-01-07,atm35000220,Izmir,2380,535,659,34635,40820,1194,40820,7531.73,8134.95,7516.97,8050.0,13507.54693697,0.06970205143605845,0.1274857208485416,7402.325714285714,0.036201204585928716,Tuesday,False,False,
2020-01-01,atm35000221,Izmir,28935,552,602,35340,38990,1154,38990,7145.05,7237.35,7129.55,7225.58,1211.09527025,0.012017176999851609,0.008870365328362606,7270.584285714285,0.020341564637941383,Wednesday,False,True,40860.0
2020-01-02,atm35000221,Izmir,15895,521,614,35555,40860,1135,40860,7220.0,7224.75,6900.0,6953.17,2993.0241097,-0.03770077972979324,-0.05449860279169694,7213.330000000001,0.021516015367927903,Thursday,False,False,40545.0
2020-01-03,atm35000221,Izmir,8925,574,666,33370,40545,1240,40545,6956.64,7402.31,6853.53,7339.97,8452.87552534,0.05562930289350043,0.017669250595838237,7231.535714285715,0.03126689788469128,Friday,False,False,42140.0
2020-01-04,atm35000221,Izmir,38815,506,635,34320,42140,1141,42140,7339.97,7396.1,7247.73,7291.27,3605.74269447,-0.006634904502334504,-0.003472886609773851,7227.905714285715,0.030986226739449674,Saturday,True,False,38600.0
2020-01-05,atm35000221,Izmir,25560,566,597,33905,38600,1163,38600,7294.0,7495.0,7269.71,7430.83,2614.94778349,0.019140698396849842,0.0011897062786310197,7229.167142857143,0.031405089097976686,Sunday,True,False,39520.0
2020-01-06,atm35000221,Izmir,26100,552,646,36805,39520,1198,39520,7431.63,7614.95,7310.0,7525.46,4138.11820107,0.012734781982631782,0.041792354749798255,7272.294285714286,0.029143587117638526,Monday,False,False,39775.0
2020-01-07,atm35000221,Izmir,22840,621,647,41060,39775,1268,39775,7531.73,8134.95,7516.97,8050.0,13507.54693697,0.06970205143605845,0.1274857208485416,7402.325714285714,0.036201204585928716,Tuesday,False,False,
2020-01-01,atm35000222,Izmir,24885,547,588,34880,37860,1135,37860,7145.05,7237.35,7129.55,7225.58,1211.09527025,0.012017176999851609,0.008870365328362606,7270.584285714285,0.020341564637941383,Wednesday,False,True,41660.0
2020-01-02,atm35000222,Izmir,17345,587,587,36845,41660,1174,41660,7220.0,7224.75,6900.0,6953.17,2993.0241097,-0.03770077972979324,-0.05449860279169694,7213.330000000001,0.021516015367927903,Thursday,False,False,39640.0
2020-01-03,atm35000222,Izmir,1075,516,616,35425,39640,1132,39640,6956.64,7402.31,6853.53,7339.97,8452.87552534,0.05562930289350043,0.017669250595838237,7231.535714285715,0.03126689788469128,Friday,False,False,40300.0
2020-01-04,atm35000222,Izmir,23870,571,637,37445,40300,1208,40300,7339.97,7396.1,7247.73,7291.27,3605.74269447,-0.006634904502334504,-0.003472886609773851,7227.905714285715,0.030986226739449674,Saturday,True,False,42110.0
2020-01-05,atm35000222,Izmir,8100,483,694,30140,42110,1177,42110,7294.0,7495.0,7269.71,7430.83,2614.94778349,0.019140698396849842,0.0011897062786310197,7229.167142857143,0.031405089097976686,Sunday,True,False,43065.0
2020-01-06,atm35000222,Izmir,28930,516,675,31575,43065,1191,43065,7431.63,7614.95,7310.0,7525.46,4138.11820107,0.012734781982631782,0.041792354749798255,7272.294285714286,0.029143587117638526,Monday,False,False,37635.0
2020-01-07,atm35000222,Izmir,28000,570,581,36065,37635,1151,37635,7531.73,8134.95,7516.97,8050.0,13507.54693697,0.06970205143605845,0.1274857208485416,7402.325714285714,0.036201204585928716,Tuesday,False,False,
2020-01-01,atm35000223,Izmir,43175,663,636,42110,41460,1299,41460,7145.05,7237.35,7129.55,7225.58,1211.09527025,0.012017176999851609,0.008870365328362606,7270.584285714285,0.020341564637941383,Wednesday,False,True,41475.0
2020-01-02,atm35000223,Izmir,48415,661,665,44200,41475,1326,41475,7220.0,7224.75,6900.0,6953.17,2993.0241097,-0.03770077972979324,-0.05449860279169694,7213.330000000001,0.021516015367927903,Thursday,False,False,39575.0
2020-01-03,atm35000223,Izmir,44055,616,569,39520,39575,1185,39575,6956.64,7402.31,6853.53,7339.97,8452.87552534,0.05562930289350043,0.017669250595838237,7231.535714285715,0.03126689788469128,Friday,False,False,41435.0
2020-01-04,atm35000223,Izmir,26705,485,656,32625,41435,1141,41435,7339.97,7396.1,7247.73,7291.27,3605.74269447,-0.006634904502334504,-0.003472886609773851,7227.905714285715,0.030986226739449674,Saturday,True,False,42715.0
2020-01-05,atm35000223,Izmir,24185,623,708,39995,42715,1331,42715,7294.0,7495.0,7269.71,7430.83,2614.94778349,0.019140698396849842,0.0011897062786310197,7229.167142857143,0.031405089097976686,Sunday,True,False,41475.0
2020-01-06,atm35000223,Izmir,4660,531,636,36165,41475,1167,41475,7431.63,7614.95,7310.0,7525.46,4138.11820107,0.012734781982631782,0.041792354749798255,7272.294285714286,0.029143587117638526,Monday,False,False,37750.0
2020-01-07,atm35000223,Izmir,36010,600,609,35680,37750,1209,37750,7531.73,8134.95,7516.97,8050.0,13507.54693697,0.06970205143605845,0.1274857208485416,7402.325714285714,0.036201204585928716,Tuesday,False,False,
2020-01-01,atm35000224,Izmir,28205,629,622,39240,42620,1251,42620,7145.05,7237.35,7129.55,7225.58,1211.09527025,0.012017176999851609,0.008870365328362606,7270.584285714285,0.020341564637941383,Wednesday,False,True,41200.0
2020-01-02,atm35000224,Izmir,21810,640,605,38890,41200,1245,41200,7220.0,7224.75,6900.0,6953.17,2993.0241097,-0.03770077972979324,-0.05449860279169694,7213.330000000001,0.021516015367927903,Thursday,False,False,36450.0
2020-01-03,atm35000224,Izmir,19300,463,565,30305,36450,1028,36450,6956.64,7402.31,6853.53,7339.97,8452.87552534,0.05562930289350043,0.017669250595838237,7231.535714285715,0.03126689788469128,Friday,False,False,41240.0
2020-01-04,atm35000224,Izmir,12670,655,640,42065,41240,1295,41240,7339.97,7396.1,7247.73,7291.27,3605.74269447,-0.006634904502334504,-0.003472886609773851,7227.905714285715,0.030986226739449674,Saturday,True,False,43935.0
2020-01-05,atm35000224,Izmir,36585,555,682,36785,43935,1237,43935,7294.0,7495.0,7269.71,7430.83,2614.94778349,0.019140698396849842,0.0011897062786310197,7229.167142857143,0.031405089097976686,Sunday,True,False,42465.0
2020-01-06,atm35000224,Izmir,15475,487,665,29615,42465,1152,42465,7431.63,7614.95,7310.0,7525.46,4138.11820107,0.012734781982631782,0.041792354749798255,7272.294285714286,0.029143587117638526,Monday,False,False,36785.0
2020-01-07,atm35000224,Izmir,6405,492,586,31065,36785,1078,36785,7531.73,8134.95,7516.97,8050.0,13507.54693697,0.06970205143605845,0.1274857208485416,7402.325714285714,0.036201204585928716,Tuesday,False,False,
2020-01-01,atm35000225,Izmir,37595,598,631,37335,41675,1229,41675,7145.05,7237.35,7129.55,7225.58,1211.09527025,0.012017176999851609,0.008870365328362606,7270.584285714285,0.020341564637941383,Wednesday,False,True,36940.0
2020-01-02,atm35000225,Izmir,25535,503,560,31415,36940,1063,36940,7220.0,7224.75,6900.0,6953.17,2993.0241097,-0.03770077972979324,-0.05449860279169694,7213.330000000001,0.021516015367927903,Thursday,False,False,38380.0
2020-01-03,atm35000225,Izmir,15365,605,628,35295,38380,1233,38380,6956.64,7402.31,6853.53,7339.97,8452.87552534,0.05562930289350043,0.017669250595838237,7231.535714285715,0.03126689788469128,Friday,False,False,42850.0
2020-01-04,atm35000225,Izmir,3045,561,642,34915,42850,1203,42850,7339.97,7396.1,7247.73,7291.27,3605.74269447,-0.006634904502334504,-0.003472886609773851,7227.905714285715,0.030986226739449674,Saturday,True,False,42515.0
2020-01-05,atm35000225,Izmir,31645,622,642,40700,42515,1264,42515,7294.0,7495.0,7269.71,7430.83,2614.94778349,0.019140698396849842,0.0011897062786310197,7229.167142857143,0.031405089097976686,Sunday,True,False,42130.0
2020-01-06,atm35000225,Izmir,25370,586,656,39595,42130,1242,42130,7431.63,7614.95,7310.0,7525.46,4138.11820107,0.012734781982631782,0.041792354749798255,7272.294285714286,0.029143587117638526,Monday,False,False,43115.0
2020-01-07,atm35000225,Izmir,21580,638,618,41315,43115,1256,43115,7531.73,8134.95,7516.97,8050.0,13507.54693697,0.06970205143605845,0.1274857208485416,7402.325714285714,0.036201204585928716,Tuesday,False,False,
2020-01-01,atm35000226,Izmir,33050,580,677,33795,43305,1257,43305,7145.05,7237.35,7129.55,7225.58,1211.09527025,0.012017176999851609,0.008870365328362606,7270.584285714285,0.020341564637941383,Wednesday,False,True,38845.0
2020-01-02,atm35000226,Izmir,31540,642,569,42285,38845,1211,38845,7220.0,7224.75,6900.0,6953.17,2993.0241097,-0.03770077972979324,-0.05449860279169694,7213.330000000001,0.021516015367927903,Thursday,False,False,42755.0
2020-01-03,atm35000226,Izmir,18545,543,639,36080,42755,1182,42755,6956.64,7402.31,6853.53,7339.97,8452.87552534,0.05562930289350043,0.017669250595838237,7231.535714285715,0.03126689788469128,Friday,False,False,41935.0
2020-01-04,atm35000226,Izmir,13340,564,679,36095,41935,1243,41935,7339.97,7396.1,7247.73,7291.27,3605.74269447,-0.006634904502334504,-0.003472886609773851,7227.905714285715,0.030986226739449674,Saturday,True,False,46125.0
2020-01-05,atm35000226,Izmir,31880,533,701,32795,46125,1234,46125,7294.0,7495.0,7269.71,7430.83,2614.94778349,0.019140698396849842,0.0011897062786310197,7229.167142857143,0.031405089097976686,Sunday,True,False,37390.0
2020-01-06,atm35000226,Izmir,30895,635,583,44270,37390,1218,37390,7431.63,7614.95,7310.0,7525.46,4138.11820107,0.012734781982631782,0.041792354749798255,7272.294285714286,0.029143587117638526,Monday,False,False,39840.0
2020-01-07,atm35000226,Izmir,15990,548,649,31995,39840,1197,39840,7531.73,8134.95,7516.97,8050.0,13507.54693697,0.06970205143605845,0.1274857208485416,7402.325714285714,0.036201204585928716,Tuesday,False,False,
2020-01-01,atm35000227,Izmir,26725,936,1072,63170,65910,2008,65910,7145.05,7237.35,7129.55,7225.58,1211.09527025,0.012017176999851609,0.008870365328362606,7270.584285714285,0.020341564637941383,Wednesday,False,True,69570.0
2020-01-02,atm35000227,Izmir,9295,967,1087,61105,69570,2054,69570,7220.0,7224.75,6900.0,6953.17,2993.0241097,-0.03770077972979324,-0.05449860279169694,7213.330000000001,0.021516015367927903,Thursday,False,False,71240.0
2020-01-03,atm35000227,Izmir,34915,921,1091,62185,71240,2012,71240,6956.64,7402.31,6853.53,7339.97,8452.87552534,0.05562930289350043,0.017669250595838237,7231.535714285715,0.03126689788469128,Friday,False,False,69485.0
2020-01-04,atm35000227,Izmir,18070,923,1064,55490,69485,1987,69485,7339.97,7396.1,7247.73,7291.27,3605.74269447,-0.006634904502334504,-0.003472886609773851,7227.905714285715,0.030986226739449674,Saturday,True,False,70985.0
2020-01-05,atm35000227,Izmir,39590,923,1091,55920,70985,2014,70985,7294.0,7495.0,7269.71,7430.83,2614.94778349,0.019140698396849842,0.0011897062786310197,7229.167142857143,0.031405089097976686,Sunday,True,False,70090.0
2020-01-06,atm35000227,Izmir,18100,909,1071,60035,70090,1980,70090,7431.63,7614.95,7310.0,7525.46,4138.11820107,0.012734781982631782,0.041792354749798255,7272.294285714286,0.029143587117638526,Monday,False,False,65955.0
2020-01-07,atm35000227,Izmir,0,975,1039,64895,65955,2014,65955,7531.73,8134.95,7516.97,8050.0,13507.54693697,0.06970205143605845,0.1274857208485416,7402.325714285714,0.036201204585928716,Tuesday,False,False,
2020-01-01,atm35000228,Izmir,21295,528,649,35670,41660,1177,41660,7145.05,7237.35,7129.55,7225.58,1211.09527025,0.012017176999851609,0.008870365328362606,7270.584285714285,0.020341564637941383,Wednesday,False,True,39765.0
2020-01-02,atm35000228,Izmir,21630,691,637,46145,39765,1328,39765,7220.0,7224.75,6900.0,6953.17,2993.0241097,-0.03770077972979324,-0.05449860279169694,7213.330000000001,0.021516015367927903,Thursday,False,False,43835.0
2020-01-03,atm35000228,Izmir,15265,616,669,41235,43835,1285,43835,6956.64,7402.31,6853.53,7339.97,8452.87552534,0.05562930289350043,0.017669250595838237,7231.535714285715,0.03126689788469128,Friday,False,False,40345.0
2020-01-04,atm35000228,Izmir,11475,604,604,38315,40345,1208,40345,7339.97,7396.1,7247.73,7291.27,3605.74269447,-0.006634904502334504,-0.003472886609773851,7227.905714285715,0.030986226739449674,Saturday,True,False,41445.0
2020-01-05,atm35000228,Izmir,2845,576,667,38460,41445,1243,41445,7294.0,7495.0,7269.71,7430.83,2614.94778349,0.019140698396849842,0.0011897062786310197,7229.167142857143,0.031405089097976686,Sunday,True,False,36265.0
2020-01-06,atm35000228,Izmir,40690,594,601,36850,36265,1195,36265,7431.63,7614.95,7310.0,7525.46,4138.11820107,0.012734781982631782,0.041792354749798255,7272.294285714286,0.029143587117638526,Monday,False,False,50345.0
2020-01-07,atm35000228,Izmir,26175,549,714,34880,50345,1263,50345,7531.73,8134.95,7516.97,8050.0,13507.54693697,0.06970205143605845,0.1274857208485416,7402.325714285714,0.036201204585928716,Tuesday,False,False,
2020-01-01,atm35000229,Izmir,41365,655,595,42805,41310,1250,41310,7145.05,7237.35,7129.55,7225.58,1211.09527025,0.012017176999851609,0.008870365328362606,7270.584285714285,0.020341564637941383,Wednesday,False,True,37980.0
2020-01-02,atm35000229,Izmir,33400,532,587,35620,37980,1119,37980,7220.0,7224.75,6900.0,6953.17,2993.0241097,-0.03770077972979324,-0.05449860279169694,7213.330000000001,0.021516015367927903,Thursday,False,False,44480.0
2020-01-03,atm35000229,Izmir,13045,537,682,30605,44480,1219,44480,6956.64,7402.31,6853.53,7339.97,8452.87552534,0.05562930289350043,0.017669250595838237,7231.535714285715,0.03126689788469128,Friday,False,False,50305.0
2020-01-04,atm35000229,Izmir,32475,577,706,37880,50305,1283,50305,7339.97,7396.1,7247.73,7291.27,3605.74269447,-0.006634904502334504,-0.003472886609773851,7227.905714285715,0.030986226739449674,Saturday,True,False,43075.0
2020-01-05,atm35000229,Izmir,18850,552,670,33895,43075,1222,43075,7294.0,7495.0,7269.71,7430.83,2614.94778349,0.019140698396849842,0.0011897062786310197,7229.167142857143,0.031405089097976686,Sunday,True,False,36050.0
2020-01-06,atm35000229,Izmir,13820,486,610,29890,36050,1096,36050,7431.63,7614.95,7310.0,7525.46,4138.11820107,0.012734781982631782,0.041792354749798255,7272.294285714286,0.029143587117638526,Monday,False,False,35495.0
2020-01-07,atm35000229,Izmir,22655,583,570,37490,35495,1153,35495,7531.73,8134.95,7516.97,8050.0,13507.54693697,0.06970205143605845,0.1274857208485416,7402.325714285714,0.036201204585928716,Tuesday,False,False,
2020-01-01,atm3500023,Izmir,27260,574,674,38645,43455,1248,43455,7145.05,7237.35,7129.55,7225.58,1211.09527025,0.012017176999851609,0.008870365328362606,7270.584285714285,0.020341564637941383,Wednesday,False,True,39875.0
2020-01-02,atm3500023,Izmir,11320,561,595,36535,39875,1156,39875,7220.0,7224.75,6900.0,6953.17,2993.0241097,-0.03770077972979324,-0.05449860279169694,7213.330000000001,0.021516015367927903,Thursday,False,False,37685.0
2020-01-03,atm3500023,Izmir,9935,501,610,32230,37685,1111,37685,6956.64,7402.31,6853.53,7339.97,8452.87552534,0.05562930289350043,0.017669250595838237,7231.535714285715,0.03126689788469128,Friday,False,False,42265.0
2020-01-04,atm3500023,Izmir,38410,572,654,37310,42265,1226,42265,7339.97,7396.1,7247.73,7291.27,3605.74269447,-0.006634904502334504,-0.003472886609773851,7227.905714285715,0.030986226739449674,Saturday,True,False,39065.0
2020-01-05,atm3500023,Izmir,30645,522,644,35695,39065,1166,39065,7294.0,7495.0,7269.71,7430.83,2614.94778349,0.019140698396849842,0.0011897062786310197,7229.167142857143,0.031405089097976686,Sunday,True,False,38920.0
2020-01-06,atm3500023,Izmir,16845,552,643,35375,38920,1195,38920,7431.63,7614.95,7310.0,7525.46,4138.11820107,0.012734781982631782,0.041792354749798255,7272.294285714286,0.029143587117638526,Monday,False,False,44305.0
2020-01-07,atm3500023,Izmir,2535,553,678,35505,44305,1231,44305,7531.73,8134.95,7516.97,8050.0,13507.54693697,0.06970205143605845,0.1274857208485416,7402.325714285714,0.036201204585928716,Tuesday,False,False,
2020-01-01,atm35000230,Izmir,37315,651,604,42115,41070,1255,41070,7145.05,7237.35,7129.55,7225.58,1211.09527025,0.012017176999851609,0.008870365328362606,7270.584285714285,0.020341564637941383,Wednesday,False,True,40530.0
2020-01-02,atm35000230,Izmir,21460,577,671,36195,40530,1248,40530,7220.0,7224.75,6900.0,6953.17,2993.0241097,-0.03770077972979324,-0.05449860279169694,7213.330000000001,0.021516015367927903,Thursday,False,False,38615.0
2020-01-03,atm35000230,Izmir,7610,442,634,25735,38615,1076,38615,6956.64,7402.31,6853.53,7339.97,8452.87552534,0.05562930289350043,0.017669250595838237,7231.535714285715,0.03126689788469128,Friday,False,False,41325.0
2020-01-04,atm35000230,Izmir,21555,416,653,28340,41325,1069,41325,7339.97,7396.1,7247.73,7291.27,3605.74269447,-0.006634904502334504,-0.003472886609773851,7227.905714285715,0.030986226739449674,Saturday,True,False,44940.0
2020-01-05,atm35000230,Izmir,19390,535,673,35935,44940,1208,44940,7294.0,7495.0,7269.71,7430.83,2614.94778349,0.019140698396849842,0.0011897062786310197,7229.167142857143,0.031405089097976686,Sunday,True,False,44505.0
2020-01-06,atm35000230,Izmir,8615,602,676,36780,44505,1278,44505,7431.63,7614.95,7310.0,7525.46,4138.11820107,0.012734781982631782,0.041792354749798255,7272.294285714286,0.029143587117638526,Monday,False,False,39995.0
2020-01-07,atm35000230,Izmir,39830,510,628,33565,39995,1138,39995,7531.73,8134.95,7516.97,8050.0,13507.54693697,0.06970205143605845,0.1274857208485416,7402.325714285714,0.036201204585928716,Tuesday,False,False,
2020-01-01,atm35000231,Izmir,25200,516,652,32130,39715,1168,39715,7145.05,7237.35,7129.55,7225.58,1211.09527025,0.012017176999851609,0.008870365328362606,7270.584285714285,0.020341564637941383,Wednesday,False,True,44750.0
2020-01-02,atm35000231,Izmir,4975,501,668,31975,44750,1169,44750,7220.0,7224.75,6900.0,6953.17,2993.0241097,-0.03770077972979324,-0.05449860279169694,7213.330000000001,0.021516015367927903,Thursday,False,False,39710.0
2020-01-03,atm35000231,Izmir,33275,587,610,37665,39710,1197,39710,6956.64,7402.31,6853.53,7339.97,8452.87552534,0.05562930289350043,0.017669250595838237,7231.535714285715,0.03126689788469128,Friday,False,False,44365.0
2020-01-04,atm35000231,Izmir,21605,562,658,39070,44365,1220,44365,7339.97,7396.1,7247.73,7291.27,3605.74269447,-0.006634904502334504,-0.003472886609773851,7227.905714285715,0.030986226739449674,Saturday,True,False,46815.0
2020-01-05,atm35000231,Izmir,43170,525,710,32745,46815,1235,46815,7294.0,7495.0,7269.71,7430.83,2614.94778349,0.019140698396849842,0.0011897062786310197,7229.167142857143,0.031405089097976686,Sunday,True,False,41490.0
2020-01-06,atm35000231,Izmir,37385,529,651,36210,41490,1180,41490,7431.63,7614.95,7310.0,7525.46,4138.11820107,0.012734781982631782,0.041792354749798255,7272.294285714286,0.029143587117638526,Monday,False,False,39975.0
2020-01-07,atm35000231,Izmir,30230,539,632,34150,39975,1171,39975,7531.73,8134.95,7516.97,8050.0,13507.54693697,0.06970205143605845,0.1274857208485416,7402.325714285714,0.036201204585928716,Tuesday,False,False,
2020-01-01,atm35000232,Izmir,10660,477,676,28655,42910,1153,42910,7145.05,7237.35,7129.55,7225.58,1211.09527025,0.012017176999851609,0.008870365328362606,7270.584285714285,0.020341564637941383,Wednesday,False,True,40585.0
2020-01-02,atm35000232,Izmir,4360,592,625,35170,40585,1217,40585,7220.0,7224.75,6900.0,6953.17,2993.0241097,-0.03770077972979324,-0.05449860279169694,7213.330000000001,0.021516015367927903,Thursday,False,False,39440.0
2020-01-03,atm35000232,Izmir,45290,500,604,35440,39440,1104,39440,6956.64,7402.31,6853.53,7339.97,8452.87552534,0.05562930289350043,0.017669250595838237,7231.535714285715,0.03126689788469128,Friday,False,False,36670.0
2020-01-04,atm35000232,Izmir,33090,535,629,32210,36670,1164,36670,7339.97,7396.1,7247.73,7291.27,3605.74269447,-0.006634904502334504,-0.003472886609773851,7227.905714285715,0.030986226739449674,Saturday,True,False,42780.0
2020-01-05,atm35000232,Izmir,18820,437,641,30080,42780,1078,42780,7294.0,7495.0,7269.71,7430.83,2614.94778349,0.019140698396849842,0.0011897062786310197,7229.167142857143,0.031405089097976686,Sunday,True,False,43735.0
2020-01-06,atm35000232,Izmir,9320,548,718,35290,43735,1266,43735,7431.63,7614.95,7310.0,7525.46,4138.11820107,0.012734781982631782,0.041792354749798255,7272.294285714286,0.029143587117638526,Monday,False,False,39275.0
2020-01-07,atm35000232,Izmir,6160,624,628,39765,39275,1252,39275,7531.73,8134.95,7516.97,8050.0,13507.54693697,0.06970205143605845,0.1274857208485416,7402.325714285714,0.036201204585928716,Tuesday,False,False,
2020-01-01,atm35000233,Izmir,29850,543,670,35855,43760,1213,43760,7145.05,7237.35,7129.55,7225.58,1211.09527025,0.012017176999851609,0.008870365328362606,7270.584285714285,0.020341564637941383,Wednesday,False,True,41025.0
2020-01-02,atm35000233,Izmir,15090,521,606,35845,41025,1127,41025,7220.0,7224.75,6900.0,6953.17,2993.0241097,-0.03770077972979324,-0.05449860279169694,7213.330000000001,0.021516015367927903,Thursday,False,False,42880.0
2020-01-03,atm35000233,Izmir,43785,594,691,37515,42880,1285,42880,6956.64,7402.31,6853.53,7339.97,8452.87552534,0.05562930289350043,0.017669250595838237,7231.535714285715,0.03126689788469128,Friday,False,False,40700.0
2020-01-04,atm35000233,Izmir,44550,572,639,34645,40700,1211,40700,7339.97,7396.1,7247.73,7291.27,3605.74269447,-0.006634904502334504,-0.003472886609773851,7227.905714285715,0.030986226739449674,Saturday,True,False,41955.0
2020-01-05,atm35000233,Izmir,28860,494,640,32010,41955,1134,41955,7294.0,7495.0,7269.71,7430.83,2614.94778349,0.019140698396849842,0.0011897062786310197,7229.167142857143,0.031405089097976686,Sunday,True,False,34435.0
2020-01-06,atm35000233,Izmir,26485,579,588,37695,34435,1167,34435,7431.63,7614.95,7310.0,7525.46,4138.11820107,0.012734781982631782,0.041792354749798255,7272.294285714286,0.029143587117638526,Monday,False,False,38035.0
2020-01-07,atm35000233,Izmir,8290,513,599,34545,38035,1112,38035,7531.73,8134.95,7516.97,8050.0,13507.54693697,0.06970205143605845,0.1274857208485416,7402.325714285714,0.036201204585928716,Tuesday,False,False,
2020-01-01,atm35000234,Izmir,32115,573,656,37490,42070,1229,42070,7145.05,7237.35,7129.55,7225.58,1211.09527025,0.012017176999851609,0.008870365328362606,7270.584285714285,0.020341564637941383,Wednesday,False,True,44400.0
2020-01-02,atm35000234,Izmir,18050,542,665,35110,44400,1207,44400,7220.0,7224.75,6900.0,6953.17,2993.0241097,-0.03770077972979324,-0.05449860279169694,7213.330000000001,0.021516015367927903,Thursday,False,False,38880.0
2020-01-03,atm35000234,Izmir,8260,560,615,34690,38880,1175,38880,6956.64,7402.31,6853.53,7339.97,8452.87552534,0.05562930289350043,0.017669250595838237,7231.535714285715,0.03126689788469128,Friday,False,False,36055.0
2020-01-04,atm35000234,Izmir,48130,593,590,37555,36055,1183,36055,7339.97,7396.1,7247.73,7291.27,3605.74269447,-0.006634904502334504,-0.003472886609773851,7227.905714285715,0.030986226739449674,Saturday,True,False,33885.0
2020-01-05,atm35000234,Izmir,33270,482,560,33080,33885,1042,33885,7294.0,7495.0,7269.71,7430.83,2614.94778349,0.019140698396849842,0.0011897062786310197,7229.167142857143,0.031405089097976686,Sunday,True,False,38535.0
2020-01-06,atm35000234,Izmir,26695,595,623,38260,38535,1218,38535,7431.63,7614.95,7310.0,7525.46,4138.11820107,0.012734781982631782,0.041792354749798255,7272.294285714286,0.029143587117638526,Monday,False,False,42850.0
2020-01-07,atm35000234,Izmir,20840,618,704,38905,42850,1322,42850,7531.73,8134.95,7516.97,8050.0,13507.54693697,0.06970205143605845,0.1274857208485416,7402.325714285714,0.036201204585928716,Tuesday,False,False,
2020-01-01,atm35000235,Izmir,26155,529,600,31410,36845,1129,36845,7145.05,7237.35,7129.55,7225.58,1211.09527025,0.012017176999851609,0.008870365328362606,7270.584285714285,0.020341564637941383,Wednesday,False,True,38865.0
2020-01-02,atm35000235,Izmir,8685,524,616,33400,38865,1140,38865,7220.0,7224.75,6900.0,6953.17,2993.0241097,-0.03770077972979324,-0.05449860279169694,7213.330000000001,0.021516015367927903,Thursday,False,False,49620.0
2020-01-03,atm35000235,Izmir,34830,572,736,37730,49620,1308,49620,6956.64,7402.31,6853.53,7339.97,8452.87552534,0.05562930289350043,0.017669250595838237,7231.535714285715,0.03126689788469128,Friday,False,False,42980.0
2020-01-04,atm35000235,Izmir,19585,605,671,37070,42980,1276,42980,7339.97,7396.1,7247.73,7291.27,3605.74269447,-0.006634904502334504,-0.003472886609773851,7227.905714285715,0.030986226739449674,Saturday,True,False,37335.0
2020-01-05,atm35000235,Izmir,6425,498,625,34695,37335,1123,37335,7294.0,7495.0,7269.71,7430.83,2614.94778349,0.019140698396849842,0.0011897062786310197,7229.167142857143,0.031405089097976686,Sunday,True,False,41435.0
2020-01-06,atm35000235,Izmir,6670,581,642,37195,41435,1223,41435,7431.63,7614.95,7310.0,7525.46,4138.11820107,0.012734781982631782,0.041792354749798255,7272.294285714286,0.029143587117638526,Monday,False,False,38130.0
2020-01-07,atm35000235,Izmir,5740,563,602,36940,38130,1165,38130,7531.73,8134.95,7516.97,8050.0,13507.54693697,0.06970205143605845,0.1274857208485416,7402.325714285714,0.036201204585928716,Tuesday,False,False,
2020-01-01,atm35000236,Izmir,33095,672,655,45170,44810,1327,44810,7145.05,7237.35,7129.55,7225.58,1211.09527025,0.012017176999851609,0.008870365328362606,7270.584285714285,0.020341564637941383,Wednesday,False,True,37690.0
2020-01-02,atm35000236,Izmir,36245,720,567,46940,37690,1287,37690,7220.0,7224.75,6900.0,6953.17,2993.0241097,-0.03770077972979324,-0.05449860279169694,7213.330000000001,0.021516015367927903,Thursday,False,False,45045.0
2020-01-03,atm35000236,Izmir,17700,494,660,29530,45045,1154,45045,6956.64,7402.31,6853.53,7339.97,8452.87552534,0.05562930289350043,0.017669250595838237,7231.535714285715,0.03126689788469128,Friday,False,False,41550.0
2020-01-04,atm35000236,Izmir,38235,529,607,32340,41550,1136,41550,7339.97,7396.1,7247.73,7291.27,3605.74269447,-0.006634904502334504,-0.003472886609773851,7227.905714285715,0.030986226739449674,Saturday,True,False,40745.0
2020-01-05,atm35000236,Izmir,33030,612,670,39505,40745,1282,40745,7294.0,7495.0,7269.71,7430.83,2614.94778349,0.019140698396849842,0.0011897062786310197,7229.167142857143,0.031405089097976686,Sunday,True,False,44670.0
2020-01-06,atm35000236,Izmir,20535,611,648,41010,44670,1259,44670,7431.63,7614.95,7310.0,7525.46,4138.11820107,0.012734781982631782,0.041792354749798255,7272.294285714286,0.029143587117638526,Monday,False,False,34925.0
2020-01-07,atm35000236,Izmir,18655,667,550,42070,34925,1217,34925,7531.73,8134.95,7516.97,8050.0,13507.54693697,0.06970205143605845,0.1274857208485416,7402.325714285714,0.036201204585928716,Tuesday,False,False,
2020-01-01,atm35000237,Izmir,31175,572,548,35930,37685,1120,37685,7145.05,7237.35,7129.55,7225.58,1211.09527025,0.012017176999851609,0.008870365328362606,7270.584285714285,0.020341564637941383,Wednesday,False,True,43130.0
2020-01-02,atm35000237,Izmir,20515,514,636,32145,43130,1150,43130,7220.0,7224.75,6900.0,6953.17,2993.0241097,-0.03770077972979324,-0.05449860279169694,7213.330000000001,0.021516015367927903,Thursday,False,False,41315.0
2020-01-03,atm35000237,Izmir,3820,514,636,30425,41315,1150,41315,6956.64,7402.31,6853.53,7339.97,8452.87552534,0.05562930289350043,0.017669250595838237,7231.535714285715,0.03126689788469128,Friday,False,False,35620.0
2020-01-04,atm35000237,Izmir,7705,586,571,42070,35620,1157,35620,7339.97,7396.1,7247.73,7291.27,3605.74269447,-0.006634904502334504,-0.003472886609773851,7227.905714285715,0.030986226739449674,Saturday,True,False,45270.0
2020-01-05,atm35000237,Izmir,5530,635,670,44905,45270,1305,45270,7294.0,7495.0,7269.71,7430.83,2614.94778349,0.019140698396849842,0.0011897062786310197,7229.167142857143,0.031405089097976686,Sunday,True,False,40995.0
2020-01-06,atm35000237,Izmir,41550,548,629,36560,40995,1177,40995,7431.63,7614.95,7310.0,7525.46,4138.11820107,0.012734781982631782,0.041792354749798255,7272.294285714286,0.029143587117638526,Monday,False,False,40620.0
2020-01-07,atm35000237,Izmir,35325,632,658,42055,40620,1290,40620,7531.73,8134.95,7516.97,8050.0,13507.54693697,0.06970205143605845,0.1274857208485416,7402.325714285714,0.036201204585928716,Tuesday,False,False,
2020-01-01,atm35000238,Izmir,25700,485,608,31455,37230,1093,37230,7145.05,7237.35,7129.55,7225.58,1211.09527025,0.012017176999851609,0.008870365328362606,7270.584285714285,0.020341564637941383,Wednesday,False,True,43675.0
2020-01-02,atm35000238,Izmir,24435,647,642,42675,43675,1289,43675,7220.0,7224.75,6900.0,6953.17,2993.0241097,-0.03770077972979324,-0.05449860279169694,7213.330000000001,0.021516015367927903,Thursday,False,False,38720.0
2020-01-03,atm35000238,Izmir,17550,483,609,33275,38720,1092,38720,6956.64,7402.31,6853.53,7339.97,8452.87552534,0.05562930289350043,0.017669250595838237,7231.535714285715,0.03126689788469128,Friday,False,False,42705.0
2020-01-04,atm35000238,Izmir,43530,541,656,36110,42705,1197,42705,7339.97,7396.1,7247.73,7291.27,3605.74269447,-0.006634904502334504,-0.003472886609773851,7227.905714285715,0.030986226739449674,Saturday,True,False,38385.0
2020-01-05,atm35000238,Izmir,31940,518,642,34355,38385,1160,38385,7294.0,7495.0,7269.71,7430.83,2614.94778349,0.019140698396849842,0.0011897062786310197,7229.167142857143,0.031405089097976686,Sunday,True,False,39990.0
2020-01-06,atm35000238,Izmir,21260,530,629,32890,39990,1159,39990,7431.63,7614.95,7310.0,7525.46,4138.11820107,0.012734781982631782,0.041792354749798255,7272.294285714286,0.029143587117638526,Monday,False,False,41100.0
2020-01-07,atm35000238,Izmir,8950,669,657,40275,41100,1326,41100,7531.73,8134.95,7516.97,8050.0,13507.54693697,0.06970205143605845,0.1274857208485416,7402.325714285714,0.036201204585928716,Tuesday,False,False,
2020-01-01,atm35000239,Izmir,21150,510,701,32100,43895,1211,43895,7145.05,7237.35,7129.55,7225.58,1211.09527025,0.012017176999851609,0.008870365328362606,7270.584285714285,0.020341564637941383,Wednesday,False,True,39260.0
2020-01-02,atm35000239,Izmir,15090,588,620,36270,39260,1208,39260,7220.0,7224.75,6900.0,6953.17,2993.0241097,-0.03770077972979324,-0.05449860279169694,7213.330000000001,0.021516015367927903,Thursday,False,False,34205.0
2020-01-03,atm35000239,Izmir,4925,500,560,33905,34205,1060,34205,6956.64,7402.31,6853.53,7339.97,8452.87552534,0.05562930289350043,0.017669250595838237,7231.535714285715,0.03126689788469128,Friday,False,False,43365.0
2020-01-04,atm35000239,Izmir,3690,606,653,39820,43365,1259,43365,7339.97,7396.1,7247.73,7291.27,3605.74269447,-0.006634904502334504,-0.003472886609773851,7227.905714285715,0.030986226739449674,Saturday,True,False,37755.0
2020-01-05,atm35000239,Izmir,32035,596,596,37795,37755,1192,37755,7294.0,7495.0,7269.71,7430.83,2614.94778349,0.019140698396849842,0.0011897062786310197,7229.167142857143,0.031405089097976686,Sunday,True,False,35990.0
2020-01-06,atm35000239,Izmir,33395,545,619,35690,35990,1164,35990,7431.63,7614.95,7310.0,7525.46,4138.11820107,0.012734781982631782,0.041792354749798255,7272.294285714286,0.029143587117638526,Monday,False,False,37830.0
2020-01-07,atm35000239,Izmir,35035,653,608,46180,37830,1261,37830,7531.73,8134.95,7516.97,8050.0,13507.54693697,0.06970205143605845,0.1274857208485416,7402.325714285714,0.036201204585928716,Tuesday,False,False,
2020-01-01,atm3500024,Izmir,29740,516,661,33940,41060,1177,41060,7145.05,7237.35,7129.55,7225.58,1211.09527025,0.012017176999851609,0.008870365328362606,7270.584285714285,0.020341564637941383,Wednesday,False,True,44955.0
2020-01-02,atm3500024,Izmir,2405,503,664,33010,44955,1167,44955,7220.0,7224.75,6900.0,6953.17,2993.0241097,-0.03770077972979324,-0.05449860279169694,7213.330000000001,0.021516015367927903,Thursday,False,False,43220.0
2020-01-03,atm3500024,Izmir,30560,666,655,41425,43220,1321,43220,6956.64,7402.31,6853.53,7339.97,8452.87552534,0.05562930289350043,0.017669250595838237,7231.535714285715,0.03126689788469128,Friday,False,False,41890.0
2020-01-04,atm3500024,Izmir,13875,519,632,35195,41890,1151,41890,7339.97,7396.1,7247.73,7291.27,3605.74269447,-0.006634904502334504,-0.003472886609773851,7227.905714285715,0.030986226739449674,Saturday,True,False,40655.0
2020-01-05,atm3500024,Izmir,42190,553,645,34855,40655,1198,40655,7294.0,7495.0,7269.71,7430.83,2614.94778349,0.019140698396849842,0.0011897062786310197,7229.167142857143,0.031405089097976686,Sunday,True,False,42890.0
2020-01-06,atm3500024,Izmir,33265,624,680,39005,42890,1304,42890,7431.63,7614.95,7310.0,7525.46,4138.11820107,0.012734781982631782,0.041792354749798255,7272.294285714286,0.029143587117638526,Monday,False,False,37315.0
2020-01-07,atm3500024,Izmir,31395,606,574,38325,37315,1180,37315,7531.73,8134.95,7516.97,8050.0,13507.54693697,0.06970205143605845,0.1274857208485416,7402.325714285714,0.036201204585928716,Tuesday,False,False,
2020-01-01,atm35000240,Izmir,32515,534,634,33005,39075,1168,39075,7145.05,7237.35,7129.55,7225.58,1211.09527025,0.012017176999851609,0.008870365328362606,7270.584285714285,0.020341564637941383,Wednesday,False,True,43325.0
2020-01-02,atm35000240,Izmir,22055,595,652,39165,43325,1247,43325,7220.0,7224.75,6900.0,6953.17,2993.0241097,-0.03770077972979324,-0.05449860279169694,7213.330000000001,0.021516015367927903,Thursday,False,False,42045.0
2020-01-03,atm35000240,Izmir,13515,524,611,33430,42045,1135,42045,6956.64,7402.31,6853.53,7339.97,8452.87552534,0.05562930289350043,0.017669250595838237,7231.535714285715,0.03126689788469128,Friday,False,False,32410.0
2020-01-04,atm35000240,Izmir,18160,696,531,42275,32410,1227,32410,7339.97,7396.1,7247.73,7291.27,3605.74269447,-0.006634904502334504,-0.003472886609773851,7227.905714285715,0.030986226739449674,Saturday,True,False,44150.0
2020-01-05,atm35000240,Izmir,36100,506,642,31410,44150,1148,44150,7294.0,7495.0,7269.71,7430.83,2614.94778349,0.019140698396849842,0.0011897062786310197,7229.167142857143,0.031405089097976686,Sunday,True,False,44485.0
2020-01-06,atm35000240,Izmir,22195,496,712,32880,44485,1208,44485,7431.63,7614.95,7310.0,7525.46,4138.11820107,0.012734781982631782,0.041792354749798255,7272.294285714286,0.029143587117638526,Monday,False,False,44175.0
2020-01-07,atm35000240,Izmir,40415,542,649,32030,44175,1191,44175,7531.73,8134.95,7516.97,8050.0,13507.54693697,0.06970205143605845,0.1274857208485416,7402.325714285714,0.036201204585928716,Tuesday,False,False,
2020-01-01,atm35000241,Izmir,14240,405,635,25615,42765,1040,42765,7145.05,7237.35,7129.55,7225.58,1211.09527025,0.012017176999851609,0.008870365328362606,7270.584285714285,0.020341564637941383,Wednesday,False,True,44925.0
2020-01-02,atm35000241,Izmir,13055,607,686,38620,44925,1293,44925,7220.0,7224.75,6900.0,6953.17,2993.0241097,-0.03770077972979324,-0.05449860279169694,7213.330000000001,0.021516015367927903,Thursday,False,False,37490.0
2020-01-03,atm35000241,Izmir,33175,479,581,29845,37490,1060,37490,6956.64,7402.31,6853.53,7339.97,8452.87552534,0.05562930289350043,0.017669250595838237,7231.535714285715,0.03126689788469128,Friday,False,False,38080.0
2020-01-04,atm35000241,Izmir,28470,525,645,33565,38080,1170,38080,7339.97,7396.1,7247.73,7291.27,3605.74269447,-0.006634904502334504,-0.003472886609773851,7227.905714285715,0.030986226739449674,Saturday,True,False,40625.0
2020-01-05,atm35000241,Izmir,11000,529,624,33105,40625,1153,40625,7294.0,7495.0,7269.71,7430.83,2614.94778349,0.019140698396849842,0.0011897062786310197,7229.167142857143,0.031405089097976686,Sunday,True,False,39930.0
2020-01-06,atm35000241,Izmir,32420,476,671,29240,39930,1147,39930,7431.63,7614.95,7310.0,7525.46,4138.11820107,0.012734781982631782,0.041792354749798255,7272.294285714286,0.029143587117638526,Monday,False,False,42725.0
2020-01-07,atm35000241,Izmir,11225,544,679,33810,42725,1223,42725,7531.73,8134.95,7516.97,8050.0,13507.54693697,0.06970205143605845,0.1274857208485416,7402.325714285714,0.036201204585928716,Tuesday,False,False,
2020-01-01,atm35000242,Izmir,24155,455,598,29370,40320,1053,40320,7145.05,7237.35,7129.55,7225.58,1211.09527025,0.012017176999851609,0.008870365328362606,7270.584285714285,0.020341564637941383,Wednesday,False,True,39030.0
2020-01-02,atm35000242,Izmir,16210,539,581,34375,39030,1120,39030,7220.0,7224.75,6900.0,6953.17,2993.0241097,-0.03770077972979324,-0.05449860279169694,7213.330000000001,0.021516015367927903,Thursday,False,False,51250.0
2020-01-03,atm35000242,Izmir,36500,535,734,36610,51250,1269,51250,6956.64,7402.31,6853.53,7339.97,8452.87552534,0.05562930289350043,0.017669250595838237,7231.535714285715,0.03126689788469128,Friday,False,False,45955.0
2020-01-04,atm35000242,Izmir,15305,602,674,38770,45955,1276,45955,7339.97,7396.1,7247.73,7291.27,3605.74269447,-0.006634904502334504,-0.003472886609773851,7227.905714285715,0.030986226739449674,Saturday,True,False,44705.0
2020-01-05,atm35000242,Izmir,38425,549,700,35070,44705,1249,44705,7294.0,7495.0,7269.71,7430.83,2614.94778349,0.019140698396849842,0.0011897062786310197,7229.167142857143,0.031405089097976686,Sunday,True,False,39130.0
2020-01-06,atm35000242,Izmir,32545,555,600,34635,39130,1155,39130,7431.63,7614.95,7310.0,7525.46,4138.11820107,0.012734781982631782,0.041792354749798255,7272.294285714286,0.029143587117638526,Monday,False,False,42965.0
2020-01-07,atm35000242,Izmir,16465,568,649,35350,42965,1217,42965,7531.73,8134.95,7516.97,8050.0,13507.54693697,0.06970205143605845,0.1274857208485416,7402.325714285714,0.036201204585928716,Tuesday,False,False,
2020-01-01,atm35000243,Izmir,30275,529,662,36820,45620,1191,45620,7145.05,7237.35,7129.55,7225.58,1211.09527025,0.012017176999851609,0.008870365328362606,7270.584285714285,0.020341564637941383,Wednesday,False,True,47055.0
2020-01-02,atm35000243,Izmir,18100,630,698,39250,47055,1328,47055,7220.0,7224.75,6900.0,6953.17,2993.0241097,-0.03770077972979324,-0.05449860279169694,7213.330000000001,0.021516015367927903,Thursday,False,False,42145.0
2020-01-03,atm35000243,Izmir,42325,518,607,30745,42145,1125,42145,6956.64,7402.31,6853.53,7339.97,8452.87552534,0.05562930289350043,0.017669250595838237,7231.535714285715,0.03126689788469128,Friday,False,False,40685.0
2020-01-04,atm35000243,Izmir,20805,520,658,32755,40685,1178,40685,7339.97,7396.1,7247.73,7291.27,3605.74269447,-0.006634904502334504,-0.003472886609773851,7227.905714285715,0.030986226739449674,Saturday,True,False,36310.0
2020-01-05,atm35000243,Izmir,17525,595,577,36045,36310,1172,36310,7294.0,7495.0,7269.71,7430.83,2614.94778349,0.019140698396849842,0.0011897062786310197,7229.167142857143,0.031405089097976686,Sunday,True,False,42575.0
2020-01-06,atm35000243,Izmir,10125,629,721,43140,42575,1350,42575,7431.63,7614.95,7310.0,7525.46,4138.11820107,0.012734781982631782,0.041792354749798255,7272.294285714286,0.029143587117638526,Monday,False,False,37070.0
2020-01-07,atm35000243,Izmir,6545,583,585,37385,37070,1168,37070,7531.73,8134.95,7516.97,8050.0,13507.54693697,0.06970205143605845,0.1274857208485416,7402.325714285714,0.036201204585928716,Tuesday,False,False,
2020-01-01,atm35000244,Izmir,26780,483,647,32745,40640,1130,40640,7145.05,7237.35,7129.55,7225.58,1211.09527025,0.012017176999851609,0.008870365328362606,7270.584285714285,0.020341564637941383,Wednesday,False,True,46150.0
2020-01-02,atm35000244,Izmir,9685,526,724,31420,46150,1250,46150,7220.0,7224.75,6900.0,6953.17,2993.0241097,-0.03770077972979324,-0.05449860279169694,7213.330000000001,0.021516015367927903,Thursday,False,False,41140.0
2020-01-03,atm35000244,Izmir,4640,636,615,40145,41140,1251,41140,6956.64,7402.31,6853.53,7339.97,8452.87552534,0.05562930289350043,0.017669250595838237,7231.535714285715,0.03126689788469128,Friday,False,False,39380.0
2020-01-04,atm35000244,Izmir,26970,606,638,36880,39380,1244,39380,7339.97,7396.1,7247.73,7291.27,3605.74269447,-0.006634904502334504,-0.003472886609773851,7227.905714285715,0.030986226739449674,Saturday,True,False,38150.0
2020-01-05,atm35000244,Izmir,10465,449,583,29465,38150,1032,38150,7294.0,7495.0,7269.71,7430.83,2614.94778349,0.019140698396849842,0.0011897062786310197,7229.167142857143,0.031405089097976686,Sunday,True,False,37075.0
2020-01-06,atm35000244,Izmir,43085,581,590,33625,37075,1171,37075,7431.63,7614.95,7310.0,7525.46,4138.11820107,0.012734781982631782,0.041792354749798255,7272.294285714286,0.029143587117638526,Monday,False,False,40740.0
2020-01-07,atm35000244,Izmir,33780,532,632,31580,40740,1164,40740,7531.73,8134.95,7516.97,8050.0,13507.54693697,0.06970205143605845,0.1274857208485416,7402.325714285714,0.036201204585928716,Tuesday,False,False,
2020-01-01,atm35000245,Izmir,36075,515,599,33025,35615,1114,35615,7145.05,7237.35,7129.55,7225.58,1211.09527025,0.012017176999851609,0.008870365328362606,7270.584285714285,0.020341564637941383,Wednesday,False,True,31940.0
2020-01-02,atm35000245,Izmir,31210,522,547,36630,31940,1069,31940,7220.0,7224.75,6900.0,6953.17,2993.0241097,-0.03770077972979324,-0.05449860279169694,7213.330000000001,0.021516015367927903,Thursday,False,False,41265.0
2020-01-03,atm35000245,Izmir,25945,483,641,30890,41265,1124,41265,6956.64,7402.31,6853.53,7339.97,8452.87552534,0.05562930289350043,0.017669250595838237,7231.535714285715,0.03126689788469128,Friday,False,False,45850.0
2020-01-04,atm35000245,Izmir,9440,595,672,38400,45850,1267,45850,7339.97,7396.1,7247.73,7291.27,3605.74269447,-0.006634904502334504,-0.003472886609773851,7227.905714285715,0.030986226739449674,Saturday,True,False,41340.0
2020-01-05,atm35000245,Izmir,35880,553,640,33265,41340,1193,41340,7294.0,7495.0,7269.71,7430.83,2614.94778349,0.019140698396849842,0.0011897062786310197,7229.167142857143,0.031405089097976686,Sunday,True,False,39190.0
2020-01-06,atm35000245,Izmir,23920,552,604,34505,39190,1156,39190,7431.63,7614.95,7310.0,7525.46,4138.11820107,0.012734781982631782,0.041792354749798255,7272.294285714286,0.029143587117638526,Monday,False,False,41625.0
2020-01-07,atm35000245,Izmir,6210,544,629,34225,41625,1173,41625,7531.73,8134.95,7516.97,8050.0,13507.54693697,0.06970205143605845,0.1274857208485416,7402.325714285714,0.036201204585928716,Tuesday,False,False,
2020-01-01,atm35000246,Izmir,27960,534,645,32640,41465,1179,41465,7145.05,7237.35,7129.55,7225.58,1211.09527025,0.012017176999851609,0.008870365328362606,7270.584285714285,0.020341564637941383,Wednesday,False,True,41835.0
2020-01-02,atm35000246,Izmir,11510,539,645,32645,41835,1184,41835,7220.0,7224.75,6900.0,6953.17,2993.0241097,-0.03770077972979324,-0.05449860279169694,7213.330000000001,0.021516015367927903,Thursday,False,False,43985.0
2020-01-03,atm35000246,Izmir,6340,611,687,39565,43985,1298,43985,6956.64,7402.31,6853.53,7339.97,8452.87552534,0.05562930289350043,0.017669250595838237,7231.535714285715,0.03126689788469128,Friday,False,False,42360.0
2020-01-04,atm35000246,Izmir,5485,657,677,40610,42360,1334,42360,7339.97,7396.1,7247.73,7291.27,3605.74269447,-0.006634904502334504,-0.003472886609773851,7227.905714285715,0.030986226739449674,Saturday,True,False,45345.0
2020-01-05,atm35000246,Izmir,24280,485,723,30395,45345,1208,45345,7294.0,7495.0,7269.71,7430.83,2614.94778349,0.019140698396849842,0.0011897062786310197,7229.167142857143,0.031405089097976686,Sunday,True,False,40575.0
2020-01-06,atm35000246,Izmir,18335,640,666,42650,40575,1306,40575,7431.63,7614.95,7310.0,7525.46,4138.11820107,0.012734781982631782,0.041792354749798255,7272.294285714286,0.029143587117638526,Monday,False,False,37640.0
2020-01-07,atm35000246,Izmir,10230,506,635,32755,37640,1141,37640,7531.73,8134.95,7516.97,8050.0,13507.54693697,0.06970205143605845,0.1274857208485416,7402.325714285714,0.036201204585928716,Tuesday,False,False,
2020-01-01,atm35000247,Izmir,30980,526,591,32950,40355,1117,40355,7145.05,7237.35,7129.55,7225.58,1211.09527025,0.012017176999851609,0.008870365328362606,7270.584285714285,0.020341564637941383,Wednesday,False,True,42345.0
2020-01-02,atm35000247,Izmir,16020,554,629,35945,42345,1183,42345,7220.0,7224.75,6900.0,6953.17,2993.0241097,-0.03770077972979324,-0.05449860279169694,7213.330000000001,0.021516015367927903,Thursday,False,False,49600.0
2020-01-03,atm35000247,Izmir,11875,628,724,43915,49600,1352,49600,6956.64,7402.31,6853.53,7339.97,8452.87552534,0.05562930289350043,0.017669250595838237,7231.535714285715,0.03126689788469128,Friday,False,False,38950.0
2020-01-04,atm35000247,Izmir,13840,618,626,40140,38950,1244,38950,7339.97,7396.1,7247.73,7291.27,3605.74269447,-0.006634904502334504,-0.003472886609773851,7227.905714285715,0.030986226739449674,Saturday,True,False,39240.0
2020-01-05,atm35000247,Izmir,4670,545,611,35945,39240,1156,39240,7294.0,7495.0,7269.71,7430.83,2614.94778349,0.019140698396849842,0.0011897062786310197,7229.167142857143,0.031405089097976686,Sunday,True,False,38695.0
2020-01-06,atm35000247,Izmir,31320,488,609,29985,38695,1097,38695,7431.63,7614.95,7310.0,7525.46,4138.11820107,0.012734781982631782,0.041792354749798255,7272.294285714286,0.029143587117638526,Monday,False,False,37245.0
2020-01-07,atm35000247,Izmir,29070,582,618,35680,37245,1200,37245,7531.73,8134.95,7516.97,8050.0,13507.54693697,0.06970205143605845,0.1274857208485416,7402.325714285714,0.036201204585928716,Tuesday,False,False,
2020-01-01,atm35000248,Izmir,23495,453,642,30720,43300,1095,43300,7145.05,7237.35,7129.55,7225.58,1211.09527025,0.012017176999851609,0.008870365328362606,7270.584285714285,0.020341564637941383,Wednesday,False,True,42770.0
2020-01-02,atm35000248,Izmir,6230,535,680,34455,42770,1215,42770,7220.0,7224.75,6900.0,6953.17,2993.0241097,-0.03770077972979324,-0.05449860279169694,7213.330000000001,0.021516015367927903,Thursday,False,False,42645.0
2020-01-03,atm35000248,Izmir,41015,515,631,36350,42645,1146,42645,6956.64,7402.31,6853.53,7339.97,8452.87552534,0.05562930289350043,0.017669250595838237,7231.535714285715,0.03126689788469128,Friday,False,False,44795.0
2020-01-04,atm35000248,Izmir,30265,546,659,33505,44795,1205,44795,7339.97,7396.1,7247.73,7291.27,3605.74269447,-0.006634904502334504,-0.003472886609773851,7227.905714285715,0.030986226739449674,Saturday,True,False,42095.0
2020-01-05,atm35000248,Izmir,10920,570,648,38210,42095,1218,42095,7294.0,7495.0,7269.71,7430.83,2614.94778349,0.019140698396849842,0.0011897062786310197,7229.167142857143,0.031405089097976686,Sunday,True,False,35470.0
2020-01-06,atm35000248,Izmir,14770,554,582,35335,35470,1136,35470,7431.63,7614.95,7310.0,7525.46,4138.11820107,0.012734781982631782,0.041792354749798255,7272.294285714286,0.029143587117638526,Monday,False,False,44275.0
2020-01-07,atm35000248,Izmir,3455,564,678,38295,44275,1242,44275,7531.73,8134.95,7516.97,8050.0,13507.54693697,0.06970205143605845,0.1274857208485416,7402.325714285714,0.036201204585928716,Tuesday,False,False,
2020-01-01,atm35000249,Izmir,33130,628,642,37890,41300,1270,41300,7145.05,7237.35,7129.55,7225.58,1211.09527025,0.012017176999851609,0.008870365328362606,7270.584285714285,0.020341564637941383,Wednesday,False,True,42225.0
2020-01-02,atm35000249,Izmir,27405,622,619,40055,42225,1241,42225,7220.0,7224.75,6900.0,6953.17,2993.0241097,-0.03770077972979324,-0.05449860279169694,7213.330000000001,0.021516015367927903,Thursday,False,False,38715.0
2020-01-03,atm35000249,Izmir,30600,629,626,41740,38715,1255,38715,6956.64,7402.31,6853.53,7339.97,8452.87552534,0.05562930289350043,0.017669250595838237,7231.535714285715,0.03126689788469128,Friday,False,False,38345.0
2020-01-04,atm35000249,Izmir,11075,530,620,31935,38345,1150,38345,7339.97,7396.1,7247.73,7291.27,3605.74269447,-0.006634904502334504,-0.003472886609773851,7227.905714285715,0.030986226739449674,Saturday,True,False,45715.0
2020-01-05,atm35000249,Izmir,2450,596,687,40320,45715,1283,45715,7294.0,7495.0,7269.71,7430.83,2614.94778349,0.019140698396849842,0.0011897062786310197,7229.167142857143,0.031405089097976686,Sunday,True,False,37460.0
2020-01-06,atm35000249,Izmir,28505,476,628,29300,37460,1104,37460,7431.63,7614.95,7310.0,7525.46,4138.11820107,0.012734781982631782,0.041792354749798255,7272.294285714286,0.029143587117638526,Monday,False,False,44485.0
2020-01-07,atm35000249,Izmir,7720,513,659,36500,44485,1172,44485,7531.73,8134.95,7516.97,8050.0,13507.54693697,0.06970205143605845,0.1274857208485416,7402.325714285714,0.036201204585928716,Tuesday,False,False,
2020-01-01,atm3500025,Izmir,27875,552,632,33395,39560,1184,39560,7145.05,7237.35,7129.55,7225.58,1211.09527025,0.012017176999851609,0.008870365328362606,7270.584285714285,0.020341564637941383,Wednesday,False,True,41160.0
2020-01-02,atm3500025,Izmir,21600,666,658,41645,41160,1324,41160,7220.0,7224.75,6900.0,6953.17,2993.0241097,-0.03770077972979324,-0.05449860279169694,7213.330000000001,0.021516015367927903,Thursday,False,False,36600.0
2020-01-03,atm3500025,Izmir,16855,594,607,37640,36600,1201,36600,6956.64,7402.31,6853.53,7339.97,8452.87552534,0.05562930289350043,0.017669250595838237,7231.535714285715,0.03126689788469128,Friday,False,False,46230.0
2020-01-04,atm3500025,Izmir,22050,691,701,48980,46230,1392,46230,7339.97,7396.1,7247.73,7291.27,3605.74269447,-0.006634904502334504,-0.003472886609773851,7227.905714285715,0.030986226739449674,Saturday,True,False,45535.0
2020-01-05,atm3500025,Izmir,17790,653,666,42745,45535,1319,45535,7294.0,7495.0,7269.71,7430.83,2614.94778349,0.019140698396849842,0.0011897062786310197,7229.167142857143,0.031405089097976686,Sunday,True,False,38260.0
2020-01-06,atm3500025,Izmir,8860,590,621,38215,38260,1211,38260,7431.63,7614.95,7310.0,7525.46,4138.11820107,0.012734781982631782,0.041792354749798255,7272.294285714286,0.029143587117638526,Monday,False,False,42045.0
2020-01-07,atm3500025,Izmir,34180,573,714,35755,42045,1287,42045,7531.73,8134.95,7516.97,8050.0,13507.54693697,0.06970205143605845,0.1274857208485416,7402.325714285714,0.036201204585928716,Tuesday,False,False,
2020-01-01,atm35000250,Izmir,53130,626,588,42315,36320,1214,36320,7145.05,7237.35,7129.55,7225.58,1211.09527025,0.012017176999851609,0.008870365328362606,7270.584285714285,0.020341564637941383,Wednesday,False,True,41340.0
2020-01-02,atm35000250,Izmir,41955,521,705,32545,41340,1226,41340,7220.0,7224.75,6900.0,6953.17,2993.0241097,-0.03770077972979324,-0.05449860279169694,7213.330000000001,0.021516015367927903,Thursday,False,False,47805.0
2020-01-03,atm35000250,Izmir,28140,588,740,37320,47805,1328,47805,6956.64,7402.31,6853.53,7339.97,8452.87552534,0.05562930289350043,0.017669250595838237,7231.535714285715,0.03126689788469128,Friday,False,False,47330.0
2020-01-04,atm35000250,Izmir,11555,619,709,40500,47330,1328,47330,7339.97,7396.1,7247.73,7291.27,3605.74269447,-0.006634904502334504,-0.003472886609773851,7227.905714285715,0.030986226739449674,Saturday,True,False,39225.0
2020-01-05,atm35000250,Izmir,36330,501,596,31820,39225,1097,39225,7294.0,7495.0,7269.71,7430.83,2614.94778349,0.019140698396849842,0.0011897062786310197,7229.167142857143,0.031405089097976686,Sunday,True,False,43340.0
2020-01-06,atm35000250,Izmir,20945,590,673,35520,43340,1263,43340,7431.63,7614.95,7310.0,7525.46,4138.11820107,0.012734781982631782,0.041792354749798255,7272.294285714286,0.029143587117638526,Monday,False,False,39250.0
2020-01-07,atm35000250,Izmir,8865,552,612,37750,39250,1164,39250,7531.73,8134.95,7516.97,8050.0,13507.54693697,0.06970205143605845,0.1274857208485416,7402.325714285714,0.036201204585928716,Tuesday,False,False,
2020-01-01,atm35000251,Izmir,40900,513,575,37690,38375,1088,38375,7145.05,7237.35,7129.55,7225.58,1211.09527025,0.012017176999851609,0.008870365328362606,7270.584285714285,0.020341564637941383,Wednesday,False,True,34000.0
2020-01-02,atm35000251,Izmir,36235,596,523,39925,34000,1119,34000,7220.0,7224.75,6900.0,6953.17,2993.0241097,-0.03770077972979324,-0.05449860279169694,7213.330000000001,0.021516015367927903,Thursday,False,False,40865.0
2020-01-03,atm35000251,Izmir,15625,506,643,31910,40865,1149,40865,6956.64,7402.31,6853.53,7339.97,8452.87552534,0.05562930289350043,0.017669250595838237,7231.535714285715,0.03126689788469128,Friday,False,False,41375.0
2020-01-04,atm35000251,Izmir,6875,536,670,32880,41375,1206,41375,7339.97,7396.1,7247.73,7291.27,3605.74269447,-0.006634904502334504,-0.003472886609773851,7227.905714285715,0.030986226739449674,Saturday,True,False,41175.0
2020-01-05,atm35000251,Izmir,8155,677,639,43410,41175,1316,41175,7294.0,7495.0,7269.71,7430.83,2614.94778349,0.019140698396849842,0.0011897062786310197,7229.167142857143,0.031405089097976686,Sunday,True,False,40350.0
2020-01-06,atm35000251,Izmir,39450,561,617,36235,40350,1178,40350,7431.63,7614.95,7310.0,7525.46,4138.11820107,0.012734781982631782,0.041792354749798255,7272.294285714286,0.029143587117638526,Monday,False,False,41620.0
2020-01-07,atm35000251,Izmir,24320,525,656,32420,41620,1181,41620,7531.73,8134.95,7516.97,8050.0,13507.54693697,0.06970205143605845,0.1274857208485416,7402.325714285714,0.036201204585928716,Tuesday,False,False,
2020-01-01,atm35000252,Izmir,26400,614,617,40365,38140,1231,38140,7145.05,7237.35,7129.55,7225.58,1211.09527025,0.012017176999851609,0.008870365328362606,7270.584285714285,0.020341564637941383,Wednesday,False,True,45185.0
2020-01-02,atm35000252,Izmir,4855,505,727,32030,45185,1232,45185,7220.0,7224.75,6900.0,6953.17,2993.0241097,-0.03770077972979324,-0.05449860279169694,7213.330000000001,0.021516015367927903,Thursday,False,False,39720.0
2020-01-03,atm35000252,Izmir,28470,461,611,31660,39720,1072,39720,6956.64,7402.31,6853.53,7339.97,8452.87552534,0.05562930289350043,0.017669250595838237,7231.535714285715,0.03126689788469128,Friday,False,False,36525.0
2020-01-04,atm35000252,Izmir,21495,543,580,36695,36525,1123,36525,7339.97,7396.1,7247.73,7291.27,3605.74269447,-0.006634904502334504,-0.003472886609773851,7227.905714285715,0.030986226739449674,Saturday,True,False,37630.0
2020-01-05,atm35000252,Izmir,2435,526,582,34230,37630,1108,37630,7294.0,7495.0,7269.71,7430.83,2614.94778349,0.019140698396849842,0.0011897062786310197,7229.167142857143,0.031405089097976686,Sunday,True,False,41180.0
2020-01-06,atm35000252,Izmir,23105,473,662,31935,41180,1135,41180,7431.63,7614.95,7310.0,7525.46,4138.11820107,0.012734781982631782,0.041792354749798255,7272.294285714286,0.029143587117638526,Monday,False,False,46055.0
2020-01-07,atm35000252,Izmir,1845,598,710,37730,46055,1308,46055,7531.73,8134.95,7516.97,8050.0,13507.54693697,0.06970205143605845,0.1274857208485416,7402.325714285714,0.036201204585928716,Tuesday,False,False,
2020-01-01,atm35000253,Izmir,32560,654,644,43430,41740,1298,41740,7145.05,7237.35,7129.55,7225.58,1211.09527025,0.012017176999851609,0.008870365328362606,7270.584285714285,0.020341564637941383,Wednesday,False,True,39470.0
2020-01-02,atm35000253,Izmir,40160,682,651,42915,39470,1333,39470,7220.0,7224.75,6900.0,6953.17,2993.0241097,-0.03770077972979324,-0.05449860279169694,7213.330000000001,0.021516015367927903,Thursday,False,False,43055.0
2020-01-03,atm35000253,Izmir,41695,614,671,42900,43055,1285,43055,6956.64,7402.31,6853.53,7339.97,8452.87552534,0.05562930289350043,0.017669250595838237,7231.535714285715,0.03126689788469128,Friday,False,False,40405.0
2020-01-04,atm35000253,Izmir,26840,571,646,37065,40405,1217,40405,7339.97,7396.1,7247.73,7291.27,3605.74269447,-0.006634904502334504,-0.003472886609773851,7227.905714285715,0.030986226739449674,Saturday,True,False,38660.0
2020-01-05,atm35000253,Izmir,28380,552,598,35810,38660,1150,38660,7294.0,7495.0,7269.71,7430.83,2614.94778349,0.019140698396849842,0.0011897062786310197,7229.167142857143,0.031405089097976686,Sunday,True,False,46540.0
2020-01-06,atm35000253,Izmir,11130,564,697,37540,46540,1261,46540,7431.63,7614.95,7310.0,7525.46,4138.11820107,0.012734781982631782,0.041792354749798255,7272.294285714286,0.029143587117638526,Monday,False,False,43170.0
2020-01-07,atm35000253,Izmir,39490,560,707,35595,43170,1267,43170,7531.73,8134.95,7516.97,8050.0,13507.54693697,0.06970205143605845,0.1274857208485416,7402.325714285714,0.036201204585928716,Tuesday,False,False,
2020-01-01,atm35000254,Izmir,31750,512,616,30665,35180,1128,35180,7145.05,7237.35,7129.55,7225.58,1211.09527025,0.012017176999851609,0.008870365328362606,7270.584285714285,0.020341564637941383,Wednesday,False,True,44670.0
2020-01-02,atm35000254,Izmir,26050,611,665,39290,44670,1276,44670,7220.0,7224.75,6900.0,6953.17,2993.0241097,-0.03770077972979324,-0.05449860279169694,7213.330000000001,0.021516015367927903,Thursday,False,False,38685.0
2020-01-03,atm35000254,Izmir,24915,581,581,36740,38685,1162,38685,6956.64,7402.31,6853.53,7339.97,8452.87552534,0.05562930289350043,0.017669250595838237,7231.535714285715,0.03126689788469128,Friday,False,False,49305.0
2020-01-04,atm35000254,Izmir,685,503,714,30795,49305,1217,49305,7339.97,7396.1,7247.73,7291.27,3605.74269447,-0.006634904502334504,-0.003472886609773851,7227.905714285715,0.030986226739449674,Saturday,True,False,39040.0
2020-01-05,atm35000254,Izmir,48220,620,604,38365,39040,1224,39040,7294.0,7495.0,7269.71,7430.83,2614.94778349,0.019140698396849842,0.0011897062786310197,7229.167142857143,0.031405089097976686,Sunday,True,False,40670.0
2020-01-06,atm35000254,Izmir,40035,600,626,36180,40670,1226,40670,7431.63,7614.95,7310.0,7525.46,4138.11820107,0.012734781982631782,0.041792354749798255,7272.294285714286,0.029143587117638526,Monday,False,False,33970.0
2020-01-07,atm35000254,Izmir,41485,558,598,33560,33970,1156,33970,7531.73,8134.95,7516.97,8050.0,13507.54693697,0.06970205143605845,0.1274857208485416,7402.325714285714,0.036201204585928716,Tuesday,False,False,
2020-01-01,atm35000255,Izmir,28155,510,676,32205,45300,1186,45300,7145.05,7237.35,7129.55,7225.58,1211.09527025,0.012017176999851609,0.008870365328362606,7270.584285714285,0.020341564637941383,Wednesday,False,True,40245.0
2020-01-02,atm35000255,Izmir,35545,679,658,45065,40245,1337,40245,7220.0,7224.75,6900.0,6953.17,2993.0241097,-0.03770077972979324,-0.05449860279169694,7213.330000000001,0.021516015367927903,Thursday,False,False,39990.0
2020-01-03,atm35000255,Izmir,19485,574,636,36580,39990,1210,39990,6956.64,7402.31,6853.53,7339.97,8452.87552534,0.05562930289350043,0.017669250595838237,7231.535714285715,0.03126689788469128,Friday,False,False,44835.0
2020-01-04,atm35000255,Izmir,5440,635,655,41340,44835,1290,44835,7339.97,7396.1,7247.73,7291.27,3605.74269447,-0.006634904502334504,-0.003472886609773851,7227.905714285715,0.030986226739449674,Saturday,True,False,42280.0
2020-01-05,atm35000255,Izmir,21615,544,679,32400,42280,1223,42280,7294.0,7495.0,7269.71,7430.83,2614.94778349,0.019140698396849842,0.0011897062786310197,7229.167142857143,0.031405089097976686,Sunday,True,False,40600.0
2020-01-06,atm35000255,Izmir,19580,529,636,35635,40600,1165,40600,7431.63,7614.95,7310.0,7525.46,4138.11820107,0.012734781982631782,0.041792354749798255,7272.294285714286,0.029143587117638526,Monday,False,False,43790.0
2020-01-07,atm35000255,Izmir,7860,544,634,37080,43790,1178,43790,7531.73,8134.95,7516.97,8050.0,13507.54693697,0.06970205143605845,0.1274857208485416,7402.325714285714,0.036201204585928716,Tuesday,False,False,
2020-01-01,atm35000256,Izmir,26470,543,626,33525,41410,1169,41410,7145.05,7237.35,7129.55,7225.58,1211.09527025,0.012017176999851609,0.008870365328362606,7270.584285714285,0.020341564637941383,Wednesday,False,True,39670.0
2020-01-02,atm35000256,Izmir,6975,523,607,32435,39670,1130,39670,7220.0,7224.75,6900.0,6953.17,2993.0241097,-0.03770077972979324,-0.05449860279169694,7213.330000000001,0.021516015367927903,Thursday,False,False,39270.0
2020-01-03,atm35000256,Izmir,49235,665,623,40660,39270,1288,39270,6956.64,7402.31,6853.53,7339.97,8452.87552534,0.05562930289350043,0.017669250595838237,7231.535714285715,0.03126689788469128,Friday,False,False,39030.0
2020-01-04,atm35000256,Izmir,45915,645,625,44525,39030,1270,39030,7339.97,7396.1,7247.73,7291.27,3605.74269447,-0.006634904502334504,-0.003472886609773851,7227.905714285715,0.030986226739449674,Saturday,True,False,41990.0
2020-01-05,atm35000256,Izmir,38410,590,637,36205,41990,1227,41990,7294.0,7495.0,7269.71,7430.83,2614.94778349,0.019140698396849842,0.0011897062786310197,7229.167142857143,0.031405089097976686,Sunday,True,False,40075.0
2020-01-06,atm35000256,Izmir,24560,481,653,31075,40075,1134,40075,7431.63,7614.95,7310.0,7525.46,4138.11820107,0.012734781982631782,0.041792354749798255,7272.294285714286,0.029143587117638526,Monday,False,False,39930.0
2020-01-07,atm35000256,Izmir,11910,469,651,30350,39930,1120,39930,7531.73,8134.95,7516.97,8050.0,13507.54693697,0.06970205143605845,0.1274857208485416,7402.325714285714,0.036201204585928716,Tuesday,False,False,
2020-01-01,atm35000257,Izmir,34560,609,702,36730,42295,1311,42295,7145.05,7237.35,7129.55,7225.58,1211.09527025,0.012017176999851609,0.008870365328362606,7270.584285714285,0.020341564637941383,Wednesday,False,True,43015.0
2020-01-02,atm35000257,Izmir,27185,630,650,41845,43015,1280,43015,7220.0,7224.75,6900.0,6953.17,2993.0241097,-0.03770077972979324,-0.05449860279169694,7213.330000000001,0.021516015367927903,Thursday,False,False,40640.0
2020-01-03,atm35000257,Izmir,5030,481,619,30350,40640,1100,40640,6956.64,7402.31,6853.53,7339.97,8452.87552534,0.05562930289350043,0.017669250595838237,7231.535714285715,0.03126689788469128,Friday,False,False,45455.0
2020-01-04,atm35000257,Izmir,37135,554,735,36065,45455,1289,45455,7339.97,7396.1,7247.73,7291.27,3605.74269447,-0.006634904502334504,-0.003472886609773851,7227.905714285715,0.030986226739449674,Saturday,True,False,45835.0
2020-01-05,atm35000257,Izmir,14420,540,674,33725,45835,1214,45835,7294.0,7495.0,7269.71,7430.83,2614.94778349,0.019140698396849842,0.0011897062786310197,7229.167142857143,0.031405089097976686,Sunday,True,False,43170.0
2020-01-06,atm35000257,Izmir,42270,518,643,31755,43170,1161,43170,7431.63,7614.95,7310.0,7525.46,4138.11820107,0.012734781982631782,0.041792354749798255,7272.294285714286,0.029143587117638526,Monday,False,False,42920.0
2020-01-07,atm35000257,Izmir,29435,603,668,37710,42920,1271,42920,7531.73,8134.95,7516.97,8050.0,13507.54693697,0.06970205143605845,0.1274857208485416,7402.325714285714,0.036201204585928716,Tuesday,False,False,
2020-01-01,atm35000258,Izmir,31490,554,628,34375,40625,1182,40625,7145.05,7237.35,7129.55,7225.58,1211.09527025,0.012017176999851609,0.008870365328362606,7270.584285714285,0.020341564637941383,Wednesday,False,True,41410.0
2020-01-02,atm35000258,Izmir,22920,554,630,35610,41410,1184,41410,7220.0,7224.75,6900.0,6953.17,2993.0241097,-0.03770077972979324,-0.05449860279169694,7213.330000000001,0.021516015367927903,Thursday,False,False,43730.0
2020-01-03,atm35000258,Izmir,39955,589,668,36585,43730,1257,43730,6956.64,7402.31,6853.53,7339.97,8452.87552534,0.05562930289350043,0.017669250595838237,7231.535714285715,0.03126689788469128,Friday,False,False,42165.0
2020-01-04,atm35000258,Izmir,23605,544,686,33160,42165,1230,42165,7339.97,7396.1,7247.73,7291.27,3605.74269447,-0.006634904502334504,-0.003472886609773851,7227.905714285715,0.030986226739449674,Saturday,True,False,40795.0
2020-01-05,atm35000258,Izmir,13790,489,607,32085,40795,1096,40795,7294.0,7495.0,7269.71,7430.83,2614.94778349,0.019140698396849842,0.0011897062786310197,7229.167142857143,0.031405089097976686,Sunday,True,False,42095.0
2020-01-06,atm35000258,Izmir,5005,658,680,43350,42095,1338,42095,7431.63,7614.95,7310.0,7525.46,4138.11820107,0.012734781982631782,0.041792354749798255,7272.294285714286,0.029143587117638526,Monday,False,False,44060.0
2020-01-07,atm35000258,Izmir,35805,552,642,33815,44060,1194,44060,7531.73,8134.95,7516.97,8050.0,13507.54693697,0.06970205143605845,0.1274857208485416,7402.325714285714,0.036201204585928716,Tuesday,False,False,
2020-01-01,atm35000259,Izmir,48330,672,565,45740,36040,1237,36040,7145.05,7237.35,7129.55,7225.58,1211.09527025,0.012017176999851609,0.008870365328362606,7270.584285714285,0.020341564637941383,Wednesday,False,True,40100.0
2020-01-02,atm35000259,Izmir,41885,573,662,38735,40100,1235,40100,7220.0,7224.75,6900.0,6953.17,2993.0241097,-0.03770077972979324,-0.05449860279169694,7213.330000000001,0.021516015367927903,Thursday,False,False,38340.0
2020-01-03,atm35000259,Izmir,46375,637,626,41480,38340,1263,38340,6956.64,7402.31,6853.53,7339.97,8452.87552534,0.05562930289350043,0.017669250595838237,7231.535714285715,0.03126689788469128,Friday,False,False,37830.0
2020-01-04,atm35000259,Izmir,43970,550,622,35015,37830,1172,37830,7339.97,7396.1,7247.73,7291.27,3605.74269447,-0.006634904502334504,-0.003472886609773851,7227.905714285715,0.030986226739449674,Saturday,True,False,37325.0
2020-01-05,atm35000259,Izmir,39435,564,560,38880,37325,1124,37325,7294.0,7495.0,7269.71,7430.83,2614.94778349,0.019140698396849842,0.0011897062786310197,7229.167142857143,0.031405089097976686,Sunday,True,False,41350.0
2020-01-06,atm35000259,Izmir,22235,543,642,33065,41350,1185,41350,7431.63,7614.95,7310.0,7525.46,4138.11820107,0.012734781982631782,0.041792354749798255,7272.294285714286,0.029143587117638526,Monday,False,False,39610.0
2020-01-07,atm35000259,Izmir,13510,649,637,41045,39610,1286,39610,7531.73,8134.95,7516.97,8050.0,13507.54693697,0.06970205143605845,0.1274857208485416,7402.325714285714,0.036201204585928716,Tuesday,False,False,
2020-01-01,atm3500026,Izmir,35650,518,620,33370,38715,1138,38715,7145.05,7237.35,7129.55,7225.58,1211.09527025,0.012017176999851609,0.008870365328362606,7270.584285714285,0.020341564637941383,Wednesday,False,True,40050.0
2020-01-02,atm3500026,Izmir,20775,479,646,31675,40050,1125,40050,7220.0,7224.75,6900.0,6953.17,2993.0241097,-0.03770077972979324,-0.05449860279169694,7213.330000000001,0.021516015367927903,Thursday,False,False,39365.0
2020-01-03,atm3500026,Izmir,13935,579,622,33980,39365,1201,39365,6956.64,7402.31,6853.53,7339.97,8452.87552534,0.05562930289350043,0.017669250595838237,7231.535714285715,0.03126689788469128,Friday,False,False,41405.0
2020-01-04,atm3500026,Izmir,36275,665,634,41065,41405,1299,41405,7339.97,7396.1,7247.73,7291.27,3605.74269447,-0.006634904502334504,-0.003472886609773851,7227.905714285715,0.030986226739449674,Saturday,True,False,46965.0
2020-01-05,atm3500026,Izmir,17790,576,683,38600,46965,1259,46965,7294.0,7495.0,7269.71,7430.83,2614.94778349,0.019140698396849842,0.0011897062786310197,7229.167142857143,0.031405089097976686,Sunday,True,False,45390.0
2020-01-06,atm3500026,Izmir,7625,522,712,33965,45390,1234,45390,7431.63,7614.95,7310.0,7525.46,4138.11820107,0.012734781982631782,0.041792354749798255,7272.294285714286,0.029143587117638526,Monday,False,False,44015.0
2020-01-07,atm3500026,Izmir,26665,552,675,36325,44015,1227,44015,7531.73,8134.95,7516.97,8050.0,13507.54693697,0.06970205143605845,0.1274857208485416,7402.325714285714,0.036201204585928716,Tuesday,False,False,
2020-01-01,atm35000260,Izmir,22085,524,678,33545,44525,1202,44525,7145.05,7237.35,7129.55,7225.58,1211.09527025,0.012017176999851609,0.008870365328362606,7270.584285714285,0.020341564637941383,Wednesday,False,True,43095.0
2020-01-02,atm35000260,Izmir,1920,452,643,27865,43095,1095,43095,7220.0,7224.75,6900.0,6953.17,2993.0241097,-0.03770077972979324,-0.05449860279169694,7213.330000000001,0.021516015367927903,Thursday,False,False,37620.0
2020-01-03,atm35000260,Izmir,27620,506,622,32965,37620,1128,37620,6956.64,7402.31,6853.53,7339.97,8452.87552534,0.05562930289350043,0.017669250595838237,7231.535714285715,0.03126689788469128,Friday,False,False,44160.0
2020-01-04,atm35000260,Izmir,14595,570,663,38420,44160,1233,44160,7339.97,7396.1,7247.73,7291.27,3605.74269447,-0.006634904502334504,-0.003472886609773851,7227.905714285715,0.030986226739449674,Saturday,True,False,38490.0
2020-01-05,atm35000260,Izmir,44945,571,612,33570,38490,1183,38490,7294.0,7495.0,7269.71,7430.83,2614.94778349,0.019140698396849842,0.0011897062786310197,7229.167142857143,0.031405089097976686,Sunday,True,False,39750.0
2020-01-06,atm35000260,Izmir,45385,599,584,38065,39750,1183,39750,7431.63,7614.95,7310.0,7525.46,4138.11820107,0.012734781982631782,0.041792354749798255,7272.294285714286,0.029143587117638526,Monday,False,False,35875.0
2020-01-07,atm35000260,Izmir,41605,537,561,33140,35875,1098,35875,7531.73,8134.95,7516.97,8050.0,13507.54693697,0.06970205143605845,0.1274857208485416,7402.325714285714,0.036201204585928716,Tuesday,False,False,
2020-01-01,atm35000261,Izmir,25515,541,636,34195,41200,1177,41200,7145.05,7237.35,7129.55,7225.58,1211.09527025,0.012017176999851609,0.008870365328362606,7270.584285714285,0.020341564637941383,Wednesday,False,True,37590.0
2020-01-02,atm35000261,Izmir,13830,668,570,38985,37590,1238,37590,7220.0,7224.75,6900.0,6953.17,2993.0241097,-0.03770077972979324,-0.05449860279169694,7213.330000000001,0.021516015367927903,Thursday,False,False,42965.0
2020-01-03,atm35000261,Izmir,40450,525,640,32955,42965,1165,42965,6956.64,7402.31,6853.53,7339.97,8452.87552534,0.05562930289350043,0.017669250595838237,7231.535714285715,0.03126689788469128,Friday,False,False,39225.0
2020-01-04,atm35000261,Izmir,31320,529,608,30630,39225,1137,39225,7339.97,7396.1,7247.73,7291.27,3605.74269447,-0.006634904502334504,-0.003472886609773851,7227.905714285715,0.030986226739449674,Saturday,True,False,46545.0
2020-01-05,atm35000261,Izmir,24650,566,681,39625,46545,1247,46545,7294.0,7495.0,7269.71,7430.83,2614.94778349,0.019140698396849842,0.0011897062786310197,7229.167142857143,0.031405089097976686,Sunday,True,False,37185.0
2020-01-06,atm35000261,Izmir,25300,633,583,40720,37185,1216,37185,7431.63,7614.95,7310.0,7525.46,4138.11820107,0.012734781982631782,0.041792354749798255,7272.294285714286,0.029143587117638526,Monday,False,False,43320.0
2020-01-07,atm35000261,Izmir,11645,467,687,28910,43320,1154,43320,7531.73,8134.95,7516.97,8050.0,13507.54693697,0.06970205143605845,0.1274857208485416,7402.325714285714,0.036201204585928716,Tuesday,False,False,
2020-01-01,atm35000262,Izmir,39030,485,581,31440,36240,1066,36240,7145.05,7237.35,7129.55,7225.58,1211.09527025,0.012017176999851609,0.008870365328362606,7270.584285714285,0.020341564637941383,Wednesday,False,True,40405.0
2020-01-02,atm35000262,Izmir,27115,557,665,37105,40405,1222,40405,7220.0,7224.75,6900.0,6953.17,2993.0241097,-0.03770077972979324,-0.05449860279169694,7213.330000000001,0.021516015367927903,Thursday,False,False,39740.0
2020-01-03,atm35000262,Izmir,17915,555,645,36935,39740,1200,39740,6956.64,7402.31,6853.53,7339.97,8452.87552534,0.05562930289350043,0.017669250595838237,7231.535714285715,0.03126689788469128,Friday,False,False,44065.0
2020-01-04,atm35000262,Izmir,6405,472,704,28475,44065,1176,44065,7339.97,7396.1,7247.73,7291.27,3605.74269447,-0.006634904502334504,-0.003472886609773851,7227.905714285715,0.030986226739449674,Saturday,True,False,41095.0
2020-01-05,atm35000262,Izmir,35410,546,615,37035,41095,1161,41095,7294.0,7495.0,7269.71,7430.83,2614.94778349,0.019140698396849842,0.0011897062786310197,7229.167142857143,0.031405089097976686,Sunday,True,False,46280.0
2020-01-06,atm35000262,Izmir,30020,614,675,38255,46280,1289,46280,7431.63,7614.95,7310.0,7525.46,4138.11820107,0.012734781982631782,0.041792354749798255,7272.294285714286,0.029143587117638526,Monday,False,False,40885.0
2020-01-07,atm35000262,Izmir,14985,546,645,34780,40885,1191,40885,7531.73,8134.95,7516.97,8050.0,13507.54693697,0.06970205143605845,0.1274857208485416,7402.325714285714,0.036201204585928716,Tuesday,False,False,
2020-01-01,atm35000263,Izmir,28700,541,609,34505,40080,1150,40080,7145.05,7237.35,7129.55,7225.58,1211.09527025,0.012017176999851609,0.008870365328362606,7270.584285714285,0.020341564637941383,Wednesday,False,True,37840.0
2020-01-02,atm35000263,Izmir,23270,601,626,39540,37840,1227,37840,7220.0,7224.75,6900.0,6953.17,2993.0241097,-0.03770077972979324,-0.05449860279169694,7213.330000000001,0.021516015367927903,Thursday,False,False,35555.0
2020-01-03,atm35000263,Izmir,23920,592,536,37180,35555,1128,35555,6956.64,7402.31,6853.53,7339.97,8452.87552534,0.05562930289350043,0.017669250595838237,7231.535714285715,0.03126689788469128,Friday,False,False,43105.0
2020-01-04,atm35000263,Izmir,13325,547,655,36955,43105,1202,43105,7339.97,7396.1,7247.73,7291.27,3605.74269447,-0.006634904502334504,-0.003472886609773851,7227.905714285715,0.030986226739449674,Saturday,True,False,43720.0
2020-01-05,atm35000263,Izmir,3540,553,684,33365,43720,1237,43720,7294.0,7495.0,7269.71,7430.83,2614.94778349,0.019140698396849842,0.0011897062786310197,7229.167142857143,0.031405089097976686,Sunday,True,False,39935.0
2020-01-06,atm35000263,Izmir,35530,492,646,32855,39935,1138,39935,7431.63,7614.95,7310.0,7525.46,4138.11820107,0.012734781982631782,0.041792354749798255,7272.294285714286,0.029143587117638526,Monday,False,False,37835.0
2020-01-07,atm35000263,Izmir,19145,501,626,32260,37835,1127,37835,7531.73,8134.95,7516.97,8050.0,13507.54693697,0.06970205143605845,0.1274857208485416,7402.325714285714,0.036201204585928716,Tuesday,False,False,
2020-01-01,atm35000264,Izmir,17070,544,709,35145,44160,1253,44160,7145.05,7237.35,7129.55,7225.58,1211.09527025,0.012017176999851609,0.008870365328362606,7270.584285714285,0.020341564637941383,Wednesday,False,True,43305.0
2020-01-02,atm35000264,Izmir,33250,491,678,30685,43305,1169,43305,7220.0,7224.75,6900.0,6953.17,2993.0241097,-0.03770077972979324,-0.05449860279169694,7213.330000000001,0.021516015367927903,Thursday,False,False,37725.0
2020-01-03,atm35000264,Izmir,14570,482,587,30990,37725,1069,37725,6956.64,7402.31,6853.53,7339.97,8452.87552534,0.05562930289350043,0.017669250595838237,7231.535714285715,0.03126689788469128,Friday,False,False,38855.0
2020-01-04,atm35000264,Izmir,11355,448,597,27690,38855,1045,38855,7339.97,7396.1,7247.73,7291.27,3605.74269447,-0.006634904502334504,-0.003472886609773851,7227.905714285715,0.030986226739449674,Saturday,True,False,43195.0
2020-01-05,atm35000264,Izmir,33405,421,660,28045,43195,1081,43195,7294.0,7495.0,7269.71,7430.83,2614.94778349,0.019140698396849842,0.0011897062786310197,7229.167142857143,0.031405089097976686,Sunday,True,False,49470.0
2020-01-06,atm35000264,Izmir,18410,549,744,34730,49470,1293,49470,7431.63,7614.95,7310.0,7525.46,4138.11820107,0.012734781982631782,0.041792354749798255,7272.294285714286,0.029143587117638526,Monday,False,False,41665.0
2020-01-07,atm35000264,Izmir,12110,627,614,40215,41665,1241,41665,7531.73,8134.95,7516.97,8050.0,13507.54693697,0.06970205143605845,0.1274857208485416,7402.325714285714,0.036201204585928716,Tuesday,False,False,
2020-01-01,atm35000265,Izmir,33785,574,587,36410,36935,1161,36935,7145.05,7237.35,7129.55,7225.58,1211.09527025,0.012017176999851609,0.008870365328362606,7270.584285714285,0.020341564637941383,Wednesday,False,True,45545.0
2020-01-02,atm35000265,Izmir,13545,527,704,31235,45545,1231,45545,7220.0,7224.75,6900.0,6953.17,2993.0241097,-0.03770077972979324,-0.05449860279169694,7213.330000000001,0.021516015367927903,Thursday,False,False,39785.0
2020-01-03,atm35000265,Izmir,11990,614,639,38180,39785,1253,39785,6956.64,7402.31,6853.53,7339.97,8452.87552534,0.05562930289350043,0.017669250595838237,7231.535714285715,0.03126689788469128,Friday,False,False,45165.0
2020-01-04,atm35000265,Izmir,1710,544,712,37835,45165,1256,45165,7339.97,7396.1,7247.73,7291.27,3605.74269447,-0.006634904502334504,-0.003472886609773851,7227.905714285715,0.030986226739449674,Saturday,True,False,38210.0
2020-01-05,atm35000265,Izmir,24770,538,598,33685,38210,1136,38210,7294.0,7495.0,7269.71,7430.83,2614.94778349,0.019140698396849842,0.0011897062786310197,7229.167142857143,0.031405089097976686,Sunday,True,False,46455.0
2020-01-06,atm35000265,Izmir,14620,588,735,38795,46455,1323,46455,7431.63,7614.95,7310.0,7525.46,4138.11820107,0.012734781982631782,0.041792354749798255,7272.294285714286,0.029143587117638526,Monday,False,False,43465.0
2020-01-07,atm35000265,Izmir,13315,491,644,32340,43465,1135,43465,7531.73,8134.95,7516.97,8050.0,13507.54693697,0.06970205143605845,0.1274857208485416,7402.325714285714,0.036201204585928716,Tuesday,False,False,
2020-01-01,atm35000266,Izmir,22540,401,578,23955,39120,979,39120,7145.05,7237.35,7129.55,7225.58,1211.09527025,0.012017176999851609,0.008870365328362606,7270.584285714285,0.020341564637941383,Wednesday,False,True,44110.0
2020-01-02,atm35000266,Izmir,4215,566,678,33640,44110,1244,44110,7220.0,7224.75,6900.0,6953.17,2993.0241097,-0.03770077972979324,-0.05449860279169694,7213.330000000001,0.021516015367927903,Thursday,False,False,46045.0
2020-01-03,atm35000266,Izmir,19140,508,729,32140,46045,1237,46045,6956.64,7402.31,6853.53,7339.97,8452.87552534,0.05562930289350043,0.017669250595838237,7231.535714285715,0.03126689788469128,Friday,False,False,43110.0
2020-01-04,atm35000266,Izmir,8690,603,665,38820,43110,1268,43110,7339.97,7396.1,7247.73,7291.27,3605.74269447,-0.006634904502334504,-0.003472886609773851,7227.905714285715,0.030986226739449674,Saturday,True,False,37675.0
2020-01-05,atm35000266,Izmir,11095,597,622,40125,37675,1219,37675,7294.0,7495.0,7269.71,7430.83,2614.94778349,0.019140698396849842,0.0011897062786310197,7229.167142857143,0.031405089097976686,Sunday,True,False,40810.0
2020-01-06,atm35000266,Izmir,3250,641,609,43590,40810,1250,40810,7431.63,7614.95,7310.0,7525.46,4138.11820107,0.012734781982631782,0.041792354749798255,7272.294285714286,0.029143587117638526,Monday,False,False,40090.0
2020-01-07,atm35000266,Izmir,37975,610,607,38615,40090,1217,40090,7531.73,8134.95,7516.97,8050.0,13507.54693697,0.06970205143605845,0.1274857208485416,7402.325714285714,0.036201204585928716,Tuesday,False,False,
2020-01-01,atm35000267,Izmir,19120,419,587,26170,37290,1006,37290,7145.05,7237.35,7129.55,7225.58,1211.09527025,0.012017176999851609,0.008870365328362606,7270.584285714285,0.020341564637941383,Wednesday,False,True,37900.0
2020-01-02,atm35000267,Izmir,11695,551,616,35690,37900,1167,37900,7220.0,7224.75,6900.0,6953.17,2993.0241097,-0.03770077972979324,-0.05449860279169694,7213.330000000001,0.021516015367927903,Thursday,False,False,41895.0
2020-01-03,atm35000267,Izmir,2350,545,603,40090,41895,1148,41895,6956.64,7402.31,6853.53,7339.97,8452.87552534,0.05562930289350043,0.017669250595838237,7231.535714285715,0.03126689788469128,Friday,False,False,38540.0
2020-01-04,atm35000267,Izmir,46065,662,604,45270,38540,1266,38540,7339.97,7396.1,7247.73,7291.27,3605.74269447,-0.006634904502334504,-0.003472886609773851,7227.905714285715,0.030986226739449674,Saturday,True,False,43375.0
2020-01-05,atm35000267,Izmir,31985,494,683,30965,43375,1177,43375,7294.0,7495.0,7269.71,7430.83,2614.94778349,0.019140698396849842,0.0011897062786310197,7229.167142857143,0.031405089097976686,Sunday,True,False,40570.0
2020-01-06,atm35000267,Izmir,18025,550,664,35575,40570,1214,40570,7431.63,7614.95,7310.0,7525.46,4138.11820107,0.012734781982631782,0.041792354749798255,7272.294285714286,0.029143587117638526,Monday,False,False,36780.0
2020-01-07,atm35000267,Izmir,8405,532,589,34335,36780,1121,36780,7531.73,8134.95,7516.97,8050.0,13507.54693697,0.06970205143605845,0.1274857208485416,7402.325714285714,0.036201204585928716,Tuesday,False,False,
2020-01-01,atm35000268,Izmir,29585,575,659,37120,43565,1234,43565,7145.05,7237.35,7129.55,7225.58,1211.09527025,0.012017176999851609,0.008870365328362606,7270.584285714285,0.020341564637941383,Wednesday,False,True,38470.0
2020-01-02,atm35000268,Izmir,25385,596,614,36790,38470,1210,38470,7220.0,7224.75,6900.0,6953.17,2993.0241097,-0.03770077972979324,-0.05449860279169694,7213.330000000001,0.021516015367927903,Thursday,False,False,45655.0
2020-01-03,atm35000268,Izmir,18155,561,688,38075,45655,1249,45655,6956.64,7402.31,6853.53,7339.97,8452.87552534,0.05562930289350043,0.017669250595838237,7231.535714285715,0.03126689788469128,Friday,False,False,41800.0
2020-01-04,atm35000268,Izmir,2460,600,644,39765,41800,1244,41800,7339.97,7396.1,7247.73,7291.27,3605.74269447,-0.006634904502334504,-0.003472886609773851,7227.905714285715,0.030986226739449674,Saturday,True,False,46875.0
2020-01-05,atm35000268,Izmir,26665,493,701,31655,46875,1194,46875,7294.0,7495.0,7269.71,7430.83,2614.94778349,0.019140698396849842,0.0011897062786310197,7229.167142857143,0.031405089097976686,Sunday,True,False,42680.0
2020-01-06,atm35000268,Izmir,6710,486,700,31175,42680,1186,42680,7431.63,7614.95,7310.0,7525.46,4138.11820107,0.012734781982631782,0.041792354749798255,7272.294285714286,0.029143587117638526,Monday,False,False,45320.0
2020-01-07,atm35000268,Izmir,35695,571,684,36140,45320,1255,45320,7531.73,8134.95,7516.97,8050.0,13507.54693697,0.06970205143605845,0.1274857208485416,7402.325714285714,0.036201204585928716,Tuesday,False,False,
2020-01-01,atm35000269,Izmir,24420,529,610,33870,39690,1139,39690,7145.05,7237.35,7129.55,7225.58,1211.09527025,0.012017176999851609,0.008870365328362606,7270.584285714285,0.020341564637941383,Wednesday,False,True,42520.0
2020-01-02,atm35000269,Izmir,4990,436,686,29935,42520,1122,42520,7220.0,7224.75,6900.0,6953.17,2993.0241097,-0.03770077972979324,-0.05449860279169694,7213.330000000001,0.021516015367927903,Thursday,False,False,40105.0
2020-01-03,atm35000269,Izmir,905,570,608,33285,40105,1178,40105,6956.64,7402.31,6853.53,7339.97,8452.87552534,0.05562930289350043,0.017669250595838237,7231.535714285715,0.03126689788469128,Friday,False,False,40335.0
2020-01-04,atm35000269,Izmir,28365,515,649,32910,40335,1164,40335,7339.97,7396.1,7247.73,7291.27,3605.74269447,-0.006634904502334504,-0.003472886609773851,7227.905714285715,0.030986226739449674,Saturday,True,False,39500.0
2020-01-05,atm35000269,Izmir,15295,568,617,39815,39500,1185,39500,7294.0,7495.0,7269.71,7430.83,2614.94778349,0.019140698396849842,0.0011897062786310197,7229.167142857143,0.031405089097976686,Sunday,True,False,36580.0
2020-01-06,atm35000269,Izmir,41595,544,577,36120,36580,1121,36580,7431.63,7614.95,7310.0,7525.46,4138.11820107,0.012734781982631782,0.041792354749798255,7272.294285714286,0.029143587117638526,Monday,False,False,37080.0
2020-01-07,atm35000269,Izmir,33535,608,616,37440,37080,1224,37080,7531.73,8134.95,7516.97,8050.0,13507.54693697,0.06970205143605845,0.1274857208485416,7402.325714285714,0.036201204585928716,Tuesday,False,False,
2020-01-01,atm3500027,Izmir,20375,495,653,31255,43950,1148,43950,7145.05,7237.35,7129.55,7225.58,1211.09527025,0.012017176999851609,0.008870365328362606,7270.584285714285,0.020341564637941383,Wednesday,False,True,37370.0
2020-01-02,atm3500027,Izmir,13415,646,583,39280,37370,1229,37370,7220.0,7224.75,6900.0,6953.17,2993.0241097,-0.03770077972979324,-0.05449860279169694,7213.330000000001,0.021516015367927903,Thursday,False,False,40740.0
2020-01-03,atm3500027,Izmir,34505,462,626,31560,40740,1088,40740,6956.64,7402.31,6853.53,7339.97,8452.87552534,0.05562930289350043,0.017669250595838237,7231.535714285715,0.03126689788469128,Friday,False,False,37555.0
2020-01-04,atm3500027,Izmir,29465,687,599,45175,37555,1286,37555,7339.97,7396.1,7247.73,7291.27,3605.74269447,-0.006634904502334504,-0.003472886609773851,7227.905714285715,0.030986226739449674,Saturday,True,False,45260.0
2020-01-05,atm3500027,Izmir,28930,637,648,38370,45260,1285,45260,7294.0,7495.0,7269.71,7430.83,2614.94778349,0.019140698396849842,0.0011897062786310197,7229.167142857143,0.031405089097976686,Sunday,True,False,38690.0
2020-01-06,atm3500027,Izmir,23175,653,650,38860,38690,1303,38690,7431.63,7614.95,7310.0,7525.46,4138.11820107,0.012734781982631782,0.041792354749798255,7272.294285714286,0.029143587117638526,Monday,False,False,45460.0
2020-01-07,atm3500027,Izmir,26200,622,680,41340,45460,1302,45460,7531.73,8134.95,7516.97,8050.0,13507.54693697,0.06970205143605845,0.1274857208485416,7402.325714285714,0.036201204585928716,Tuesday,False,False,
2020-01-01,atm35000270,Izmir,25830,540,618,31225,37460,1158,37460,7145.05,7237.35,7129.55,7225.58,1211.09527025,0.012017176999851609,0.008870365328362606,7270.584285714285,0.020341564637941383,Wednesday,False,True,40485.0
2020-01-02,atm35000270,Izmir,10190,546,673,33715,40485,1219,40485,7220.0,7224.75,6900.0,6953.17,2993.0241097,-0.03770077972979324,-0.05449860279169694,7213.330000000001,0.021516015367927903,Thursday,False,False,42595.0
2020-01-03,atm35000270,Izmir,35790,537,678,33435,42595,1215,42595,6956.64,7402.31,6853.53,7339.97,8452.87552534,0.05562930289350043,0.017669250595838237,7231.535714285715,0.03126689788469128,Friday,False,False,45930.0
2020-01-04,atm35000270,Izmir,19575,528,717,32705,45930,1245,45930,7339.97,7396.1,7247.73,7291.27,3605.74269447,-0.006634904502334504,-0.003472886609773851,7227.905714285715,0.030986226739449674,Saturday,True,False,43915.0
2020-01-05,atm35000270,Izmir,18760,587,694,38780,43915,1281,43915,7294.0,7495.0,7269.71,7430.83,2614.94778349,0.019140698396849842,0.0011897062786310197,7229.167142857143,0.031405089097976686,Sunday,True,False,41875.0
2020-01-06,atm35000270,Izmir,8735,571,663,36125,41875,1234,41875,7431.63,7614.95,7310.0,7525.46,4138.11820107,0.012734781982631782,0.041792354749798255,7272.294285714286,0.029143587117638526,Monday,False,False,39885.0
2020-01-07,atm35000270,Izmir,37930,501,605,30510,39885,1106,39885,7531.73,8134.95,7516.97,8050.0,13507.54693697,0.06970205143605845,0.1274857208485416,7402.325714285714,0.036201204585928716,Tuesday,False,False,
2020-01-01,atm35000271,Izmir,28880,527,580,33875,35365,1107,35365,7145.05,7237.35,7129.55,7225.58,1211.09527025,0.012017176999851609,0.008870365328362606,7270.584285714285,0.020341564637941383,Wednesday,False,True,41990.0
2020-01-02,atm35000271,Izmir,25425,573,591,37785,41990,1164,41990,7220.0,7224.75,6900.0,6953.17,2993.0241097,-0.03770077972979324,-0.05449860279169694,7213.330000000001,0.021516015367927903,Thursday,False,False,40680.0
2020-01-03,atm35000271,Izmir,10955,549,628,32235,40680,1177,40680,6956.64,7402.31,6853.53,7339.97,8452.87552534,0.05562930289350043,0.017669250595838237,7231.535714285715,0.03126689788469128,Friday,False,False,41940.0
2020-01-04,atm35000271,Izmir,39560,505,597,30190,41940,1102,41940,7339.97,7396.1,7247.73,7291.27,3605.74269447,-0.006634904502334504,-0.003472886609773851,7227.905714285715,0.030986226739449674,Saturday,True,False,38280.0
2020-01-05,atm35000271,Izmir,28135,505,586,31330,38280,1091,38280,7294.0,7495.0,7269.71,7430.83,2614.94778349,0.019140698396849842,0.0011897062786310197,7229.167142857143,0.031405089097976686,Sunday,True,False,41305.0
2020-01-06,atm35000271,Izmir,10790,570,636,36090,41305,1206,41305,7431.63,7614.95,7310.0,7525.46,4138.11820107,0.012734781982631782,0.041792354749798255,7272.294285714286,0.029143587117638526,Monday,False,False,37995.0
2020-01-07,atm35000271,Izmir,38035,535,573,35505,37995,1108,37995,7531.73,8134.95,7516.97,8050.0,13507.54693697,0.06970205143605845,0.1274857208485416,7402.325714285714,0.036201204585928716,Tuesday,False,False,
2020-01-01,atm35000272,Izmir,30105,981,1051,66895,65715,2032,65715,7145.05,7237.35,7129.55,7225.58,1211.09527025,0.012017176999851609,0.008870365328362606,7270.584285714285,0.020341564637941383,Wednesday,False,True,70960.0
2020-01-02,atm35000272,Izmir,15340,949,1069,59950,70960,2018,70960,7220.0,7224.75,6900.0,6953.17,2993.0241097,-0.03770077972979324,-0.05449860279169694,7213.330000000001,0.021516015367927903,Thursday,False,False,68575.0
2020-01-03,atm35000272,Izmir,1950,883,1069,59135,68575,1952,68575,6956.64,7402.31,6853.53,7339.97,8452.87552534,0.05562930289350043,0.017669250595838237,7231.535714285715,0.03126689788469128,Friday,False,False,72900.0
2020-01-04,atm35000272,Izmir,18195,942,1059,57795,72900,2001,72900,7339.97,7396.1,7247.73,7291.27,3605.74269447,-0.006634904502334504,-0.003472886609773851,7227.905714285715,0.030986226739449674,Saturday,True,False,69500.0
2020-01-05,atm35000272,Izmir,6175,995,1079,62225,69500,2074,69500,7294.0,7495.0,7269.71,7430.83,2614.94778349,0.019140698396849842,0.0011897062786310197,7229.167142857143,0.031405089097976686,Sunday,True,False,71910.0
2020-01-06,atm35000272,Izmir,26815,989,1084,62995,71910,2073,71910,7431.63,7614.95,7310.0,7525.46,4138.11820107,0.012734781982631782,0.041792354749798255,7272.294285714286,0.029143587117638526,Monday,False,False,75905.0
2020-01-07,atm35000272,Izmir,8335,981,1121,61845,75905,2102,75905,7531.73,8134.95,7516.97,8050.0,13507.54693697,0.06970205143605845,0.1274857208485416,7402.325714285714,0.036201204585928716,Tuesday,False,False,
2020-01-01,atm35000273,Izmir,38225,536,616,35625,36160,1152,36160,7145.05,7237.35,7129.55,7225.58,1211.09527025,0.012017176999851609,0.008870365328362606,7270.584285714285,0.020341564637941383,Wednesday,False,True,46135.0
2020-01-02,atm35000273,Izmir,14910,553,698,36345,46135,1251,46135,7220.0,7224.75,6900.0,6953.17,2993.0241097,-0.03770077972979324,-0.05449860279169694,7213.330000000001,0.021516015367927903,Thursday,False,False,36070.0
2020-01-03,atm35000273,Izmir,24390,668,599,43920,36070,1267,36070,6956.64,7402.31,6853.53,7339.97,8452.87552534,0.05562930289350043,0.017669250595838237,7231.535714285715,0.03126689788469128,Friday,False,False,33060.0
2020-01-04,atm35000273,Izmir,12045,477,556,32295,33060,1033,33060,7339.97,7396.1,7247.73,7291.27,3605.74269447,-0.006634904502334504,-0.003472886609773851,7227.905714285715,0.030986226739449674,Saturday,True,False,38920.0
2020-01-05,atm35000273,Izmir,1615,565,641,37415,38920,1206,38920,7294.0,7495.0,7269.71,7430.83,2614.94778349,0.019140698396849842,0.0011897062786310197,7229.167142857143,0.031405089097976686,Sunday,True,False,46935.0
2020-01-06,atm35000273,Izmir,27075,563,725,36855,46935,1288,46935,7431.63,7614.95,7310.0,7525.46,4138.11820107,0.012734781982631782,0.041792354749798255,7272.294285714286,0.029143587117638526,Monday,False,False,44355.0
2020-01-07,atm35000273,Izmir,2850,663,683,38805,44355,1346,44355,7531.73,8134.95,7516.97,8050.0,13507.54693697,0.06970205143605845,0.1274857208485416,7402.325714285714,0.036201204585928716,Tuesday,False,False,
2020-01-01,atm35000274,Izmir,40895,1032,1099,70105,67030,2131,67030,7145.05,7237.35,7129.55,7225.58,1211.09527025,0.012017176999851609,0.008870365328362606,7270.584285714285,0.020341564637941383,Wednesday,False,True,65835.0
2020-01-02,atm35000274,Izmir,25575,944,1059,61740,65835,2003,65835,7220.0,7224.75,6900.0,6953.17,2993.0241097,-0.03770077972979324,-0.05449860279169694,7213.330000000001,0.021516015367927903,Thursday,False,False,67085.0
2020-01-03,atm35000274,Izmir,10155,965,1049,61385,67085,2014,67085,6956.64,7402.31,6853.53,7339.97,8452.87552534,0.05562930289350043,0.017669250595838237,7231.535714285715,0.03126689788469128,Friday,False,False,71710.0
2020-01-04,atm35000274,Izmir,28865,881,1089,53515,71710,1970,71710,7339.97,7396.1,7247.73,7291.27,3605.74269447,-0.006634904502334504,-0.003472886609773851,7227.905714285715,0.030986226739449674,Saturday,True,False,67055.0
2020-01-05,atm35000274,Izmir,12800,906,1081,59220,67055,1987,67055,7294.0,7495.0,7269.71,7430.83,2614.94778349,0.019140698396849842,0.0011897062786310197,7229.167142857143,0.031405089097976686,Sunday,True,False,66410.0
2020-01-06,atm35000274,Izmir,41310,1009,1066,66605,66410,2075,66410,7431.63,7614.95,7310.0,7525.46,4138.11820107,0.012734781982631782,0.041792354749798255,7272.294285714286,0.029143587117638526,Monday,False,False,75495.0
2020-01-07,atm35000274,Izmir,20420,929,1133,59960,75495,2062,75495,7531.73,8134.95,7516.97,8050.0,13507.54693697,0.06970205143605845,0.1274857208485416,7402.325714285714,0.036201204585928716,Tuesday,False,False,
2020-01-01,atm35000275,Izmir,24990,933,1058,62440,68240,1991,68240,7145.05,7237.35,7129.55,7225.58,1211.09527025,0.012017176999851609,0.008870365328362606,7270.584285714285,0.020341564637941383,Wednesday,False,True,68225.0
2020-01-02,atm35000275,Izmir,5490,944,1087,61600,68225,2031,68225,7220.0,7224.75,6900.0,6953.17,2993.0241097,-0.03770077972979324,-0.05449860279169694,7213.330000000001,0.021516015367927903,Thursday,False,False,68065.0
2020-01-03,atm35000275,Izmir,25520,922,1109,58865,68065,2031,68065,6956.64,7402.31,6853.53,7339.97,8452.87552534,0.05562930289350043,0.017669250595838237,7231.535714285715,0.03126689788469128,Friday,False,False,71965.0
2020-01-04,atm35000275,Izmir,1295,919,1083,58900,71965,2002,71965,7339.97,7396.1,7247.73,7291.27,3605.74269447,-0.006634904502334504,-0.003472886609773851,7227.905714285715,0.030986226739449674,Saturday,True,False,67240.0
2020-01-05,atm35000275,Izmir,31110,984,1086,63600,67240,2070,67240,7294.0,7495.0,7269.71,7430.83,2614.94778349,0.019140698396849842,0.0011897062786310197,7229.167142857143,0.031405089097976686,Sunday,True,False,65915.0
2020-01-06,atm35000275,Izmir,11815,882,1048,54465,65915,1930,65915,7431.63,7614.95,7310.0,7525.46,4138.11820107,0.012734781982631782,0.041792354749798255,7272.294285714286,0.029143587117638526,Monday,False,False,68260.0
2020-01-07,atm35000275,Izmir,36770,997,1061,63420,68260,2058,68260,7531.73,8134.95,7516.97,8050.0,13507.54693697,0.06970205143605845,0.1274857208485416,7402.325714285714,0.036201204585928716,Tuesday,False,False,
2020-01-01,atm35000276,Izmir,28220,593,623,37875,39070,1216,39070,7145.05,7237.35,7129.55,7225.58,1211.09527025,0.012017176999851609,0.008870365328362606,7270.584285714285,0.020341564637941383,Wednesday,False,True,44675.0
2020-01-02,atm35000276,Izmir,7395,610,705,39220,44675,1315,44675,7220.0,7224.75,6900.0,6953.17,2993.0241097,-0.03770077972979324,-0.05449860279169694,7213.330000000001,0.021516015367927903,Thursday,False,False,35770.0
2020-01-03,atm35000276,Izmir,33700,538,574,35430,35770,1112,35770,6956.64,7402.31,6853.53,7339.97,8452.87552534,0.05562930289350043,0.017669250595838237,7231.535714285715,0.03126689788469128,Friday,False,False,42780.0
2020-01-04,atm35000276,Izmir,28945,597,628,38410,42780,1225,42780,7339.97,7396.1,7247.73,7291.27,3605.74269447,-0.006634904502334504,-0.003472886609773851,7227.905714285715,0.030986226739449674,Saturday,True,False,46190.0
2020-01-05,atm35000276,Izmir,10110,554,698,36020,46190,1252,46190,7294.0,7495.0,7269.71,7430.83,2614.94778349,0.019140698396849842,0.0011897062786310197,7229.167142857143,0.031405089097976686,Sunday,True,False,40125.0
2020-01-06,atm35000276,Izmir,30745,476,652,31285,40125,1128,40125,7431.63,7614.95,7310.0,7525.46,4138.11820107,0.012734781982631782,0.041792354749798255,7272.294285714286,0.029143587117638526,Monday,False,False,43280.0
2020-01-07,atm35000276,Izmir,18920,634,681,41650,43280,1315,43280,7531.73,8134.95,7516.97,8050.0,13507.54693697,0.06970205143605845,0.1274857208485416,7402.325714285714,0.036201204585928716,Tuesday,False,False,
2020-01-01,atm35000277,Izmir,31560,539,598,36040,35935,1137,35935,7145.05,7237.35,7129.55,7225.58,1211.09527025,0.012017176999851609,0.008870365328362606,7270.584285714285,0.020341564637941383,Wednesday,False,True,37820.0
2020-01-02,atm35000277,Izmir,22800,618,595,38005,37820,1213,37820,7220.0,7224.75,6900.0,6953.17,2993.0241097,-0.03770077972979324,-0.05449860279169694,7213.330000000001,0.021516015367927903,Thursday,False,False,46035.0
2020-01-03,atm35000277,Izmir,1825,541,664,38530,46035,1205,46035,6956.64,7402.31,6853.53,7339.97,8452.87552534,0.05562930289350043,0.017669250595838237,7231.535714285715,0.03126689788469128,Friday,False,False,40260.0
2020-01-04,atm35000277,Izmir,20660,498,639,28615,40260,1137,40260,7339.97,7396.1,7247.73,7291.27,3605.74269447,-0.006634904502334504,-0.003472886609773851,7227.905714285715,0.030986226739449674,Saturday,True,False,41935.0
2020-01-05,atm35000277,Izmir,15945,575,620,38070,41935,1195,41935,7294.0,7495.0,7269.71,7430.83,2614.94778349,0.019140698396849842,0.0011897062786310197,7229.167142857143,0.031405089097976686,Sunday,True,False,40810.0
2020-01-06,atm35000277,Izmir,10700,604,658,40835,40810,1262,40810,7431.63,7614.95,7310.0,7525.46,4138.11820107,0.012734781982631782,0.041792354749798255,7272.294285714286,0.029143587117638526,Monday,False,False,39330.0
2020-01-07,atm35000277,Izmir,9335,484,588,31865,39330,1072,39330,7531.73,8134.95,7516.97,8050.0,13507.54693697,0.06970205143605845,0.1274857208485416,7402.325714285714,0.036201204585928716,Tuesday,False,False,
2020-01-01,atm35000278,Izmir,12620,470,695,31050,48660,1165,48660,7145.05,7237.35,7129.55,7225.58,1211.09527025,0.012017176999851609,0.008870365328362606,7270.584285714285,0.020341564637941383,Wednesday,False,True,44495.0
2020-01-02,atm35000278,Izmir,37355,530,693,33300,44495,1223,44495,7220.0,7224.75,6900.0,6953.17,2993.0241097,-0.03770077972979324,-0.05449860279169694,7213.330000000001,0.021516015367927903,Thursday,False,False,39800.0
2020-01-03,atm35000278,Izmir,22180,517,641,33610,39800,1158,39800,6956.64,7402.31,6853.53,7339.97,8452.87552534,0.05562930289350043,0.017669250595838237,7231.535714285715,0.03126689788469128,Friday,False,False,42375.0
2020-01-04,atm35000278,Izmir,10800,483,628,31170,42375,1111,42375,7339.97,7396.1,7247.73,7291.27,3605.74269447,-0.006634904502334504,-0.003472886609773851,7227.905714285715,0.030986226739449674,Saturday,True,False,41400.0
2020-01-05,atm35000278,Izmir,39590,522,646,35280,41400,1168,41400,7294.0,7495.0,7269.71,7430.83,2614.94778349,0.019140698396849842,0.0011897062786310197,7229.167142857143,0.031405089097976686,Sunday,True,False,49210.0
2020-01-06,atm35000278,Izmir,18980,508,675,33320,49210,1183,49210,7431.63,7614.95,7310.0,7525.46,4138.11820107,0.012734781982631782,0.041792354749798255,7272.294285714286,0.029143587117638526,Monday,False,False,41785.0
2020-01-07,atm35000278,Izmir,13750,565,668,38785,41785,1233,41785,7531.73,8134.95,7516.97,8050.0,13507.54693697,0.06970205143605845,0.1274857208485416,7402.325714285714,0.036201204585928716,Tuesday,False,False,
2020-01-01,atm35000279,Izmir,36605,626,549,38550,38200,1175,38200,7145.05,7237.35,7129.55,7225.58,1211.09527025,0.012017176999851609,0.008870365328362606,7270.584285714285,0.020341564637941383,Wednesday,False,True,40760.0
2020-01-02,atm35000279,Izmir,20220,470,685,30700,40760,1155,40760,7220.0,7224.75,6900.0,6953.17,2993.0241097,-0.03770077972979324,-0.05449860279169694,7213.330000000001,0.021516015367927903,Thursday,False,False,42195.0
2020-01-03,atm35000279,Izmir,8925,618,650,41955,42195,1268,42195,6956.64,7402.31,6853.53,7339.97,8452.87552534,0.05562930289350043,0.017669250595838237,7231.535714285715,0.03126689788469128,Friday,False,False,39710.0
2020-01-04,atm35000279,Izmir,36340,493,607,34695,39710,1100,39710,7339.97,7396.1,7247.73,7291.27,3605.74269447,-0.006634904502334504,-0.003472886609773851,7227.905714285715,0.030986226739449674,Saturday,True,False,37660.0
2020-01-05,atm35000279,Izmir,43405,638,594,45045,37660,1232,37660,7294.0,7495.0,7269.71,7430.83,2614.94778349,0.019140698396849842,0.0011897062786310197,7229.167142857143,0.031405089097976686,Sunday,True,False,41595.0
2020-01-06,atm35000279,Izmir,22820,479,661,31370,41595,1140,41595,7431.63,7614.95,7310.0,7525.46,4138.11820107,0.012734781982631782,0.041792354749798255,7272.294285714286,0.029143587117638526,Monday,False,False,36095.0
2020-01-07,atm35000279,Izmir,12240,549,610,34870,36095,1159,36095,7531.73,8134.95,7516.97,8050.0,13507.54693697,0.06970205143605845,0.1274857208485416,7402.325714285714,0.036201204585928716,Tuesday,False,False,
2020-01-01,atm3500028,Izmir,26680,586,645,39600,39830,1231,39830,7145.05,7237.35,7129.55,7225.58,1211.09527025,0.012017176999851609,0.008870365328362606,7270.584285714285,0.020341564637941383,Wednesday,False,True,43120.0
2020-01-02,atm3500028,Izmir,20410,545,679,36065,43120,1224,43120,7220.0,7224.75,6900.0,6953.17,2993.0241097,-0.03770077972979324,-0.05449860279169694,7213.330000000001,0.021516015367927903,Thursday,False,False,41160.0
2020-01-03,atm3500028,Izmir,3660,529,602,33290,41160,1131,41160,6956.64,7402.31,6853.53,7339.97,8452.87552534,0.05562930289350043,0.017669250595838237,7231.535714285715,0.03126689788469128,Friday,False,False,39800.0
2020-01-04,atm3500028,Izmir,37840,560,641,38645,39800,1201,39800,7339.97,7396.1,7247.73,7291.27,3605.74269447,-0.006634904502334504,-0.003472886609773851,7227.905714285715,0.030986226739449674,Saturday,True,False,42560.0
2020-01-05,atm3500028,Izmir,24140,539,668,33810,42560,1207,42560,7294.0,7495.0,7269.71,7430.83,2614.94778349,0.019140698396849842,0.0011897062786310197,7229.167142857143,0.031405089097976686,Sunday,True,False,35700.0
2020-01-06,atm3500028,Izmir,20015,654,550,42335,35700,1204,35700,7431.63,7614.95,7310.0,7525.46,4138.11820107,0.012734781982631782,0.041792354749798255,7272.294285714286,0.029143587117638526,Monday,False,False,41360.0
2020-01-07,atm3500028,Izmir,13630,515,655,35360,41360,1170,41360,7531.73,8134.95,7516.97,8050.0,13507.54693697,0.06970205143605845,0.1274857208485416,7402.325714285714,0.036201204585928716,Tuesday,False,False,
2020-01-01,atm35000280,Izmir,17595,501,654,30490,38665,1155,38665,7145.05,7237.35,7129.55,7225.58,1211.09527025,0.012017176999851609,0.008870365328362606,7270.584285714285,0.020341564637941383,Wednesday,False,True,37405.0
2020-01-02,atm35000280,Izmir,4300,516,597,33440,37405,1113,37405,7220.0,7224.75,6900.0,6953.17,2993.0241097,-0.03770077972979324,-0.05449860279169694,7213.330000000001,0.021516015367927903,Thursday,False,False,34400.0
2020-01-03,atm35000280,Izmir,37670,518,547,32970,34400,1065,34400,6956.64,7402.31,6853.53,7339.97,8452.87552534,0.05562930289350043,0.017669250595838237,7231.535714285715,0.03126689788469128,Friday,False,False,45790.0
2020-01-04,atm35000280,Izmir,33765,566,688,37990,45790,1254,45790,7339.97,7396.1,7247.73,7291.27,3605.74269447,-0.006634904502334504,-0.003472886609773851,7227.905714285715,0.030986226739449674,Saturday,True,False,39775.0
2020-01-05,atm35000280,Izmir,26550,605,608,38240,39775,1213,39775,7294.0,7495.0,7269.71,7430.83,2614.94778349,0.019140698396849842,0.0011897062786310197,7229.167142857143,0.031405089097976686,Sunday,True,False,35830.0
2020-01-06,atm35000280,Izmir,22825,579,616,38070,35830,1195,35830,7431.63,7614.95,7310.0,7525.46,4138.11820107,0.012734781982631782,0.041792354749798255,7272.294285714286,0.029143587117638526,Monday,False,False,38270.0
2020-01-07,atm35000280,Izmir,16760,593,600,40810,38270,1193,38270,7531.73,8134.95,7516.97,8050.0,13507.54693697,0.06970205143605845,0.1274857208485416,7402.325714285714,0.036201204585928716,Tuesday,False,False,
2020-01-01,atm35000281,Izmir,30870,577,623,36605,38390,1200,38390,7145.05,7237.35,7129.55,7225.58,1211.09527025,0.012017176999851609,0.008870365328362606,7270.584285714285,0.020341564637941383,Wednesday,False,True,44565.0
2020-01-02,atm35000281,Izmir,20695,538,703,32435,44565,1241,44565,7220.0,7224.75,6900.0,6953.17,2993.0241097,-0.03770077972979324,-0.05449860279169694,7213.330000000001,0.021516015367927903,Thursday,False,False,41385.0
2020-01-03,atm35000281,Izmir,16630,662,625,44650,41385,1287,41385,6956.64,7402.31,6853.53,7339.97,8452.87552534,0.05562930289350043,0.017669250595838237,7231.535714285715,0.03126689788469128,Friday,False,False,41670.0
2020-01-04,atm35000281,Izmir,37365,524,637,35090,41670,1161,41670,7339.97,7396.1,7247.73,7291.27,3605.74269447,-0.006634904502334504,-0.003472886609773851,7227.905714285715,0.030986226739449674,Saturday,True,False,40635.0
2020-01-05,atm35000281,Izmir,30670,576,670,36160,40635,1246,40635,7294.0,7495.0,7269.71,7430.83,2614.94778349,0.019140698396849842,0.0011897062786310197,7229.167142857143,0.031405089097976686,Sunday,True,False,36135.0
2020-01-06,atm35000281,Izmir,28850,666,567,42250,36135,1233,36135,7431.63,7614.95,7310.0,7525.46,4138.11820107,0.012734781982631782,0.041792354749798255,7272.294285714286,0.029143587117638526,Monday,False,False,42200.0
2020-01-07,atm35000281,Izmir,21175,535,705,33050,42200,1240,42200,7531.73,8134.95,7516.97,8050.0,13507.54693697,0.06970205143605845,0.1274857208485416,7402.325714285714,0.036201204585928716,Tuesday,False,False,
2020-01-01,atm35000282,Izmir,33500,502,610,33455,41640,1112,41640,7145.05,7237.35,7129.55,7225.58,1211.09527025,0.012017176999851609,0.008870365328362606,7270.584285714285,0.020341564637941383,Wednesday,False,True,43660.0
2020-01-02,atm35000282,Izmir,33995,652,671,42585,43660,1323,43660,7220.0,7224.75,6900.0,6953.17,2993.0241097,-0.03770077972979324,-0.05449860279169694,7213.330000000001,0.021516015367927903,Thursday,False,False,39515.0
2020-01-03,atm35000282,Izmir,24855,486,648,31230,39515,1134,39515,6956.64,7402.31,6853.53,7339.97,8452.87552534,0.05562930289350043,0.017669250595838237,7231.535714285715,0.03126689788469128,Friday,False,False,44175.0
2020-01-04,atm35000282,Izmir,16530,573,681,40650,44175,1254,44175,7339.97,7396.1,7247.73,7291.27,3605.74269447,-0.006634904502334504,-0.003472886609773851,7227.905714285715,0.030986226739449674,Saturday,True,False,40615.0
2020-01-05,atm35000282,Izmir,5455,592,653,37205,40615,1245,40615,7294.0,7495.0,7269.71,7430.83,2614.94778349,0.019140698396849842,0.0011897062786310197,7229.167142857143,0.031405089097976686,Sunday,True,False,37375.0
2020-01-06,atm35000282,Izmir,8330,616,586,39085,37375,1202,37375,7431.63,7614.95,7310.0,7525.46,4138.11820107,0.012734781982631782,0.041792354749798255,7272.294285714286,0.029143587117638526,Monday,False,False,47010.0
2020-01-07,atm35000282,Izmir,40310,662,699,42315,47010,1361,47010,7531.73,8134.95,7516.97,8050.0,13507.54693697,0.06970205143605845,0.1274857208485416,7402.325714285714,0.036201204585928716,Tuesday,False,False,
2020-01-01,atm35000283,Izmir,21480,536,729,34910,44850,1265,44850,7145.05,7237.35,7129.55,7225.58,1211.09527025,0.012017176999851609,0.008870365328362606,7270.584285714285,0.020341564637941383,Wednesday,False,True,41605.0
2020-01-02,atm35000283,Izmir,12305,537,641,36610,41605,1178,41605,7220.0,7224.75,6900.0,6953.17,2993.0241097,-0.03770077972979324,-0.05449860279169694,7213.330000000001,0.021516015367927903,Thursday,False,False,37130.0
2020-01-03,atm35000283,Izmir,4120,657,581,40375,37130,1238,37130,6956.64,7402.31,6853.53,7339.97,8452.87552534,0.05562930289350043,0.017669250595838237,7231.535714285715,0.03126689788469128,Friday,False,False,45685.0
2020-01-04,atm35000283,Izmir,41045,672,650,43440,45685,1322,45685,7339.97,7396.1,7247.73,7291.27,3605.74269447,-0.006634904502334504,-0.003472886609773851,7227.905714285715,0.030986226739449674,Saturday,True,False,39275.0
2020-01-05,atm35000283,Izmir,24820,551,613,37180,39275,1164,39275,7294.0,7495.0,7269.71,7430.83,2614.94778349,0.019140698396849842,0.0011897062786310197,7229.167142857143,0.031405089097976686,Sunday,True,False,36345.0
2020-01-06,atm35000283,Izmir,24545,574,600,37525,36345,1174,36345,7431.63,7614.95,7310.0,7525.46,4138.11820107,0.012734781982631782,0.041792354749798255,7272.294285714286,0.029143587117638526,Monday,False,False,40940.0
2020-01-07,atm35000283,Izmir,23105,605,599,38960,40940,1204,40940,7531.73,8134.95,7516.97,8050.0,13507.54693697,0.06970205143605845,0.1274857208485416,7402.325714285714,0.036201204585928716,Tuesday,False,False,
2020-01-01,atm35000284,Izmir,38340,624,614,41945,37750,1238,37750,7145.05,7237.35,7129.55,7225.58,1211.09527025,0.012017176999851609,0.008870365328362606,7270.584285714285,0.020341564637941383,Wednesday,False,True,41070.0
2020-01-02,atm35000284,Izmir,23880,564,671,33330,41070,1235,41070,7220.0,7224.75,6900.0,6953.17,2993.0241097,-0.03770077972979324,-0.05449860279169694,7213.330000000001,0.021516015367927903,Thursday,False,False,40265.0
2020-01-03,atm35000284,Izmir,9810,555,640,31510,40265,1195,40265,6956.64,7402.31,6853.53,7339.97,8452.87552534,0.05562930289350043,0.017669250595838237,7231.535714285715,0.03126689788469128,Friday,False,False,40155.0
2020-01-04,atm35000284,Izmir,8255,609,610,40505,40155,1219,40155,7339.97,7396.1,7247.73,7291.27,3605.74269447,-0.006634904502334504,-0.003472886609773851,7227.905714285715,0.030986226739449674,Saturday,True,False,43365.0
2020-01-05,atm35000284,Izmir,16155,426,611,25060,43365,1037,43365,7294.0,7495.0,7269.71,7430.83,2614.94778349,0.019140698396849842,0.0011897062786310197,7229.167142857143,0.031405089097976686,Sunday,True,False,42530.0
2020-01-06,atm35000284,Izmir,40580,543,647,35375,42530,1190,42530,7431.63,7614.95,7310.0,7525.46,4138.11820107,0.012734781982631782,0.041792354749798255,7272.294285714286,0.029143587117638526,Monday,False,False,40370.0
2020-01-07,atm35000284,Izmir,33535,498,680,30800,40370,1178,40370,7531.73,8134.95,7516.97,8050.0,13507.54693697,0.06970205143605845,0.1274857208485416,7402.325714285714,0.036201204585928716,Tuesday,False,False,
2020-01-01,atm35000285,Izmir,36095,501,588,31570,37085,1089,37085,7145.05,7237.35,7129.55,7225.58,1211.09527025,0.012017176999851609,0.008870365328362606,7270.584285714285,0.020341564637941383,Wednesday,False,True,40150.0
2020-01-02,atm35000285,Izmir,29135,548,610,34780,40150,1158,40150,7220.0,7224.75,6900.0,6953.17,2993.0241097,-0.03770077972979324,-0.05449860279169694,7213.330000000001,0.021516015367927903,Thursday,False,False,46645.0
2020-01-03,atm35000285,Izmir,3640,524,693,33190,46645,1217,46645,6956.64,7402.31,6853.53,7339.97,8452.87552534,0.05562930289350043,0.017669250595838237,7231.535714285715,0.03126689788469128,Friday,False,False,41095.0
2020-01-04,atm35000285,Izmir,30730,544,639,34590,41095,1183,41095,7339.97,7396.1,7247.73,7291.27,3605.74269447,-0.006634904502334504,-0.003472886609773851,7227.905714285715,0.030986226739449674,Saturday,True,False,44170.0
2020-01-05,atm35000285,Izmir,30955,685,670,42110,44170,1355,44170,7294.0,7495.0,7269.71,7430.83,2614.94778349,0.019140698396849842,0.0011897062786310197,7229.167142857143,0.031405089097976686,Sunday,True,False,45220.0
2020-01-06,atm35000285,Izmir,22370,628,691,39630,45220,1319,45220,7431.63,7614.95,7310.0,7525.46,4138.11820107,0.012734781982631782,0.041792354749798255,7272.294285714286,0.029143587117638526,Monday,False,False,43755.0
2020-01-07,atm35000285,Izmir,3560,448,654,28475,43755,1102,43755,7531.73,8134.95,7516.97,8050.0,13507.54693697,0.06970205143605845,0.1274857208485416,7402.325714285714,0.036201204585928716,Tuesday,False,False,
2020-01-01,atm35000286,Izmir,22585,450,648,31225,41605,1098,41605,7145.05,7237.35,7129.55,7225.58,1211.09527025,0.012017176999851609,0.008870365328362606,7270.584285714285,0.020341564637941383,Wednesday,False,True,41770.0
2020-01-02,atm35000286,Izmir,17385,624,681,40585,41770,1305,41770,7220.0,7224.75,6900.0,6953.17,2993.0241097,-0.03770077972979324,-0.05449860279169694,7213.330000000001,0.021516015367927903,Thursday,False,False,47565.0
2020-01-03,atm35000286,Izmir,24845,507,722,30875,47565,1229,47565,6956.64,7402.31,6853.53,7339.97,8452.87552534,0.05562930289350043,0.017669250595838237,7231.535714285715,0.03126689788469128,Friday,False,False,41275.0
2020-01-04,atm35000286,Izmir,9775,568,628,37525,41275,1196,41275,7339.97,7396.1,7247.73,7291.27,3605.74269447,-0.006634904502334504,-0.003472886609773851,7227.905714285715,0.030986226739449674,Saturday,True,False,33275.0
2020-01-05,atm35000286,Izmir,12375,536,581,35660,33275,1117,33275,7294.0,7495.0,7269.71,7430.83,2614.94778349,0.019140698396849842,0.0011897062786310197,7229.167142857143,0.031405089097976686,Sunday,True,False,38485.0
2020-01-06,atm35000286,Izmir,7500,668,581,40645,38485,1249,38485,7431.63,7614.95,7310.0,7525.46,4138.11820107,0.012734781982631782,0.041792354749798255,7272.294285714286,0.029143587117638526,Monday,False,False,37535.0
2020-01-07,atm35000286,Izmir,32940,576,589,34800,37535,1165,37535,7531.73,8134.95,7516.97,8050.0,13507.54693697,0.06970205143605845,0.1274857208485416,7402.325714285714,0.036201204585928716,Tuesday,False,False,
2020-01-01,atm35000287,Izmir,29375,523,650,35210,44265,1173,44265,7145.05,7237.35,7129.55,7225.58,1211.09527025,0.012017176999851609,0.008870365328362606,7270.584285714285,0.020341564637941383,Wednesday,False,True,43615.0
2020-01-02,atm35000287,Izmir,20075,582,656,37010,43615,1238,43615,7220.0,7224.75,6900.0,6953.17,2993.0241097,-0.03770077972979324,-0.05449860279169694,7213.330000000001,0.021516015367927903,Thursday,False,False,43100.0
2020-01-03,atm35000287,Izmir,7220,633,628,40655,43100,1261,43100,6956.64,7402.31,6853.53,7339.97,8452.87552534,0.05562930289350043,0.017669250595838237,7231.535714285715,0.03126689788469128,Friday,False,False,41330.0
2020-01-04,atm35000287,Izmir,33660,570,673,35300,41330,1243,41330,7339.97,7396.1,7247.73,7291.27,3605.74269447,-0.006634904502334504,-0.003472886609773851,7227.905714285715,0.030986226739449674,Saturday,True,False,37845.0
2020-01-05,atm35000287,Izmir,22710,479,569,31570,37845,1048,37845,7294.0,7495.0,7269.71,7430.83,2614.94778349,0.019140698396849842,0.0011897062786310197,7229.167142857143,0.031405089097976686,Sunday,True,False,42615.0
2020-01-06,atm35000287,Izmir,8745,556,641,38170,42615,1197,42615,7431.63,7614.95,7310.0,7525.46,4138.11820107,0.012734781982631782,0.041792354749798255,7272.294285714286,0.029143587117638526,Monday,False,False,46645.0
2020-01-07,atm35000287,Izmir,2435,587,709,37280,46645,1296,46645,7531.73,8134.95,7516.97,8050.0,13507.54693697,0.06970205143605845,0.1274857208485416,7402.325714285714,0.036201204585928716,Tuesday,False,False,
2020-01-01,atm35000288,Izmir,36235,604,637,40745,42475,1241,42475,7145.05,7237.35,7129.55,7225.58,1211.09527025,0.012017176999851609,0.008870365328362606,7270.584285714285,0.020341564637941383,Wednesday,False,True,40140.0
2020-01-02,atm35000288,Izmir,14165,471,598,29485,40140,1069,40140,7220.0,7224.75,6900.0,6953.17,2993.0241097,-0.03770077972979324,-0.05449860279169694,7213.330000000001,0.021516015367927903,Thursday,False,False,34830.0
2020-01-03,atm35000288,Izmir,8900,660,588,40445,34830,1248,34830,6956.64,7402.31,6853.53,7339.97,8452.87552534,0.05562930289350043,0.017669250595838237,7231.535714285715,0.03126689788469128,Friday,False,False,45310.0
2020-01-04,atm35000288,Izmir,25130,481,683,30775,45310,1164,45310,7339.97,7396.1,7247.73,7291.27,3605.74269447,-0.006634904502334504,-0.003472886609773851,7227.905714285715,0.030986226739449674,Saturday,True,False,40395.0
2020-01-05,atm35000288,Izmir,21105,531,622,36005,40395,1153,40395,7294.0,7495.0,7269.71,7430.83,2614.94778349,0.019140698396849842,0.0011897062786310197,7229.167142857143,0.031405089097976686,Sunday,True,False,40320.0
2020-01-06,atm35000288,Izmir,14635,621,624,41095,40320,1245,40320,7431.63,7614.95,7310.0,7525.46,4138.11820107,0.012734781982631782,0.041792354749798255,7272.294285714286,0.029143587117638526,Monday,False,False,46930.0
2020-01-07,atm35000288,Izmir,32435,549,722,34390,46930,1271,46930,7531.73,8134.95,7516.97,8050.0,13507.54693697,0.06970205143605845,0.1274857208485416,7402.325714285714,0.036201204585928716,Tuesday,False,False,
2020-01-01,atm35000289,Izmir,24860,560,652,33790,41755,1212,41755,7145.05,7237.35,7129.55,7225.58,1211.09527025,0.012017176999851609,0.008870365328362606,7270.584285714285,0.020341564637941383,Wednesday,False,True,42225.0
2020-01-02,atm35000289,Izmir,1775,546,645,33740,42225,1191,42225,7220.0,7224.75,6900.0,6953.17,2993.0241097,-0.03770077972979324,-0.05449860279169694,7213.330000000001,0.021516015367927903,Thursday,False,False,46215.0
2020-01-03,atm35000289,Izmir,26565,542,716,36490,46215,1258,46215,6956.64,7402.31,6853.53,7339.97,8452.87552534,0.05562930289350043,0.017669250595838237,7231.535714285715,0.03126689788469128,Friday,False,False,39725.0
2020-01-04,atm35000289,Izmir,22270,582,626,38195,39725,1208,39725,7339.97,7396.1,7247.73,7291.27,3605.74269447,-0.006634904502334504,-0.003472886609773851,7227.905714285715,0.030986226739449674,Saturday,True,False,43725.0
2020-01-05,atm35000289,Izmir,3915,523,694,32620,43725,1217,43725,7294.0,7495.0,7269.71,7430.83,2614.94778349,0.019140698396849842,0.0011897062786310197,7229.167142857143,0.031405089097976686,Sunday,True,False,38605.0
2020-01-06,atm35000289,Izmir,34960,592,651,38980,38605,1243,38605,7431.63,7614.95,7310.0,7525.46,4138.11820107,0.012734781982631782,0.041792354749798255,7272.294285714286,0.029143587117638526,Monday,False,False,45580.0
2020-01-07,atm35000289,Izmir,12770,516,695,31980,45580,1211,45580,7531.73,8134.95,7516.97,8050.0,13507.54693697,0.06970205143605845,0.1274857208485416,7402.325714285714,0.036201204585928716,Tuesday,False,False,
2020-01-01,atm3500029,Izmir,26625,546,642,35810,44480,1188,44480,7145.05,7237.35,7129.55,7225.58,1211.09527025,0.012017176999851609,0.008870365328362606,7270.584285714285,0.020341564637941383,Wednesday,False,True,38920.0
2020-01-02,atm3500029,Izmir,24520,598,642,38620,38920,1240,38920,7220.0,7224.75,6900.0,6953.17,2993.0241097,-0.03770077972979324,-0.05449860279169694,7213.330000000001,0.021516015367927903,Thursday,False,False,35200.0
2020-01-03,atm3500029,Izmir,16980,538,596,36740,35200,1134,35200,6956.64,7402.31,6853.53,7339.97,8452.87552534,0.05562930289350043,0.017669250595838237,7231.535714285715,0.03126689788469128,Friday,False,False,47480.0
2020-01-04,atm3500029,Izmir,38460,500,698,32885,47480,1198,47480,7339.97,7396.1,7247.73,7291.27,3605.74269447,-0.006634904502334504,-0.003472886609773851,7227.905714285715,0.030986226739449674,Saturday,True,False,45045.0
2020-01-05,atm3500029,Izmir,28495,649,717,41700,45045,1366,45045,7294.0,7495.0,7269.71,7430.83,2614.94778349,0.019140698396849842,0.0011897062786310197,7229.167142857143,0.031405089097976686,Sunday,True,False,43140.0
2020-01-06,atm3500029,Izmir,8190,497,636,31270,43140,1133,43140,7431.63,7614.95,7310.0,7525.46,4138.11820107,0.012734781982631782,0.041792354749798255,7272.294285714286,0.029143587117638526,Monday,False,False,47360.0
2020-01-07,atm3500029,Izmir,32150,597,709,40435,47360,1306,47360,7531.73,8134.95,7516.97,8050.0,13507.54693697,0.06970205143605845,0.1274857208485416,7402.325714285714,0.036201204585928716,Tuesday,False,False,
2020-01-01,atm35000290,Izmir,26270,556,691,35750,42485,1247,42485,7145.05,7237.35,7129.55,7225.58,1211.09527025,0.012017176999851609,0.008870365328362606,7270.584285714285,0.020341564637941383,Wednesday,False,True,37720.0
2020-01-02,atm35000290,Izmir,26175,630,602,38590,37720,1232,37720,7220.0,7224.75,6900.0,6953.17,2993.0241097,-0.03770077972979324,-0.05449860279169694,7213.330000000001,0.021516015367927903,Thursday,False,False,38370.0
2020-01-03,atm35000290,Izmir,27490,622,582,39560,38370,1204,38370,6956.64,7402.31,6853.53,7339.97,8452.87552534,0.05562930289350043,0.017669250595838237,7231.535714285715,0.03126689788469128,Friday,False,False,39695.0
2020-01-04,atm35000290,Izmir,17580,604,626,38245,39695,1230,39695,7339.97,7396.1,7247.73,7291.27,3605.74269447,-0.006634904502334504,-0.003472886609773851,7227.905714285715,0.030986226739449674,Saturday,True,False,42140.0
2020-01-05,atm35000290,Izmir,3730,608,632,37905,42140,1240,42140,7294.0,7495.0,7269.71,7430.83,2614.94778349,0.019140698396849842,0.0011897062786310197,7229.167142857143,0.031405089097976686,Sunday,True,False,38460.0
2020-01-06,atm35000290,Izmir,35145,501,623,33320,38460,1124,38460,7431.63,7614.95,7310.0,7525.46,4138.11820107,0.012734781982631782,0.041792354749798255,7272.294285714286,0.029143587117638526,Monday,False,False,45795.0
2020-01-07,atm35000290,Izmir,36730,683,718,41785,45795,1401,45795,7531.73,8134.95,7516.97,8050.0,13507.54693697,0.06970205143605845,0.1274857208485416,7402.325714285714,0.036201204585928716,Tuesday,False,False,
2020-01-01,atm35000291,Izmir,27575,504,642,32720,41215,1146,41215,7145.05,7237.35,7129.55,7225.58,1211.09527025,0.012017176999851609,0.008870365328362606,7270.584285714285,0.020341564637941383,Wednesday,False,True,43315.0
2020-01-02,atm35000291,Izmir,7960,457,672,28730,43315,1129,43315,7220.0,7224.75,6900.0,6953.17,2993.0241097,-0.03770077972979324,-0.05449860279169694,7213.330000000001,0.021516015367927903,Thursday,False,False,44060.0
2020-01-03,atm35000291,Izmir,17035,405,628,25845,44060,1033,44060,6956.64,7402.31,6853.53,7339.97,8452.87552534,0.05562930289350043,0.017669250595838237,7231.535714285715,0.03126689788469128,Friday,False,False,36615.0
2020-01-04,atm35000291,Izmir,10020,591,607,36660,36615,1198,36615,7339.97,7396.1,7247.73,7291.27,3605.74269447,-0.006634904502334504,-0.003472886609773851,7227.905714285715,0.030986226739449674,Saturday,True,False,46525.0
2020-01-05,atm35000291,Izmir,32050,511,700,34980,46525,1211,46525,7294.0,7495.0,7269.71,7430.83,2614.94778349,0.019140698396849842,0.0011897062786310197,7229.167142857143,0.031405089097976686,Sunday,True,False,42160.0
2020-01-06,atm35000291,Izmir,21155,557,678,35515,42160,1235,42160,7431.63,7614.95,7310.0,7525.46,4138.11820107,0.012734781982631782,0.041792354749798255,7272.294285714286,0.029143587117638526,Monday,False,False,38980.0
2020-01-07,atm35000291,Izmir,13235,513,572,32250,38980,1085,38980,7531.73,8134.95,7516.97,8050.0,13507.54693697,0.06970205143605845,0.1274857208485416,7402.325714285714,0.036201204585928716,Tuesday,False,False,
2020-01-01,atm35000292,Izmir,44490,654,559,43275,35490,1213,35490,7145.05,7237.35,7129.55,7225.58,1211.09527025,0.012017176999851609,0.008870365328362606,7270.584285714285,0.020341564637941383,Wednesday,False,True,37605.0
2020-01-02,atm35000292,Izmir,34600,505,602,31145,37605,1107,37605,7220.0,7224.75,6900.0,6953.17,2993.0241097,-0.03770077972979324,-0.05449860279169694,7213.330000000001,0.021516015367927903,Thursday,False,False,37645.0
2020-01-03,atm35000292,Izmir,32830,697,615,44530,37645,1312,37645,6956.64,7402.31,6853.53,7339.97,8452.87552534,0.05562930289350043,0.017669250595838237,7231.535714285715,0.03126689788469128,Friday,False,False,45500.0
2020-01-04,atm35000292,Izmir,5390,547,699,32820,45500,1246,45500,7339.97,7396.1,7247.73,7291.27,3605.74269447,-0.006634904502334504,-0.003472886609773851,7227.905714285715,0.030986226739449674,Saturday,True,False,43145.0
2020-01-05,atm35000292,Izmir,39075,557,646,35640,43145,1203,43145,7294.0,7495.0,7269.71,7430.83,2614.94778349,0.019140698396849842,0.0011897062786310197,7229.167142857143,0.031405089097976686,Sunday,True,False,45490.0
2020-01-06,atm35000292,Izmir,13265,449,684,28190,45490,1133,45490,7431.63,7614.95,7310.0,7525.46,4138.11820107,0.012734781982631782,0.041792354749798255,7272.294285714286,0.029143587117638526,Monday,False,False,37620.0
2020-01-07,atm35000292,Izmir,1125,511,544,30875,37620,1055,37620,7531.73,8134.95,7516.97,8050.0,13507.54693697,0.06970205143605845,0.1274857208485416,7402.325714285714,0.036201204585928716,Tuesday,False,False,
2020-01-01,atm35000293,Izmir,28050,558,629,32930,39260,1187,39260,7145.05,7237.35,7129.55,7225.58,1211.09527025,0.012017176999851609,0.008870365328362606,7270.584285714285,0.020341564637941383,Wednesday,False,True,36760.0
2020-01-02,atm35000293,Izmir,32300,647,580,44580,36760,1227,36760,7220.0,7224.75,6900.0,6953.17,2993.0241097,-0.03770077972979324,-0.05449860279169694,7213.330000000001,0.021516015367927903,Thursday,False,False,42700.0
2020-01-03,atm35000293,Izmir,27005,599,627,38835,42700,1226,42700,6956.64,7402.31,6853.53,7339.97,8452.87552534,0.05562930289350043,0.017669250595838237,7231.535714285715,0.03126689788469128,Friday,False,False,40830.0
2020-01-04,atm35000293,Izmir,10320,583,628,39425,40830,1211,40830,7339.97,7396.1,7247.73,7291.27,3605.74269447,-0.006634904502334504,-0.003472886609773851,7227.905714285715,0.030986226739449674,Saturday,True,False,46055.0
2020-01-05,atm35000293,Izmir,32695,459,735,30435,46055,1194,46055,7294.0,7495.0,7269.71,7430.83,2614.94778349,0.019140698396849842,0.0011897062786310197,7229.167142857143,0.031405089097976686,Sunday,True,False,38910.0
2020-01-06,atm35000293,Izmir,16605,463,590,27095,38910,1053,38910,7431.63,7614.95,7310.0,7525.46,4138.11820107,0.012734781982631782,0.041792354749798255,7272.294285714286,0.029143587117638526,Monday,False,False,40665.0
2020-01-07,atm35000293,Izmir,9545,427,719,27865,40665,1146,40665,7531.73,8134.95,7516.97,8050.0,13507.54693697,0.06970205143605845,0.1274857208485416,7402.325714285714,0.036201204585928716,Tuesday,False,False,
2020-01-01,atm35000294,Izmir,33445,621,719,43260,42555,1340,42555,7145.05,7237.35,7129.55,7225.58,1211.09527025,0.012017176999851609,0.008870365328362606,7270.584285714285,0.020341564637941383,Wednesday,False,True,37530.0
2020-01-02,atm35000294,Izmir,27880,530,610,35920,37530,1140,37530,7220.0,7224.75,6900.0,6953.17,2993.0241097,-0.03770077972979324,-0.05449860279169694,7213.330000000001,0.021516015367927903,Thursday,False,False,45915.0
2020-01-03,atm35000294,Izmir,1105,484,693,29270,45915,1177,45915,6956.64,7402.31,6853.53,7339.97,8452.87552534,0.05562930289350043,0.017669250595838237,7231.535714285715,0.03126689788469128,Friday,False,False,43875.0
2020-01-04,atm35000294,Izmir,30570,504,667,30435,43875,1171,43875,7339.97,7396.1,7247.73,7291.27,3605.74269447,-0.006634904502334504,-0.003472886609773851,7227.905714285715,0.030986226739449674,Saturday,True,False,38820.0
2020-01-05,atm35000294,Izmir,27575,567,606,38680,38820,1173,38820,7294.0,7495.0,7269.71,7430.83,2614.94778349,0.019140698396849842,0.0011897062786310197,7229.167142857143,0.031405089097976686,Sunday,True,False,41855.0
2020-01-06,atm35000294,Izmir,14710,538,644,33275,41855,1182,41855,7431.63,7614.95,7310.0,7525.46,4138.11820107,0.012734781982631782,0.041792354749798255,7272.294285714286,0.029143587117638526,Monday,False,False,32700.0
2020-01-07,atm35000294,Izmir,17805,603,524,36105,32700,1127,32700,7531.73,8134.95,7516.97,8050.0,13507.54693697,0.06970205143605845,0.1274857208485416,7402.325714285714,0.036201204585928716,Tuesday,False,False,
2020-01-01,atm35000295,Izmir,19405,603,717,38775,45975,1320,45975,7145.05,7237.35,7129.55,7225.58,1211.09527025,0.012017176999851609,0.008870365328362606,7270.584285714285,0.020341564637941383,Wednesday,False,True,41145.0
2020-01-02,atm35000295,Izmir,15920,610,631,39635,41145,1241,41145,7220.0,7224.75,6900.0,6953.17,2993.0241097,-0.03770077972979324,-0.05449860279169694,7213.330000000001,0.021516015367927903,Thursday,False,False,40210.0
2020-01-03,atm35000295,Izmir,8380,609,619,37300,40210,1228,40210,6956.64,7402.31,6853.53,7339.97,8452.87552534,0.05562930289350043,0.017669250595838237,7231.535714285715,0.03126689788469128,Friday,False,False,44580.0
2020-01-04,atm35000295,Izmir,42745,563,691,32780,44580,1254,44580,7339.97,7396.1,7247.73,7291.27,3605.74269447,-0.006634904502334504,-0.003472886609773851,7227.905714285715,0.030986226739449674,Saturday,True,False,40055.0
2020-01-05,atm35000295,Izmir,25270,536,619,33375,40055,1155,40055,7294.0,7495.0,7269.71,7430.83,2614.94778349,0.019140698396849842,0.0011897062786310197,7229.167142857143,0.031405089097976686,Sunday,True,False,39260.0
2020-01-06,atm35000295,Izmir,16590,604,633,37645,39260,1237,39260,7431.63,7614.95,7310.0,7525.46,4138.11820107,0.012734781982631782,0.041792354749798255,7272.294285714286,0.029143587117638526,Monday,False,False,33275.0
2020-01-07,atm35000295,Izmir,17255,608,563,39290,33275,1171,33275,7531.73,8134.95,7516.97,8050.0,13507.54693697,0.06970205143605845,0.1274857208485416,7402.325714285714,0.036201204585928716,Tuesday,False,False,
2020-01-01,atm35000296,Izmir,19455,495,617,32075,42395,1112,42395,7145.05,7237.35,7129.55,7225.58,1211.09527025,0.012017176999851609,0.008870365328362606,7270.584285714285,0.020341564637941383,Wednesday,False,True,40950.0
2020-01-02,atm35000296,Izmir,6265,533,625,36645,40950,1158,40950,7220.0,7224.75,6900.0,6953.17,2993.0241097,-0.03770077972979324,-0.05449860279169694,7213.330000000001,0.021516015367927903,Thursday,False,False,35065.0
2020-01-03,atm35000296,Izmir,2530,560,564,34820,35065,1124,35065,6956.64,7402.31,6853.53,7339.97,8452.87552534,0.05562930289350043,0.017669250595838237,7231.535714285715,0.03126689788469128,Friday,False,False,40285.0
2020-01-04,atm35000296,Izmir,32295,538,681,34400,40285,1219,40285,7339.97,7396.1,7247.73,7291.27,3605.74269447,-0.006634904502334504,-0.003472886609773851,7227.905714285715,0.030986226739449674,Saturday,True,False,40355.0
2020-01-05,atm35000296,Izmir,24795,473,669,31495,40355,1142,40355,7294.0,7495.0,7269.71,7430.83,2614.94778349,0.019140698396849842,0.0011897062786310197,7229.167142857143,0.031405089097976686,Sunday,True,False,44255.0
2020-01-06,atm35000296,Izmir,20130,619,664,37850,44255,1283,44255,7431.63,7614.95,7310.0,7525.46,4138.11820107,0.012734781982631782,0.041792354749798255,7272.294285714286,0.029143587117638526,Monday,False,False,41460.0
2020-01-07,atm35000296,Izmir,10590,646,668,39275,41460,1314,41460,7531.73,8134.95,7516.97,8050.0,13507.54693697,0.06970205143605845,0.1274857208485416,7402.325714285714,0.036201204585928716,Tuesday,False,False,
2020-01-01,atm35000297,Izmir,23930,525,684,34860,42945,1209,42945,7145.05,7237.35,7129.55,7225.58,1211.09527025,0.012017176999851609,0.008870365328362606,7270.584285714285,0.020341564637941383,Wednesday,False,True,39955.0
2020-01-02,atm35000297,Izmir,18460,600,618,39165,39955,1218,39955,7220.0,7224.75,6900.0,6953.17,2993.0241097,-0.03770077972979324,-0.05449860279169694,7213.330000000001,0.021516015367927903,Thursday,False,False,39105.0
2020-01-03,atm35000297,Izmir,40220,445,636,27665,39105,1081,39105,6956.64,7402.31,6853.53,7339.97,8452.87552534,0.05562930289350043,0.017669250595838237,7231.535714285715,0.03126689788469128,Friday,False,False,38455.0
2020-01-04,atm35000297,Izmir,37220,546,620,34580,38455,1166,38455,7339.97,7396.1,7247.73,7291.27,3605.74269447,-0.006634904502334504,-0.003472886609773851,7227.905714285715,0.030986226739449674,Saturday,True,False,36090.0
2020-01-05,atm35000297,Izmir,49500,693,577,47375,36090,1270,36090,7294.0,7495.0,7269.71,7430.83,2614.94778349,0.019140698396849842,0.0011897062786310197,7229.167142857143,0.031405089097976686,Sunday,True,False,46420.0
2020-01-06,atm35000297,Izmir,28725,570,692,35365,46420,1262,46420,7431.63,7614.95,7310.0,7525.46,4138.11820107,0.012734781982631782,0.041792354749798255,7272.294285714286,0.029143587117638526,Monday,False,False,38140.0
2020-01-07,atm35000297,Izmir,20370,592,580,38865,38140,1172,38140,7531.73,8134.95,7516.97,8050.0,13507.54693697,0.06970205143605845,0.1274857208485416,7402.325714285714,0.036201204585928716,Tuesday,False,False,
2020-01-01,atm35000298,Izmir,30430,571,652,35920,40535,1223,40535,7145.05,7237.35,7129.55,7225.58,1211.09527025,0.012017176999851609,0.008870365328362606,7270.584285714285,0.020341564637941383,Wednesday,False,True,35040.0
2020-01-02,atm35000298,Izmir,21205,482,553,29390,35040,1035,35040,7220.0,7224.75,6900.0,6953.17,2993.0241097,-0.03770077972979324,-0.05449860279169694,7213.330000000001,0.021516015367927903,Thursday,False,False,40975.0
2020-01-03,atm35000298,Izmir,17810,565,679,34130,40975,1244,40975,6956.64,7402.31,6853.53,7339.97,8452.87552534,0.05562930289350043,0.017669250595838237,7231.535714285715,0.03126689788469128,Friday,False,False,38645.0
2020-01-04,atm35000298,Izmir,9800,517,622,32990,38645,1139,38645,7339.97,7396.1,7247.73,7291.27,3605.74269447,-0.006634904502334504,-0.003472886609773851,7227.905714285715,0.030986226739449674,Saturday,True,False,41945.0
2020-01-05,atm35000298,Izmir,0,519,603,32140,41945,1122,41945,7294.0,7495.0,7269.71,7430.83,2614.94778349,0.019140698396849842,0.0011897062786310197,7229.167142857143,0.031405089097976686,Sunday,True,False,41315.0
2020-01-06,atm35000298,Izmir,28330,592,670,35285,41315,1262,41315,7431.63,7614.95,7310.0,7525.46,4138.11820107,0.012734781982631782,0.041792354749798255,7272.294285714286,0.029143587117638526,Monday,False,False,40365.0
2020-01-07,atm35000298,Izmir,16360,575,621,38125,40365,1196,40365,7531.73,8134.95,7516.97,8050.0,13507.54693697,0.06970205143605845,0.1274857208485416,7402.325714285714,0.036201204585928716,Tuesday,False,False,
2020-01-01,atm35000299,Izmir,21760,561,639,36145,39375,1200,39375,7145.05,7237.35,7129.55,7225.58,1211.09527025,0.012017176999851609,0.008870365328362606,7270.584285714285,0.020341564637941383,Wednesday,False,True,44710.0
2020-01-02,atm35000299,Izmir,8370,607,677,39050,44710,1284,44710,7220.0,7224.75,6900.0,6953.17,2993.0241097,-0.03770077972979324,-0.05449860279169694,7213.330000000001,0.021516015367927903,Thursday,False,False,38420.0
2020-01-03,atm35000299,Izmir,2175,488,601,31870,38420,1089,38420,6956.64,7402.31,6853.53,7339.97,8452.87552534,0.05562930289350043,0.017669250595838237,7231.535714285715,0.03126689788469128,Friday,False,False,42190.0
2020-01-04,atm35000299,Izmir,42300,540,632,38195,42190,1172,42190,7339.97,7396.1,7247.73,7291.27,3605.74269447,-0.006634904502334504,-0.003472886609773851,7227.905714285715,0.030986226739449674,Saturday,True,False,43920.0
2020-01-05,atm35000299,Izmir,23810,561,636,33010,43920,1197,43920,7294.0,7495.0,7269.71,7430.83,2614.94778349,0.019140698396849842,0.0011897062786310197,7229.167142857143,0.031405089097976686,Sunday,True,False,44510.0
2020-01-06,atm35000299,Izmir,16540,576,666,35155,44510,1242,44510,7431.63,7614.95,7310.0,7525.46,4138.11820107,0.012734781982631782,0.041792354749798255,7272.294285714286,0.029143587117638526,Monday,False,False,42845.0
2020-01-07,atm35000299,Izmir,6065,602,665,36545,42845,1267,42845,7531.73,8134.95,7516.97,8050.0,13507.54693697,0.06970205143605845,0.1274857208485416,7402.325714285714,0.036201204585928716,Tuesday,False,False,
2020-01-01,atm350003,Izmir,33380,512,600,32825,39350,1112,39350,7145.05,7237.35,7129.55,7225.58,1211.09527025,0.012017176999851609,0.008870365328362606,7270.584285714285,0.020341564637941383,Wednesday,False,True,42910.0
2020-01-02,atm350003,Izmir,25740,568,620,34945,42910,1188,42910,7220.0,7224.75,6900.0,6953.17,2993.0241097,-0.03770077972979324,-0.05449860279169694,7213.330000000001,0.021516015367927903,Thursday,False,False,41055.0
2020-01-03,atm350003,Izmir,12765,513,640,33170,41055,1153,41055,6956.64,7402.31,6853.53,7339.97,8452.87552534,0.05562930289350043,0.017669250595838237,7231.535714285715,0.03126689788469128,Friday,False,False,39125.0
2020-01-04,atm350003,Izmir,6140,570,605,34000,39125,1175,39125,7339.97,7396.1,7247.73,7291.27,3605.74269447,-0.006634904502334504,-0.003472886609773851,7227.905714285715,0.030986226739449674,Saturday,True,False,44255.0
2020-01-05,atm350003,Izmir,46675,650,670,44615,44255,1320,44255,7294.0,7495.0,7269.71,7430.83,2614.94778349,0.019140698396849842,0.0011897062786310197,7229.167142857143,0.031405089097976686,Sunday,True,False,38640.0
2020-01-06,atm350003,Izmir,38690,476,631,30855,38640,1107,38640,7431.63,7614.95,7310.0,7525.46,4138.11820107,0.012734781982631782,0.041792354749798255,7272.294285714286,0.029143587117638526,Monday,False,False,44665.0
2020-01-07,atm350003,Izmir,20775,537,640,32775,44665,1177,44665,7531.73,8134.95,7516.97,8050.0,13507.54693697,0.06970205143605845,0.1274857208485416,7402.325714285714,0.036201204585928716,Tuesday,False,False,
2020-01-01,atm3500030,Izmir,27055,498,602,30660,36605,1100,36605,7145.05,7237.35,7129.55,7225.58,1211.09527025,0.012017176999851609,0.008870365328362606,7270.584285714285,0.020341564637941383,Wednesday,False,True,46445.0
2020-01-02,atm3500030,Izmir,19315,625,681,41940,46445,1306,46445,7220.0,7224.75,6900.0,6953.17,2993.0241097,-0.03770077972979324,-0.05449860279169694,7213.330000000001,0.021516015367927903,Thursday,False,False,37545.0
2020-01-03,atm3500030,Izmir,18170,655,584,40665,37545,1239,37545,6956.64,7402.31,6853.53,7339.97,8452.87552534,0.05562930289350043,0.017669250595838237,7231.535714285715,0.03126689788469128,Friday,False,False,41180.0
2020-01-04,atm3500030,Izmir,11120,446,611,29045,41180,1057,41180,7339.97,7396.1,7247.73,7291.27,3605.74269447,-0.006634904502334504,-0.003472886609773851,7227.905714285715,0.030986226739449674,Saturday,True,False,48875.0
2020-01-05,atm3500030,Izmir,31345,511,684,32415,48875,1195,48875,7294.0,7495.0,7269.71,7430.83,2614.94778349,0.019140698396849842,0.0011897062786310197,7229.167142857143,0.031405089097976686,Sunday,True,False,39700.0
2020-01-06,atm3500030,Izmir,22535,528,610,34565,39700,1138,39700,7431.63,7614.95,7310.0,7525.46,4138.11820107,0.012734781982631782,0.041792354749798255,7272.294285714286,0.029143587117638526,Monday,False,False,40925.0
2020-01-07,atm3500030,Izmir,21430,545,650,36945,40925,1195,40925,7531.73,8134.95,7516.97,8050.0,13507.54693697,0.06970205143605845,0.1274857208485416,7402.325714285714,0.036201204585928716,Tuesday,False,False,
2020-01-01,atm35000300,Izmir,25185,566,705,33945,44610,1271,44610,7145.05,7237.35,7129.55,7225.58,1211.09527025,0.012017176999851609,0.008870365328362606,7270.584285714285,0.020341564637941383,Wednesday,False,True,36580.0
2020-01-02,atm35000300,Izmir,16755,551,597,34565,36580,1148,36580,7220.0,7224.75,6900.0,6953.17,2993.0241097,-0.03770077972979324,-0.05449860279169694,7213.330000000001,0.021516015367927903,Thursday,False,False,44205.0
2020-01-03,atm35000300,Izmir,4000,649,672,40055,44205,1321,44205,6956.64,7402.31,6853.53,7339.97,8452.87552534,0.05562930289350043,0.017669250595838237,7231.535714285715,0.03126689788469128,Friday,False,False,42770.0
2020-01-04,atm35000300,Izmir,34710,610,683,40410,42770,1293,42770,7339.97,7396.1,7247.73,7291.27,3605.74269447,-0.006634904502334504,-0.003472886609773851,7227.905714285715,0.030986226739449674,Saturday,True,False,41210.0
2020-01-05,atm35000300,Izmir,26000,567,629,32860,41210,1196,41210,7294.0,7495.0,7269.71,7430.83,2614.94778349,0.019140698396849842,0.0011897062786310197,7229.167142857143,0.031405089097976686,Sunday,True,False,40960.0
2020-01-06,atm35000300,Izmir,23715,455,638,30500,40960,1093,40960,7431.63,7614.95,7310.0,7525.46,4138.11820107,0.012734781982631782,0.041792354749798255,7272.294285714286,0.029143587117638526,Monday,False,False,41995.0
2020-01-07,atm35000300,Izmir,9195,582,616,38805,41995,1198,41995,7531.73,8134.95,7516.97,8050.0,13507.54693697,0.06970205143605845,0.1274857208485416,7402.325714285714,0.036201204585928716,Tuesday,False,False,
2020-01-01,atm35000301,Izmir,26160,567,698,35820,46050,1265,46050,7145.05,7237.35,7129.55,7225.58,1211.09527025,0.012017176999851609,0.008870365328362606,7270.584285714285,0.020341564637941383,Wednesday,False,True,39390.0
2020-01-02,atm35000301,Izmir,6935,501,649,31500,39390,1150,39390,7220.0,7224.75,6900.0,6953.17,2993.0241097,-0.03770077972979324,-0.05449860279169694,7213.330000000001,0.021516015367927903,Thursday,False,False,43795.0
2020-01-03,atm35000301,Izmir,38960,550,611,33765,43795,1161,43795,6956.64,7402.31,6853.53,7339.97,8452.87552534,0.05562930289350043,0.017669250595838237,7231.535714285715,0.03126689788469128,Friday,False,False,37420.0
2020-01-04,atm35000301,Izmir,41375,644,614,38670,37420,1258,37420,7339.97,7396.1,7247.73,7291.27,3605.74269447,-0.006634904502334504,-0.003472886609773851,7227.905714285715,0.030986226739449674,Saturday,True,False,42495.0
2020-01-05,atm35000301,Izmir,27475,616,663,39085,42495,1279,42495,7294.0,7495.0,7269.71,7430.83,2614.94778349,0.019140698396849842,0.0011897062786310197,7229.167142857143,0.031405089097976686,Sunday,True,False,42345.0
2020-01-06,atm35000301,Izmir,14185,596,653,37915,42345,1249,42345,7431.63,7614.95,7310.0,7525.46,4138.11820107,0.012734781982631782,0.041792354749798255,7272.294285714286,0.029143587117638526,Monday,False,False,38565.0
2020-01-07,atm35000301,Izmir,10735,611,647,39535,38565,1258,38565,7531.73,8134.95,7516.97,8050.0,13507.54693697,0.06970205143605845,0.1274857208485416,7402.325714285714,0.036201204585928716,Tuesday,False,False,
2020-01-01,atm35000302,Izmir,25800,509,648,34540,42515,1157,42515,7145.05,7237.35,7129.55,7225.58,1211.09527025,0.012017176999851609,0.008870365328362606,7270.584285714285,0.020341564637941383,Wednesday,False,True,41150.0
2020-01-02,atm35000302,Izmir,22745,577,635,38210,41150,1212,41150,7220.0,7224.75,6900.0,6953.17,2993.0241097,-0.03770077972979324,-0.05449860279169694,7213.330000000001,0.021516015367927903,Thursday,False,False,35010.0
2020-01-03,atm35000302,Izmir,19725,640,575,42405,35010,1215,35010,6956.64,7402.31,6853.53,7339.97,8452.87552534,0.05562930289350043,0.017669250595838237,7231.535714285715,0.03126689788469128,Friday,False,False,39655.0
2020-01-04,atm35000302,Izmir,11240,605,602,36545,39655,1207,39655,7339.97,7396.1,7247.73,7291.27,3605.74269447,-0.006634904502334504,-0.003472886609773851,7227.905714285715,0.030986226739449674,Saturday,True,False,38775.0
2020-01-05,atm35000302,Izmir,43345,534,593,33205,38775,1127,38775,7294.0,7495.0,7269.71,7430.83,2614.94778349,0.019140698396849842,0.0011897062786310197,7229.167142857143,0.031405089097976686,Sunday,True,False,39810.0
2020-01-06,atm35000302,Izmir,42935,645,640,40430,39810,1285,39810,7431.63,7614.95,7310.0,7525.46,4138.11820107,0.012734781982631782,0.041792354749798255,7272.294285714286,0.029143587117638526,Monday,False,False,42350.0
2020-01-07,atm35000302,Izmir,32755,570,636,37610,42350,1206,42350,7531.73,8134.95,7516.97,8050.0,13507.54693697,0.06970205143605845,0.1274857208485416,7402.325714285714,0.036201204585928716,Tuesday,False,False,
2020-01-01,atm35000303,Izmir,34230,580,602,37560,39095,1182,39095,7145.05,7237.35,7129.55,7225.58,1211.09527025,0.012017176999851609,0.008870365328362606,7270.584285714285,0.020341564637941383,Wednesday,False,True,46075.0
2020-01-02,atm35000303,Izmir,7045,518,668,32930,46075,1186,46075,7220.0,7224.75,6900.0,6953.17,2993.0241097,-0.03770077972979324,-0.05449860279169694,7213.330000000001,0.021516015367927903,Thursday,False,False,36945.0
2020-01-03,atm35000303,Izmir,42775,535,574,36445,36945,1109,36945,6956.64,7402.31,6853.53,7339.97,8452.87552534,0.05562930289350043,0.017669250595838237,7231.535714285715,0.03126689788469128,Friday,False,False,39935.0
2020-01-04,atm35000303,Izmir,42320,653,637,42955,39935,1290,39935,7339.97,7396.1,7247.73,7291.27,3605.74269447,-0.006634904502334504,-0.003472886609773851,7227.905714285715,0.030986226739449674,Saturday,True,False,39920.0
2020-01-05,atm35000303,Izmir,35975,641,628,42980,39920,1269,39920,7294.0,7495.0,7269.71,7430.83,2614.94778349,0.019140698396849842,0.0011897062786310197,7229.167142857143,0.031405089097976686,Sunday,True,False,46510.0
2020-01-06,atm35000303,Izmir,29825,544,707,36020,46510,1251,46510,7431.63,7614.95,7310.0,7525.46,4138.11820107,0.012734781982631782,0.041792354749798255,7272.294285714286,0.029143587117638526,Monday,False,False,45310.0
2020-01-07,atm35000303,Izmir,12420,704,707,40520,45310,1411,45310,7531.73,8134.95,7516.97,8050.0,13507.54693697,0.06970205143605845,0.1274857208485416,7402.325714285714,0.036201204585928716,Tuesday,False,False,
2020-01-01,atm35000304,Izmir,37065,534,676,33165,43820,1210,43820,7145.05,7237.35,7129.55,7225.58,1211.09527025,0.012017176999851609,0.008870365328362606,7270.584285714285,0.020341564637941383,Wednesday,False,True,45370.0
2020-01-02,atm35000304,Izmir,16335,430,733,28740,45370,1163,45370,7220.0,7224.75,6900.0,6953.17,2993.0241097,-0.03770077972979324,-0.05449860279169694,7213.330000000001,0.021516015367927903,Thursday,False,False,45435.0
2020-01-03,atm35000304,Izmir,1190,510,665,35495,45435,1175,45435,6956.64,7402.31,6853.53,7339.97,8452.87552534,0.05562930289350043,0.017669250595838237,7231.535714285715,0.03126689788469128,Friday,False,False,43655.0
2020-01-04,atm35000304,Izmir,41810,604,693,43195,43655,1297,43655,7339.97,7396.1,7247.73,7291.27,3605.74269447,-0.006634904502334504,-0.003472886609773851,7227.905714285715,0.030986226739449674,Saturday,True,False,38330.0
2020-01-05,atm35000304,Izmir,27670,554,644,35675,38330,1198,38330,7294.0,7495.0,7269.71,7430.83,2614.94778349,0.019140698396849842,0.0011897062786310197,7229.167142857143,0.031405089097976686,Sunday,True,False,42085.0
2020-01-06,atm35000304,Izmir,15725,586,647,36775,42085,1233,42085,7431.63,7614.95,7310.0,7525.46,4138.11820107,0.012734781982631782,0.041792354749798255,7272.294285714286,0.029143587117638526,Monday,False,False,37955.0
2020-01-07,atm35000304,Izmir,2400,426,576,26700,37955,1002,37955,7531.73,8134.95,7516.97,8050.0,13507.54693697,0.06970205143605845,0.1274857208485416,7402.325714285714,0.036201204585928716,Tuesday,False,False,
2020-01-01,atm35000305,Izmir,30410,568,653,34765,43960,1221,43960,7145.05,7237.35,7129.55,7225.58,1211.09527025,0.012017176999851609,0.008870365328362606,7270.584285714285,0.020341564637941383,Wednesday,False,True,40260.0
2020-01-02,atm35000305,Izmir,22655,587,625,36750,40260,1212,40260,7220.0,7224.75,6900.0,6953.17,2993.0241097,-0.03770077972979324,-0.05449860279169694,7213.330000000001,0.021516015367927903,Thursday,False,False,42590.0
2020-01-03,atm35000305,Izmir,300,511,649,31510,42590,1160,42590,6956.64,7402.31,6853.53,7339.97,8452.87552534,0.05562930289350043,0.017669250595838237,7231.535714285715,0.03126689788469128,Friday,False,False,42575.0
2020-01-04,atm35000305,Izmir,29205,625,641,38755,42575,1266,42575,7339.97,7396.1,7247.73,7291.27,3605.74269447,-0.006634904502334504,-0.003472886609773851,7227.905714285715,0.030986226739449674,Saturday,True,False,43360.0
2020-01-05,atm35000305,Izmir,16995,503,652,30020,43360,1155,43360,7294.0,7495.0,7269.71,7430.83,2614.94778349,0.019140698396849842,0.0011897062786310197,7229.167142857143,0.031405089097976686,Sunday,True,False,41655.0
2020-01-06,atm35000305,Izmir,2530,590,636,37290,41655,1226,41655,7431.63,7614.95,7310.0,7525.46,4138.11820107,0.012734781982631782,0.041792354749798255,7272.294285714286,0.029143587117638526,Monday,False,False,46890.0
2020-01-07,atm35000305,Izmir,28910,594,727,36600,46890,1321,46890,7531.73,8134.95,7516.97,8050.0,13507.54693697,0.06970205143605845,0.1274857208485416,7402.325714285714,0.036201204585928716,Tuesday,False,False,
2020-01-01,atm35000306,Izmir,38590,600,697,40030,45580,1297,45580,7145.05,7237.35,7129.55,7225.58,1211.09527025,0.012017176999851609,0.008870365328362606,7270.584285714285,0.020341564637941383,Wednesday,False,True,38660.0
2020-01-02,atm35000306,Izmir,28220,554,602,35100,38660,1156,38660,7220.0,7224.75,6900.0,6953.17,2993.0241097,-0.03770077972979324,-0.05449860279169694,7213.330000000001,0.021516015367927903,Thursday,False,False,38885.0
2020-01-03,atm35000306,Izmir,33020,547,628,35140,38885,1175,38885,6956.64,7402.31,6853.53,7339.97,8452.87552534,0.05562930289350043,0.017669250595838237,7231.535714285715,0.03126689788469128,Friday,False,False,45400.0
2020-01-04,atm35000306,Izmir,16675,593,672,40645,45400,1265,45400,7339.97,7396.1,7247.73,7291.27,3605.74269447,-0.006634904502334504,-0.003472886609773851,7227.905714285715,0.030986226739449674,Saturday,True,False,37915.0
2020-01-05,atm35000306,Izmir,5770,535,631,34850,37915,1166,37915,7294.0,7495.0,7269.71,7430.83,2614.94778349,0.019140698396849842,0.0011897062786310197,7229.167142857143,0.031405089097976686,Sunday,True,False,41670.0
2020-01-06,atm35000306,Izmir,27850,575,697,38365,41670,1272,41670,7431.63,7614.95,7310.0,7525.46,4138.11820107,0.012734781982631782,0.041792354749798255,7272.294285714286,0.029143587117638526,Monday,False,False,39535.0
2020-01-07,atm35000306,Izmir,4640,450,591,28565,39535,1041,39535,7531.73,8134.95,7516.97,8050.0,13507.54693697,0.06970205143605845,0.1274857208485416,7402.325714285714,0.036201204585928716,Tuesday,False,False,
2020-01-01,atm35000307,Izmir,23980,486,678,34285,41495,1164,41495,7145.05,7237.35,7129.55,7225.58,1211.09527025,0.012017176999851609,0.008870365328362606,7270.584285714285,0.020341564637941383,Wednesday,False,True,42560.0
2020-01-02,atm35000307,Izmir,11535,597,664,37655,42560,1261,42560,7220.0,7224.75,6900.0,6953.17,2993.0241097,-0.03770077972979324,-0.05449860279169694,7213.330000000001,0.021516015367927903,Thursday,False,False,39775.0
2020-01-03,atm35000307,Izmir,40285,527,626,33955,39775,1153,39775,6956.64,7402.31,6853.53,7339.97,8452.87552534,0.05562930289350043,0.017669250595838237,7231.535714285715,0.03126689788469128,Friday,False,False,41205.0
2020-01-04,atm35000307,Izmir,32210,564,610,36750,41205,1174,41205,7339.97,7396.1,7247.73,7291.27,3605.74269447,-0.006634904502334504,-0.003472886609773851,7227.905714285715,0.030986226739449674,Saturday,True,False,37895.0
2020-01-05,atm35000307,Izmir,19105,609,604,38475,37895,1213,37895,7294.0,7495.0,7269.71,7430.83,2614.94778349,0.019140698396849842,0.0011897062786310197,7229.167142857143,0.031405089097976686,Sunday,True,False,44800.0
2020-01-06,atm35000307,Izmir,9815,618,694,39785,44800,1312,44800,7431.63,7614.95,7310.0,7525.46,4138.11820107,0.012734781982631782,0.041792354749798255,7272.294285714286,0.029143587117638526,Monday,False,False,44355.0
2020-01-07,atm35000307,Izmir,31550,514,682,32510,44355,1196,44355,7531.73,8134.95,7516.97,8050.0,13507.54693697,0.06970205143605845,0.1274857208485416,7402.325714285714,0.036201204585928716,Tuesday,False,False,
2020-01-01,atm35000308,Izmir,30645,581,643,37875,42325,1224,42325,7145.05,7237.35,7129.55,7225.58,1211.09527025,0.012017176999851609,0.008870365328362606,7270.584285714285,0.020341564637941383,Wednesday,False,True,43055.0
2020-01-02,atm35000308,Izmir,20995,539,662,35915,43055,1201,43055,7220.0,7224.75,6900.0,6953.17,2993.0241097,-0.03770077972979324,-0.05449860279169694,7213.330000000001,0.021516015367927903,Thursday,False,False,34935.0
2020-01-03,atm35000308,Izmir,26680,516,563,34545,34935,1079,34935,6956.64,7402.31,6853.53,7339.97,8452.87552534,0.05562930289350043,0.017669250595838237,7231.535714285715,0.03126689788469128,Friday,False,False,41570.0
2020-01-04,atm35000308,Izmir,20565,611,617,38100,41570,1228,41570,7339.97,7396.1,7247.73,7291.27,3605.74269447,-0.006634904502334504,-0.003472886609773851,7227.905714285715,0.030986226739449674,Saturday,True,False,39160.0
2020-01-05,atm35000308,Izmir,8155,571,632,34810,39160,1203,39160,7294.0,7495.0,7269.71,7430.83,2614.94778349,0.019140698396849842,0.0011897062786310197,7229.167142857143,0.031405089097976686,Sunday,True,False,44885.0
2020-01-06,atm35000308,Izmir,38160,596,648,37730,44885,1244,44885,7431.63,7614.95,7310.0,7525.46,4138.11820107,0.012734781982631782,0.041792354749798255,7272.294285714286,0.029143587117638526,Monday,False,False,48175.0
2020-01-07,atm35000308,Izmir,23480,624,739,34050,48175,1363,48175,7531.73,8134.95,7516.97,8050.0,13507.54693697,0.06970205143605845,0.1274857208485416,7402.325714285714,0.036201204585928716,Tuesday,False,False,
2020-01-01,atm35000309,Izmir,17695,534,638,32030,42320,1172,42320,7145.05,7237.35,7129.55,7225.58,1211.09527025,0.012017176999851609,0.008870365328362606,7270.584285714285,0.020341564637941383,Wednesday,False,True,43450.0
2020-01-02,atm35000309,Izmir,3830,535,717,30885,43450,1252,43450,7220.0,7224.75,6900.0,6953.17,2993.0241097,-0.03770077972979324,-0.05449860279169694,7213.330000000001,0.021516015367927903,Thursday,False,False,39325.0
2020-01-03,atm35000309,Izmir,42060,650,609,42030,39325,1259,39325,6956.64,7402.31,6853.53,7339.97,8452.87552534,0.05562930289350043,0.017669250595838237,7231.535714285715,0.03126689788469128,Friday,False,False,40500.0
2020-01-04,atm35000309,Izmir,52980,670,591,43285,40500,1261,40500,7339.97,7396.1,7247.73,7291.27,3605.74269447,-0.006634904502334504,-0.003472886609773851,7227.905714285715,0.030986226739449674,Saturday,True,False,43650.0
2020-01-05,atm35000309,Izmir,39895,620,674,39955,43650,1294,43650,7294.0,7495.0,7269.71,7430.83,2614.94778349,0.019140698396849842,0.0011897062786310197,7229.167142857143,0.031405089097976686,Sunday,True,False,38305.0
2020-01-06,atm35000309,Izmir,40760,567,588,37495,38305,1155,38305,7431.63,7614.95,7310.0,7525.46,4138.11820107,0.012734781982631782,0.041792354749798255,7272.294285714286,0.029143587117638526,Monday,False,False,41900.0
2020-01-07,atm35000309,Izmir,18210,535,645,35825,41900,1180,41900,7531.73,8134.95,7516.97,8050.0,13507.54693697,0.06970205143605845,0.1274857208485416,7402.325714285714,0.036201204585928716,Tuesday,False,False,
2020-01-01,atm3500031,Izmir,35985,560,571,39055,38760,1131,38760,7145.05,7237.35,7129.55,7225.58,1211.09527025,0.012017176999851609,0.008870365328362606,7270.584285714285,0.020341564637941383,Wednesday,False,True,41595.0
2020-01-02,atm3500031,Izmir,13620,463,620,28470,41595,1083,41595,7220.0,7224.75,6900.0,6953.17,2993.0241097,-0.03770077972979324,-0.05449860279169694,7213.330000000001,0.021516015367927903,Thursday,False,False,45585.0
2020-01-03,atm3500031,Izmir,35655,486,695,34195,45585,1181,45585,6956.64,7402.31,6853.53,7339.97,8452.87552534,0.05562930289350043,0.017669250595838237,7231.535714285715,0.03126689788469128,Friday,False,False,44545.0
2020-01-04,atm3500031,Izmir,26880,584,646,37270,44545,1230,44545,7339.97,7396.1,7247.73,7291.27,3605.74269447,-0.006634904502334504,-0.003472886609773851,7227.905714285715,0.030986226739449674,Saturday,True,False,36075.0
2020-01-05,atm3500031,Izmir,32865,584,607,36670,36075,1191,36075,7294.0,7495.0,7269.71,7430.83,2614.94778349,0.019140698396849842,0.0011897062786310197,7229.167142857143,0.031405089097976686,Sunday,True,False,41445.0
2020-01-06,atm3500031,Izmir,14315,469,613,29100,41445,1082,41445,7431.63,7614.95,7310.0,7525.46,4138.11820107,0.012734781982631782,0.041792354749798255,7272.294285714286,0.029143587117638526,Monday,False,False,41465.0
2020-01-07,atm3500031,Izmir,950,592,656,36220,41465,1248,41465,7531.73,8134.95,7516.97,8050.0,13507.54693697,0.06970205143605845,0.1274857208485416,7402.325714285714,0.036201204585928716,Tuesday,False,False,
2020-01-01,atm35000310,Izmir,15015,516,688,31825,46590,1204,46590,7145.05,7237.35,7129.55,7225.58,1211.09527025,0.012017176999851609,0.008870365328362606,7270.584285714285,0.020341564637941383,Wednesday,False,True,39805.0
2020-01-02,atm35000310,Izmir,11020,614,663,37390,39805,1277,39805,7220.0,7224.75,6900.0,6953.17,2993.0241097,-0.03770077972979324,-0.05449860279169694,7213.330000000001,0.021516015367927903,Thursday,False,False,43290.0
2020-01-03,atm35000310,Izmir,38305,536,718,35360,43290,1254,43290,6956.64,7402.31,6853.53,7339.97,8452.87552534,0.05562930289350043,0.017669250595838237,7231.535714285715,0.03126689788469128,Friday,False,False,43810.0
2020-01-04,atm35000310,Izmir,25155,552,656,35270,43810,1208,43810,7339.97,7396.1,7247.73,7291.27,3605.74269447,-0.006634904502334504,-0.003472886609773851,7227.905714285715,0.030986226739449674,Saturday,True,False,43930.0
2020-01-05,atm35000310,Izmir,24920,602,674,39225,43930,1276,43930,7294.0,7495.0,7269.71,7430.83,2614.94778349,0.019140698396849842,0.0011897062786310197,7229.167142857143,0.031405089097976686,Sunday,True,False,39845.0
2020-01-06,atm35000310,Izmir,39150,495,633,32550,39845,1128,39845,7431.63,7614.95,7310.0,7525.46,4138.11820107,0.012734781982631782,0.041792354749798255,7272.294285714286,0.029143587117638526,Monday,False,False,42565.0
2020-01-07,atm35000310,Izmir,27090,506,594,31470,42565,1100,42565,7531.73,8134.95,7516.97,8050.0,13507.54693697,0.06970205143605845,0.1274857208485416,7402.325714285714,0.036201204585928716,Tuesday,False,False,
2020-01-01,atm35000311,Izmir,34645,691,674,44500,45175,1365,45175,7145.05,7237.35,7129.55,7225.58,1211.09527025,0.012017176999851609,0.008870365328362606,7270.584285714285,0.020341564637941383,Wednesday,False,True,39390.0
2020-01-02,atm35000311,Izmir,23975,584,598,36150,39390,1182,39390,7220.0,7224.75,6900.0,6953.17,2993.0241097,-0.03770077972979324,-0.05449860279169694,7213.330000000001,0.021516015367927903,Thursday,False,False,37455.0
2020-01-03,atm35000311,Izmir,14380,552,592,32965,37455,1144,37455,6956.64,7402.31,6853.53,7339.97,8452.87552534,0.05562930289350043,0.017669250595838237,7231.535714285715,0.03126689788469128,Friday,False,False,38690.0
2020-01-04,atm35000311,Izmir,10875,566,578,34275,38690,1144,38690,7339.97,7396.1,7247.73,7291.27,3605.74269447,-0.006634904502334504,-0.003472886609773851,7227.905714285715,0.030986226739449674,Saturday,True,False,37335.0
2020-01-05,atm35000311,Izmir,6210,513,629,30205,37335,1142,37335,7294.0,7495.0,7269.71,7430.83,2614.94778349,0.019140698396849842,0.0011897062786310197,7229.167142857143,0.031405089097976686,Sunday,True,False,44510.0
2020-01-06,atm35000311,Izmir,30800,498,694,30520,44510,1192,44510,7431.63,7614.95,7310.0,7525.46,4138.11820107,0.012734781982631782,0.041792354749798255,7272.294285714286,0.029143587117638526,Monday,False,False,45315.0
2020-01-07,atm35000311,Izmir,18605,618,718,37920,45315,1336,45315,7531.73,8134.95,7516.97,8050.0,13507.54693697,0.06970205143605845,0.1274857208485416,7402.325714285714,0.036201204585928716,Tuesday,False,False,
2020-01-01,atm35000312,Izmir,45620,627,593,38330,37330,1220,37330,7145.05,7237.35,7129.55,7225.58,1211.09527025,0.012017176999851609,0.008870365328362606,7270.584285714285,0.020341564637941383,Wednesday,False,True,36175.0
2020-01-02,atm35000312,Izmir,40010,470,625,30435,36175,1095,36175,7220.0,7224.75,6900.0,6953.17,2993.0241097,-0.03770077972979324,-0.05449860279169694,7213.330000000001,0.021516015367927903,Thursday,False,False,40355.0
2020-01-03,atm35000312,Izmir,39315,639,620,38135,40355,1259,40355,6956.64,7402.31,6853.53,7339.97,8452.87552534,0.05562930289350043,0.017669250595838237,7231.535714285715,0.03126689788469128,Friday,False,False,44270.0
2020-01-04,atm35000312,Izmir,20785,513,668,32795,44270,1181,44270,7339.97,7396.1,7247.73,7291.27,3605.74269447,-0.006634904502334504,-0.003472886609773851,7227.905714285715,0.030986226739449674,Saturday,True,False,38450.0
2020-01-05,atm35000312,Izmir,19410,669,571,44090,38450,1240,38450,7294.0,7495.0,7269.71,7430.83,2614.94778349,0.019140698396849842,0.0011897062786310197,7229.167142857143,0.031405089097976686,Sunday,True,False,46595.0
2020-01-06,atm35000312,Izmir,4785,531,691,32610,46595,1222,46595,7431.63,7614.95,7310.0,7525.46,4138.11820107,0.012734781982631782,0.041792354749798255,7272.294285714286,0.029143587117638526,Monday,False,False,38100.0
2020-01-07,atm35000312,Izmir,38475,522,588,32405,38100,1110,38100,7531.73,8134.95,7516.97,8050.0,13507.54693697,0.06970205143605845,0.1274857208485416,7402.325714285714,0.036201204585928716,Tuesday,False,False,
2020-01-01,atm35000313,Izmir,37185,466,597,32200,35165,1063,35165,7145.05,7237.35,7129.55,7225.58,1211.09527025,0.012017176999851609,0.008870365328362606,7270.584285714285,0.020341564637941383,Wednesday,False,True,40890.0
2020-01-02,atm35000313,Izmir,24420,511,631,31530,40890,1142,40890,7220.0,7224.75,6900.0,6953.17,2993.0241097,-0.03770077972979324,-0.05449860279169694,7213.330000000001,0.021516015367927903,Thursday,False,False,44085.0
2020-01-03,atm35000313,Izmir,16810,615,653,39505,44085,1268,44085,6956.64,7402.31,6853.53,7339.97,8452.87552534,0.05562930289350043,0.017669250595838237,7231.535714285715,0.03126689788469128,Friday,False,False,43415.0
2020-01-04,atm35000313,Izmir,8600,599,673,39365,43415,1272,43415,7339.97,7396.1,7247.73,7291.27,3605.74269447,-0.006634904502334504,-0.003472886609773851,7227.905714285715,0.030986226739449674,Saturday,True,False,42675.0
2020-01-05,atm35000313,Izmir,35705,536,647,34885,42675,1183,42675,7294.0,7495.0,7269.71,7430.83,2614.94778349,0.019140698396849842,0.0011897062786310197,7229.167142857143,0.031405089097976686,Sunday,True,False,44010.0
2020-01-06,atm35000313,Izmir,19345,530,647,33100,44010,1177,44010,7431.63,7614.95,7310.0,7525.46,4138.11820107,0.012734781982631782,0.041792354749798255,7272.294285714286,0.029143587117638526,Monday,False,False,38765.0
2020-01-07,atm35000313,Izmir,20940,569,615,35925,38765,1184,38765,7531.73,8134.95,7516.97,8050.0,13507.54693697,0.06970205143605845,0.1274857208485416,7402.325714285714,0.036201204585928716,Tuesday,False,False,
2020-01-01,atm35000314,Izmir,22705,917,1097,57535,70935,2014,70935,7145.05,7237.35,7129.55,7225.58,1211.09527025,0.012017176999851609,0.008870365328362606,7270.584285714285,0.020341564637941383,Wednesday,False,True,69700.0
2020-01-02,atm35000314,Izmir,12120,997,1103,63825,69700,2100,69700,7220.0,7224.75,6900.0,6953.17,2993.0241097,-0.03770077972979324,-0.05449860279169694,7213.330000000001,0.021516015367927903,Thursday,False,False,73475.0
2020-01-03,atm35000314,Izmir,32265,875,1124,56105,73475,1999,73475,6956.64,7402.31,6853.53,7339.97,8452.87552534,0.05562930289350043,0.017669250595838237,7231.535714285715,0.03126689788469128,Friday,False,False,69170.0
2020-01-04,atm35000314,Izmir,23475,990,1079,69180,69170,2069,69170,7339.97,7396.1,7247.73,7291.27,3605.74269447,-0.006634904502334504,-0.003472886609773851,7227.905714285715,0.030986226739449674,Saturday,True,False,68095.0
2020-01-05,atm35000314,Izmir,4810,945,1072,62505,68095,2017,68095,7294.0,7495.0,7269.71,7430.83,2614.94778349,0.019140698396849842,0.0011897062786310197,7229.167142857143,0.031405089097976686,Sunday,True,False,71925.0
2020-01-06,atm35000314,Izmir,25430,982,1078,61690,71925,2060,71925,7431.63,7614.95,7310.0,7525.46,4138.11820107,0.012734781982631782,0.041792354749798255,7272.294285714286,0.029143587117638526,Monday,False,False,71140.0
2020-01-07,atm35000314,Izmir,13010,960,1076,60920,71140,2036,71140,7531.73,8134.95,7516.97,8050.0,13507.54693697,0.06970205143605845,0.1274857208485416,7402.325714285714,0.036201204585928716,Tuesday,False,False,
2020-01-01,atm35000315,Izmir,22885,568,615,35185,41050,1183,41050,7145.05,7237.35,7129.55,7225.58,1211.09527025,0.012017176999851609,0.008870365328362606,7270.584285714285,0.020341564637941383,Wednesday,False,True,40805.0
2020-01-02,atm35000315,Izmir,13835,535,670,36565,40805,1205,40805,7220.0,7224.75,6900.0,6953.17,2993.0241097,-0.03770077972979324,-0.05449860279169694,7213.330000000001,0.021516015367927903,Thursday,False,False,40870.0
2020-01-03,atm35000315,Izmir,39325,552,598,35355,40870,1150,40870,6956.64,7402.31,6853.53,7339.97,8452.87552534,0.05562930289350043,0.017669250595838237,7231.535714285715,0.03126689788469128,Friday,False,False,34365.0
2020-01-04,atm35000315,Izmir,47540,636,611,42020,34365,1247,34365,7339.97,7396.1,7247.73,7291.27,3605.74269447,-0.006634904502334504,-0.003472886609773851,7227.905714285715,0.030986226739449674,Saturday,True,False,37090.0
2020-01-05,atm35000315,Izmir,39235,541,599,34435,37090,1140,37090,7294.0,7495.0,7269.71,7430.83,2614.94778349,0.019140698396849842,0.0011897062786310197,7229.167142857143,0.031405089097976686,Sunday,True,False,39460.0
2020-01-06,atm35000315,Izmir,39410,573,673,35575,39460,1246,39460,7431.63,7614.95,7310.0,7525.46,4138.11820107,0.012734781982631782,0.041792354749798255,7272.294285714286,0.029143587117638526,Monday,False,False,43175.0
2020-01-07,atm35000315,Izmir,21535,478,647,30450,43175,1125,43175,7531.73,8134.95,7516.97,8050.0,13507.54693697,0.06970205143605845,0.1274857208485416,7402.325714285714,0.036201204585928716,Tuesday,False,False,
2020-01-01,atm35000316,Izmir,28340,554,651,36380,44370,1205,44370,7145.05,7237.35,7129.55,7225.58,1211.09527025,0.012017176999851609,0.008870365328362606,7270.584285714285,0.020341564637941383,Wednesday,False,True,36500.0
2020-01-02,atm35000316,Izmir,36485,627,601,39955,36500,1228,36500,7220.0,7224.75,6900.0,6953.17,2993.0241097,-0.03770077972979324,-0.05449860279169694,7213.330000000001,0.021516015367927903,Thursday,False,False,42715.0
2020-01-03,atm35000316,Izmir,29295,565,596,38130,42715,1161,42715,6956.64,7402.31,6853.53,7339.97,8452.87552534,0.05562930289350043,0.017669250595838237,7231.535714285715,0.03126689788469128,Friday,False,False,40795.0
2020-01-04,atm35000316,Izmir,11890,587,669,36390,40795,1256,40795,7339.97,7396.1,7247.73,7291.27,3605.74269447,-0.006634904502334504,-0.003472886609773851,7227.905714285715,0.030986226739449674,Saturday,True,False,34985.0
2020-01-05,atm35000316,Izmir,9170,495,604,31260,34985,1099,34985,7294.0,7495.0,7269.71,7430.83,2614.94778349,0.019140698396849842,0.0011897062786310197,7229.167142857143,0.031405089097976686,Sunday,True,False,35700.0
2020-01-06,atm35000316,Izmir,20500,588,516,39230,35700,1104,35700,7431.63,7614.95,7310.0,7525.46,4138.11820107,0.012734781982631782,0.041792354749798255,7272.294285714286,0.029143587117638526,Monday,False,False,42220.0
2020-01-07,atm35000316,Izmir,2580,523,700,33500,42220,1223,42220,7531.73,8134.95,7516.97,8050.0,13507.54693697,0.06970205143605845,0.1274857208485416,7402.325714285714,0.036201204585928716,Tuesday,False,False,
2020-01-01,atm35000317,Izmir,28725,982,1075,60990,66435,2057,66435,7145.05,7237.35,7129.55,7225.58,1211.09527025,0.012017176999851609,0.008870365328362606,7270.584285714285,0.020341564637941383,Wednesday,False,True,70515.0
2020-01-02,atm35000317,Izmir,3140,903,1068,58010,70515,1971,70515,7220.0,7224.75,6900.0,6953.17,2993.0241097,-0.03770077972979324,-0.05449860279169694,7213.330000000001,0.021516015367927903,Thursday,False,False,68240.0
2020-01-03,atm35000317,Izmir,28000,852,1051,56500,68240,1903,68240,6956.64,7402.31,6853.53,7339.97,8452.87552534,0.05562930289350043,0.017669250595838237,7231.535714285715,0.03126689788469128,Friday,False,False,64240.0
2020-01-04,atm35000317,Izmir,25575,972,1046,65155,64240,2018,64240,7339.97,7396.1,7247.73,7291.27,3605.74269447,-0.006634904502334504,-0.003472886609773851,7227.905714285715,0.030986226739449674,Saturday,True,False,70290.0
2020-01-05,atm35000317,Izmir,6475,933,1095,59800,70290,2028,70290,7294.0,7495.0,7269.71,7430.83,2614.94778349,0.019140698396849842,0.0011897062786310197,7229.167142857143,0.031405089097976686,Sunday,True,False,68080.0
2020-01-06,atm35000317,Izmir,29070,981,1080,59410,68080,2061,68080,7431.63,7614.95,7310.0,7525.46,4138.11820107,0.012734781982631782,0.041792354749798255,7272.294285714286,0.029143587117638526,Monday,False,False,66915.0
2020-01-07,atm35000317,Izmir,15725,979,1093,60060,66915,2072,66915,7531.73,8134.95,7516.97,8050.0,13507.54693697,0.06970205143605845,0.1274857208485416,7402.325714285714,0.036201204585928716,Tuesday,False,False,
2020-01-01,atm35000318,Izmir,38910,570,580,37560,39370,1150,39370,7145.05,7237.35,7129.55,7225.58,1211.09527025,0.012017176999851609,0.008870365328362606,7270.584285714285,0.020341564637941383,Wednesday,False,True,38820.0
2020-01-02,atm35000318,Izmir,33185,673,630,44540,38820,1303,38820,7220.0,7224.75,6900.0,6953.17,2993.0241097,-0.03770077972979324,-0.05449860279169694,7213.330000000001,0.021516015367927903,Thursday,False,False,48580.0
2020-01-03,atm35000318,Izmir,9725,576,718,35620,48580,1294,48580,6956.64,7402.31,6853.53,7339.97,8452.87552534,0.05562930289350043,0.017669250595838237,7231.535714285715,0.03126689788469128,Friday,False,False,40640.0
2020-01-04,atm35000318,Izmir,7450,643,694,38625,40640,1337,40640,7339.97,7396.1,7247.73,7291.27,3605.74269447,-0.006634904502334504,-0.003472886609773851,7227.905714285715,0.030986226739449674,Saturday,True,False,40485.0
2020-01-05,atm35000318,Izmir,8620,598,633,37400,40485,1231,40485,7294.0,7495.0,7269.71,7430.83,2614.94778349,0.019140698396849842,0.0011897062786310197,7229.167142857143,0.031405089097976686,Sunday,True,False,35790.0
2020-01-06,atm35000318,Izmir,10435,665,560,41170,35790,1225,35790,7431.63,7614.95,7310.0,7525.46,4138.11820107,0.012734781982631782,0.041792354749798255,7272.294285714286,0.029143587117638526,Monday,False,False,34545.0
2020-01-07,atm35000318,Izmir,6475,517,556,34465,34545,1073,34545,7531.73,8134.95,7516.97,8050.0,13507.54693697,0.06970205143605845,0.1274857208485416,7402.325714285714,0.036201204585928716,Tuesday,False,False,
2020-01-01,atm35000319,Izmir,33440,595,699,38605,45175,1294,45175,7145.05,7237.35,7129.55,7225.58,1211.09527025,0.012017176999851609,0.008870365328362606,7270.584285714285,0.020341564637941383,Wednesday,False,True,35390.0
2020-01-02,atm35000319,Izmir,28105,566,553,37770,35390,1119,35390,7220.0,7224.75,6900.0,6953.17,2993.0241097,-0.03770077972979324,-0.05449860279169694,7213.330000000001,0.021516015367927903,Thursday,False,False,44585.0
2020-01-03,atm35000319,Izmir,6250,507,660,34080,44585,1167,44585,6956.64,7402.31,6853.53,7339.97,8452.87552534,0.05562930289350043,0.017669250595838237,7231.535714285715,0.03126689788469128,Friday,False,False,44675.0
2020-01-04,atm35000319,Izmir,30545,586,668,39240,44675,1254,44675,7339.97,7396.1,7247.73,7291.27,3605.74269447,-0.006634904502334504,-0.003472886609773851,7227.905714285715,0.030986226739449674,Saturday,True,False,43130.0
2020-01-05,atm35000319,Izmir,11780,570,698,37705,43130,1268,43130,7294.0,7495.0,7269.71,7430.83,2614.94778349,0.019140698396849842,0.0011897062786310197,7229.167142857143,0.031405089097976686,Sunday,True,False,40415.0
2020-01-06,atm35000319,Izmir,9255,537,643,33505,40415,1180,40415,7431.63,7614.95,7310.0,7525.46,4138.11820107,0.012734781982631782,0.041792354749798255,7272.294285714286,0.029143587117638526,Monday,False,False,40850.0
2020-01-07,atm35000319,Izmir,45745,544,633,35210,40850,1177,40850,7531.73,8134.95,7516.97,8050.0,13507.54693697,0.06970205143605845,0.1274857208485416,7402.325714285714,0.036201204585928716,Tuesday,False,False,
2020-01-01,atm3500032,Izmir,29815,578,651,37260,44340,1229,44340,7145.05,7237.35,7129.55,7225.58,1211.09527025,0.012017176999851609,0.008870365328362606,7270.584285714285,0.020341564637941383,Wednesday,False,True,40485.0
2020-01-02,atm3500032,Izmir,19245,527,606,35595,40485,1133,40485,7220.0,7224.75,6900.0,6953.17,2993.0241097,-0.03770077972979324,-0.05449860279169694,7213.330000000001,0.021516015367927903,Thursday,False,False,42210.0
2020-01-03,atm3500032,Izmir,9605,550,664,36445,42210,1214,42210,6956.64,7402.31,6853.53,7339.97,8452.87552534,0.05562930289350043,0.017669250595838237,7231.535714285715,0.03126689788469128,Friday,False,False,48425.0
2020-01-04,atm3500032,Izmir,32210,583,692,36595,48425,1275,48425,7339.97,7396.1,7247.73,7291.27,3605.74269447,-0.006634904502334504,-0.003472886609773851,7227.905714285715,0.030986226739449674,Saturday,True,False,39060.0
2020-01-05,atm3500032,Izmir,18560,503,609,30855,39060,1112,39060,7294.0,7495.0,7269.71,7430.83,2614.94778349,0.019140698396849842,0.0011897062786310197,7229.167142857143,0.031405089097976686,Sunday,True,False,44090.0
2020-01-06,atm3500032,Izmir,9055,570,650,35035,44090,1220,44090,7431.63,7614.95,7310.0,7525.46,4138.11820107,0.012734781982631782,0.041792354749798255,7272.294285714286,0.029143587117638526,Monday,False,False,37510.0
2020-01-07,atm3500032,Izmir,9695,656,574,44635,37510,1230,37510,7531.73,8134.95,7516.97,8050.0,13507.54693697,0.06970205143605845,0.1274857208485416,7402.325714285714,0.036201204585928716,Tuesday,False,False,
2020-01-01,atm35000320,Izmir,26720,541,621,35965,39870,1162,39870,7145.05,7237.35,7129.55,7225.58,1211.09527025,0.012017176999851609,0.008870365328362606,7270.584285714285,0.020341564637941383,Wednesday,False,True,36345.0
2020-01-02,atm35000320,Izmir,25115,552,568,36555,36345,1120,36345,7220.0,7224.75,6900.0,6953.17,2993.0241097,-0.03770077972979324,-0.05449860279169694,7213.330000000001,0.021516015367927903,Thursday,False,False,40945.0
2020-01-03,atm35000320,Izmir,16880,443,658,30125,40945,1101,40945,6956.64,7402.31,6853.53,7339.97,8452.87552534,0.05562930289350043,0.017669250595838237,7231.535714285715,0.03126689788469128,Friday,False,False,44575.0
2020-01-04,atm35000320,Izmir,8245,544,664,35800,44575,1208,44575,7339.97,7396.1,7247.73,7291.27,3605.74269447,-0.006634904502334504,-0.003472886609773851,7227.905714285715,0.030986226739449674,Saturday,True,False,38885.0
2020-01-05,atm35000320,Izmir,11280,568,636,35935,38885,1204,38885,7294.0,7495.0,7269.71,7430.83,2614.94778349,0.019140698396849842,0.0011897062786310197,7229.167142857143,0.031405089097976686,Sunday,True,False,36690.0
2020-01-06,atm35000320,Izmir,1465,492,576,29755,36690,1068,36690,7431.63,7614.95,7310.0,7525.46,4138.11820107,0.012734781982631782,0.041792354749798255,7272.294285714286,0.029143587117638526,Monday,False,False,39205.0
2020-01-07,atm35000320,Izmir,3730,590,595,40910,39205,1185,39205,7531.73,8134.95,7516.97,8050.0,13507.54693697,0.06970205143605845,0.1274857208485416,7402.325714285714,0.036201204585928716,Tuesday,False,False,
2020-01-01,atm35000321,Izmir,48875,538,559,37860,35810,1097,35810,7145.05,7237.35,7129.55,7225.58,1211.09527025,0.012017176999851609,0.008870365328362606,7270.584285714285,0.020341564637941383,Wednesday,False,True,42820.0
2020-01-02,atm35000321,Izmir,40405,583,671,38325,42820,1254,42820,7220.0,7224.75,6900.0,6953.17,2993.0241097,-0.03770077972979324,-0.05449860279169694,7213.330000000001,0.021516015367927903,Thursday,False,False,38010.0
2020-01-03,atm35000321,Izmir,38245,692,622,45480,38010,1314,38010,6956.64,7402.31,6853.53,7339.97,8452.87552534,0.05562930289350043,0.017669250595838237,7231.535714285715,0.03126689788469128,Friday,False,False,40295.0
2020-01-04,atm35000321,Izmir,28195,558,685,33705,40295,1243,40295,7339.97,7396.1,7247.73,7291.27,3605.74269447,-0.006634904502334504,-0.003472886609773851,7227.905714285715,0.030986226739449674,Saturday,True,False,43805.0
2020-01-05,atm35000321,Izmir,7475,420,720,27830,43805,1140,43805,7294.0,7495.0,7269.71,7430.83,2614.94778349,0.019140698396849842,0.0011897062786310197,7229.167142857143,0.031405089097976686,Sunday,True,False,43425.0
2020-01-06,atm35000321,Izmir,29175,508,686,33090,43425,1194,43425,7431.63,7614.95,7310.0,7525.46,4138.11820107,0.012734781982631782,0.041792354749798255,7272.294285714286,0.029143587117638526,Monday,False,False,40370.0
2020-01-07,atm35000321,Izmir,12285,548,663,37260,40370,1211,40370,7531.73,8134.95,7516.97,8050.0,13507.54693697,0.06970205143605845,0.1274857208485416,7402.325714285714,0.036201204585928716,Tuesday,False,False,
2020-01-01,atm35000322,Izmir,21960,513,653,33220,43070,1166,43070,7145.05,7237.35,7129.55,7225.58,1211.09527025,0.012017176999851609,0.008870365328362606,7270.584285714285,0.020341564637941383,Wednesday,False,True,35835.0
2020-01-02,atm35000322,Izmir,19020,587,533,36410,35835,1120,35835,7220.0,7224.75,6900.0,6953.17,2993.0241097,-0.03770077972979324,-0.05449860279169694,7213.330000000001,0.021516015367927903,Thursday,False,False,41925.0
2020-01-03,atm35000322,Izmir,6135,474,620,32980,41925,1094,41925,6956.64,7402.31,6853.53,7339.97,8452.87552534,0.05562930289350043,0.017669250595838237,7231.535714285715,0.03126689788469128,Friday,False,False,39780.0
2020-01-04,atm35000322,Izmir,24950,452,618,28475,39780,1070,39780,7339.97,7396.1,7247.73,7291.27,3605.74269447,-0.006634904502334504,-0.003472886609773851,7227.905714285715,0.030986226739449674,Saturday,True,False,40390.0
2020-01-05,atm35000322,Izmir,14245,484,642,35515,40390,1126,40390,7294.0,7495.0,7269.71,7430.83,2614.94778349,0.019140698396849842,0.0011897062786310197,7229.167142857143,0.031405089097976686,Sunday,True,False,43365.0
2020-01-06,atm35000322,Izmir,11150,601,685,38505,43365,1286,43365,7431.63,7614.95,7310.0,7525.46,4138.11820107,0.012734781982631782,0.041792354749798255,7272.294285714286,0.029143587117638526,Monday,False,False,45200.0
2020-01-07,atm35000322,Izmir,29075,482,681,29490,45200,1163,45200,7531.73,8134.95,7516.97,8050.0,13507.54693697,0.06970205143605845,0.1274857208485416,7402.325714285714,0.036201204585928716,Tuesday,False,False,
2020-01-01,atm35000323,Izmir,35370,633,656,35630,41755,1289,41755,7145.05,7237.35,7129.55,7225.58,1211.09527025,0.012017176999851609,0.008870365328362606,7270.584285714285,0.020341564637941383,Wednesday,False,True,41130.0
2020-01-02,atm35000323,Izmir,30900,576,656,39910,41130,1232,41130,7220.0,7224.75,6900.0,6953.17,2993.0241097,-0.03770077972979324,-0.05449860279169694,7213.330000000001,0.021516015367927903,Thursday,False,False,34205.0
2020-01-03,atm35000323,Izmir,23900,536,589,36975,34205,1125,34205,6956.64,7402.31,6853.53,7339.97,8452.87552534,0.05562930289350043,0.017669250595838237,7231.535714285715,0.03126689788469128,Friday,False,False,37325.0
2020-01-04,atm35000323,Izmir,17080,478,569,32945,37325,1047,37325,7339.97,7396.1,7247.73,7291.27,3605.74269447,-0.006634904502334504,-0.003472886609773851,7227.905714285715,0.030986226739449674,Saturday,True,False,44510.0
2020-01-05,atm35000323,Izmir,8200,655,701,42435,44510,1356,44510,7294.0,7495.0,7269.71,7430.83,2614.94778349,0.019140698396849842,0.0011897062786310197,7229.167142857143,0.031405089097976686,Sunday,True,False,39015.0
2020-01-06,atm35000323,Izmir,34300,480,625,28535,39015,1105,39015,7431.63,7614.95,7310.0,7525.46,4138.11820107,0.012734781982631782,0.041792354749798255,7272.294285714286,0.029143587117638526,Monday,False,False,48615.0
2020-01-07,atm35000323,Izmir,14705,518,723,34930,48615,1241,48615,7531.73,8134.95,7516.97,8050.0,13507.54693697,0.06970205143605845,0.1274857208485416,7402.325714285714,0.036201204585928716,Tuesday,False,False,
2020-01-01,atm35000324,Izmir,25885,531,586,33775,40285,1117,40285,7145.05,7237.35,7129.55,7225.58,1211.09527025,0.012017176999851609,0.008870365328362606,7270.584285714285,0.020341564637941383,Wednesday,False,True,37015.0
2020-01-02,atm35000324,Izmir,25045,588,594,35365,37015,1182,37015,7220.0,7224.75,6900.0,6953.17,2993.0241097,-0.03770077972979324,-0.05449860279169694,7213.330000000001,0.021516015367927903,Thursday,False,False,42030.0
2020-01-03,atm35000324,Izmir,11620,507,655,32725,42030,1162,42030,6956.64,7402.31,6853.53,7339.97,8452.87552534,0.05562930289350043,0.017669250595838237,7231.535714285715,0.03126689788469128,Friday,False,False,40750.0
2020-01-04,atm35000324,Izmir,40200,552,626,34490,40750,1178,40750,7339.97,7396.1,7247.73,7291.27,3605.74269447,-0.006634904502334504,-0.003472886609773851,7227.905714285715,0.030986226739449674,Saturday,True,False,41525.0
2020-01-05,atm35000324,Izmir,36340,614,673,39715,41525,1287,41525,7294.0,7495.0,7269.71,7430.83,2614.94778349,0.019140698396849842,0.0011897062786310197,7229.167142857143,0.031405089097976686,Sunday,True,False,36575.0
2020-01-06,atm35000324,Izmir,29000,614,595,39270,36575,1209,36575,7431.63,7614.95,7310.0,7525.46,4138.11820107,0.012734781982631782,0.041792354749798255,7272.294285714286,0.029143587117638526,Monday,False,False,42840.0
2020-01-07,atm35000324,Izmir,22105,590,665,38590,42840,1255,42840,7531.73,8134.95,7516.97,8050.0,13507.54693697,0.06970205143605845,0.1274857208485416,7402.325714285714,0.036201204585928716,Tuesday,False,False,
2020-01-01,atm35000325,Izmir,19210,532,628,32650,43825,1160,43825,7145.05,7237.35,7129.55,7225.58,1211.09527025,0.012017176999851609,0.008870365328362606,7270.584285714285,0.020341564637941383,Wednesday,False,True,41975.0
2020-01-02,atm35000325,Izmir,32120,461,620,30910,41975,1081,41975,7220.0,7224.75,6900.0,6953.17,2993.0241097,-0.03770077972979324,-0.05449860279169694,7213.330000000001,0.021516015367927903,Thursday,False,False,42795.0
2020-01-03,atm35000325,Izmir,32720,577,608,36055,42795,1185,42795,6956.64,7402.31,6853.53,7339.97,8452.87552534,0.05562930289350043,0.017669250595838237,7231.535714285715,0.03126689788469128,Friday,False,False,39980.0
2020-01-04,atm35000325,Izmir,28435,544,627,35935,39980,1171,39980,7339.97,7396.1,7247.73,7291.27,3605.74269447,-0.006634904502334504,-0.003472886609773851,7227.905714285715,0.030986226739449674,Saturday,True,False,44585.0
2020-01-05,atm35000325,Izmir,12555,592,664,37290,44585,1256,44585,7294.0,7495.0,7269.71,7430.83,2614.94778349,0.019140698396849842,0.0011897062786310197,7229.167142857143,0.031405089097976686,Sunday,True,False,39960.0
2020-01-06,atm35000325,Izmir,1245,516,630,33330,39960,1146,39960,7431.63,7614.95,7310.0,7525.46,4138.11820107,0.012734781982631782,0.041792354749798255,7272.294285714286,0.029143587117638526,Monday,False,False,36555.0
2020-01-07,atm35000325,Izmir,30970,485,527,28445,36555,1012,36555,7531.73,8134.95,7516.97,8050.0,13507.54693697,0.06970205143605845,0.1274857208485416,7402.325714285714,0.036201204585928716,Tuesday,False,False,
2020-01-01,atm35000326,Izmir,36210,568,684,36685,41255,1252,41255,7145.05,7237.35,7129.55,7225.58,1211.09527025,0.012017176999851609,0.008870365328362606,7270.584285714285,0.020341564637941383,Wednesday,False,True,41870.0
2020-01-02,atm35000326,Izmir,18690,535,618,35440,41870,1153,41870,7220.0,7224.75,6900.0,6953.17,2993.0241097,-0.03770077972979324,-0.05449860279169694,7213.330000000001,0.021516015367927903,Thursday,False,False,46120.0
2020-01-03,atm35000326,Izmir,5580,592,654,39415,46120,1246,46120,6956.64,7402.31,6853.53,7339.97,8452.87552534,0.05562930289350043,0.017669250595838237,7231.535714285715,0.03126689788469128,Friday,False,False,42830.0
2020-01-04,atm35000326,Izmir,38425,540,656,37340,42830,1196,42830,7339.97,7396.1,7247.73,7291.27,3605.74269447,-0.006634904502334504,-0.003472886609773851,7227.905714285715,0.030986226739449674,Saturday,True,False,39145.0
2020-01-05,atm35000326,Izmir,10445,498,573,31140,39145,1071,39145,7294.0,7495.0,7269.71,7430.83,2614.94778349,0.019140698396849842,0.0011897062786310197,7229.167142857143,0.031405089097976686,Sunday,True,False,41380.0
2020-01-06,atm35000326,Izmir,33350,589,654,35530,41380,1243,41380,7431.63,7614.95,7310.0,7525.46,4138.11820107,0.012734781982631782,0.041792354749798255,7272.294285714286,0.029143587117638526,Monday,False,False,42705.0
2020-01-07,atm35000326,Izmir,13930,488,626,26285,42705,1114,42705,7531.73,8134.95,7516.97,8050.0,13507.54693697,0.06970205143605845,0.1274857208485416,7402.325714285714,0.036201204585928716,Tuesday,False,False,
2020-01-01,atm35000327,Izmir,32485,626,648,40490,40385,1274,40385,7145.05,7237.35,7129.55,7225.58,1211.09527025,0.012017176999851609,0.008870365328362606,7270.584285714285,0.020341564637941383,Wednesday,False,True,40860.0
2020-01-02,atm35000327,Izmir,18390,527,608,35705,40860,1135,40860,7220.0,7224.75,6900.0,6953.17,2993.0241097,-0.03770077972979324,-0.05449860279169694,7213.330000000001,0.021516015367927903,Thursday,False,False,47505.0
2020-01-03,atm35000327,Izmir,2100,537,697,33940,47505,1234,47505,6956.64,7402.31,6853.53,7339.97,8452.87552534,0.05562930289350043,0.017669250595838237,7231.535714285715,0.03126689788469128,Friday,False,False,42795.0
2020-01-04,atm35000327,Izmir,30870,503,660,32545,42795,1163,42795,7339.97,7396.1,7247.73,7291.27,3605.74269447,-0.006634904502334504,-0.003472886609773851,7227.905714285715,0.030986226739449674,Saturday,True,False,41525.0
2020-01-05,atm35000327,Izmir,26235,687,612,44460,41525,1299,41525,7294.0,7495.0,7269.71,7430.83,2614.94778349,0.019140698396849842,0.0011897062786310197,7229.167142857143,0.031405089097976686,Sunday,True,False,38945.0
2020-01-06,atm35000327,Izmir,11200,476,596,29805,38945,1072,38945,7431.63,7614.95,7310.0,7525.46,4138.11820107,0.012734781982631782,0.041792354749798255,7272.294285714286,0.029143587117638526,Monday,False,False,38910.0
2020-01-07,atm35000327,Izmir,45020,578,592,37410,38910,1170,38910,7531.73,8134.95,7516.97,8050.0,13507.54693697,0.06970205143605845,0.1274857208485416,7402.325714285714,0.036201204585928716,Tuesday,False,False,
2020-01-01,atm35000328,Izmir,29715,562,603,35265,37095,1165,37095,7145.05,7237.35,7129.55,7225.58,1211.09527025,0.012017176999851609,0.008870365328362606,7270.584285714285,0.020341564637941383,Wednesday,False,True,40320.0
2020-01-02,atm35000328,Izmir,39665,660,679,44425,40320,1339,40320,7220.0,7224.75,6900.0,6953.17,2993.0241097,-0.03770077972979324,-0.05449860279169694,7213.330000000001,0.021516015367927903,Thursday,False,False,40765.0
2020-01-03,atm35000328,Izmir,25395,456,628,27120,40765,1084,40765,6956.64,7402.31,6853.53,7339.97,8452.87552534,0.05562930289350043,0.017669250595838237,7231.535714285715,0.03126689788469128,Friday,False,False,42545.0
2020-01-04,atm35000328,Izmir,8840,564,639,34770,42545,1203,42545,7339.97,7396.1,7247.73,7291.27,3605.74269447,-0.006634904502334504,-0.003472886609773851,7227.905714285715,0.030986226739449674,Saturday,True,False,44365.0
2020-01-05,atm35000328,Izmir,32360,547,696,37245,44365,1243,44365,7294.0,7495.0,7269.71,7430.83,2614.94778349,0.019140698396849842,0.0011897062786310197,7229.167142857143,0.031405089097976686,Sunday,True,False,40930.0
2020-01-06,atm35000328,Izmir,12240,481,625,28505,40930,1106,40930,7431.63,7614.95,7310.0,7525.46,4138.11820107,0.012734781982631782,0.041792354749798255,7272.294285714286,0.029143587117638526,Monday,False,False,46525.0
2020-01-07,atm35000328,Izmir,30590,467,707,28900,46525,1174,46525,7531.73,8134.95,7516.97,8050.0,13507.54693697,0.06970205143605845,0.1274857208485416,7402.325714285714,0.036201204585928716,Tuesday,False,False,
2020-01-01,atm35000329,Izmir,29895,538,565,33095,36330,1103,36330,7145.05,7237.35,7129.55,7225.58,1211.09527025,0.012017176999851609,0.008870365328362606,7270.584285714285,0.020341564637941383,Wednesday,False,True,36250.0
2020-01-02,atm35000329,Izmir,26660,593,635,36305,36250,1228,36250,7220.0,7224.75,6900.0,6953.17,2993.0241097,-0.03770077972979324,-0.05449860279169694,7213.330000000001,0.021516015367927903,Thursday,False,False,40680.0
2020-01-03,atm35000329,Izmir,6870,530,622,32745,40680,1152,40680,6956.64,7402.31,6853.53,7339.97,8452.87552534,0.05562930289350043,0.017669250595838237,7231.535714285715,0.03126689788469128,Friday,False,False,42205.0
2020-01-04,atm35000329,Izmir,2500,538,665,37235,42205,1203,42205,7339.97,7396.1,7247.73,7291.27,3605.74269447,-0.006634904502334504,-0.003472886609773851,7227.905714285715,0.030986226739449674,Saturday,True,False,42595.0
2020-01-05,atm35000329,Izmir,31040,533,645,32585,42595,1178,42595,7294.0,7495.0,7269.71,7430.83,2614.94778349,0.019140698396849842,0.0011897062786310197,7229.167142857143,0.031405089097976686,Sunday,True,False,36355.0
2020-01-06,atm35000329,Izmir,27355,544,593,37565,36355,1137,36355,7431.63,7614.95,7310.0,7525.46,4138.11820107,0.012734781982631782,0.041792354749798255,7272.294285714286,0.029143587117638526,Monday,False,False,43005.0
2020-01-07,atm35000329,Izmir,14760,600,657,37370,43005,1257,43005,7531.73,8134.95,7516.97,8050.0,13507.54693697,0.06970205143605845,0.1274857208485416,7402.325714285714,0.036201204585928716,Tuesday,False,False,
2020-01-01,atm3500033,Izmir,35870,561,631,35705,39480,1192,39480,7145.05,7237.35,7129.55,7225.58,1211.09527025,0.012017176999851609,0.008870365328362606,7270.584285714285,0.020341564637941383,Wednesday,False,True,38345.0
2020-01-02,atm3500033,Izmir,37915,575,616,38580,38345,1191,38345,7220.0,7224.75,6900.0,6953.17,2993.0241097,-0.03770077972979324,-0.05449860279169694,7213.330000000001,0.021516015367927903,Thursday,False,False,38875.0
2020-01-03,atm3500033,Izmir,19575,591,640,36490,38875,1231,38875,6956.64,7402.31,6853.53,7339.97,8452.87552534,0.05562930289350043,0.017669250595838237,7231.535714285715,0.03126689788469128,Friday,False,False,35625.0
2020-01-04,atm3500033,Izmir,9825,536,596,35005,35625,1132,35625,7339.97,7396.1,7247.73,7291.27,3605.74269447,-0.006634904502334504,-0.003472886609773851,7227.905714285715,0.030986226739449674,Saturday,True,False,44495.0
2020-01-05,atm3500033,Izmir,40005,520,661,34890,44495,1181,44495,7294.0,7495.0,7269.71,7430.83,2614.94778349,0.019140698396849842,0.0011897062786310197,7229.167142857143,0.031405089097976686,Sunday,True,False,40470.0
2020-01-06,atm3500033,Izmir,37745,531,611,35075,40470,1142,40470,7431.63,7614.95,7310.0,7525.46,4138.11820107,0.012734781982631782,0.041792354749798255,7272.294285714286,0.029143587117638526,Monday,False,False,46685.0
2020-01-07,atm3500033,Izmir,29180,555,715,36140,46685,1270,46685,7531.73,8134.95,7516.97,8050.0,13507.54693697,0.06970205143605845,0.1274857208485416,7402.325714285714,0.036201204585928716,Tuesday,False,False,
2020-01-01,atm35000330,Izmir,50340,627,592,40130,37010,1219,37010,7145.05,7237.35,7129.55,7225.58,1211.09527025,0.012017176999851609,0.008870365328362606,7270.584285714285,0.020341564637941383,Wednesday,False,True,44655.0
2020-01-02,atm35000330,Izmir,28525,443,675,30225,44655,1118,44655,7220.0,7224.75,6900.0,6953.17,2993.0241097,-0.03770077972979324,-0.05449860279169694,7213.330000000001,0.021516015367927903,Thursday,False,False,39100.0
2020-01-03,atm35000330,Izmir,18815,552,621,35985,39100,1173,39100,6956.64,7402.31,6853.53,7339.97,8452.87552534,0.05562930289350043,0.017669250595838237,7231.535714285715,0.03126689788469128,Friday,False,False,42090.0
2020-01-04,atm35000330,Izmir,41730,518,671,31530,42090,1189,42090,7339.97,7396.1,7247.73,7291.27,3605.74269447,-0.006634904502334504,-0.003472886609773851,7227.905714285715,0.030986226739449674,Saturday,True,False,42585.0
2020-01-05,atm35000330,Izmir,38475,605,630,41700,42585,1235,42585,7294.0,7495.0,7269.71,7430.83,2614.94778349,0.019140698396849842,0.0011897062786310197,7229.167142857143,0.031405089097976686,Sunday,True,False,41035.0
2020-01-06,atm35000330,Izmir,20950,575,629,37715,41035,1204,41035,7431.63,7614.95,7310.0,7525.46,4138.11820107,0.012734781982631782,0.041792354749798255,7272.294285714286,0.029143587117638526,Monday,False,False,42975.0
2020-01-07,atm35000330,Izmir,1080,474,676,30855,42975,1150,42975,7531.73,8134.95,7516.97,8050.0,13507.54693697,0.06970205143605845,0.1274857208485416,7402.325714285714,0.036201204585928716,Tuesday,False,False,
2020-01-01,atm35000331,Izmir,46670,697,687,45390,41290,1384,41290,7145.05,7237.35,7129.55,7225.58,1211.09527025,0.012017176999851609,0.008870365328362606,7270.584285714285,0.020341564637941383,Wednesday,False,True,42245.0
2020-01-02,atm35000331,Izmir,36500,523,643,34215,42245,1166,42245,7220.0,7224.75,6900.0,6953.17,2993.0241097,-0.03770077972979324,-0.05449860279169694,7213.330000000001,0.021516015367927903,Thursday,False,False,45885.0
2020-01-03,atm35000331,Izmir,23785,587,696,37995,45885,1283,45885,6956.64,7402.31,6853.53,7339.97,8452.87552534,0.05562930289350043,0.017669250595838237,7231.535714285715,0.03126689788469128,Friday,False,False,38895.0
2020-01-04,atm35000331,Izmir,16145,537,594,31935,38895,1131,38895,7339.97,7396.1,7247.73,7291.27,3605.74269447,-0.006634904502334504,-0.003472886609773851,7227.905714285715,0.030986226739449674,Saturday,True,False,39700.0
2020-01-05,atm35000331,Izmir,34875,424,662,26755,39700,1086,39700,7294.0,7495.0,7269.71,7430.83,2614.94778349,0.019140698396849842,0.0011897062786310197,7229.167142857143,0.031405089097976686,Sunday,True,False,38380.0
2020-01-06,atm35000331,Izmir,20985,541,576,35035,38380,1117,38380,7431.63,7614.95,7310.0,7525.46,4138.11820107,0.012734781982631782,0.041792354749798255,7272.294285714286,0.029143587117638526,Monday,False,False,42400.0
2020-01-07,atm35000331,Izmir,14195,568,638,35845,42400,1206,42400,7531.73,8134.95,7516.97,8050.0,13507.54693697,0.06970205143605845,0.1274857208485416,7402.325714285714,0.036201204585928716,Tuesday,False,False,
2020-01-01,atm35000332,Izmir,21105,545,692,35160,45215,1237,45215,7145.05,7237.35,7129.55,7225.58,1211.09527025,0.012017176999851609,0.008870365328362606,7270.584285714285,0.020341564637941383,Wednesday,False,True,40110.0
2020-01-02,atm35000332,Izmir,13395,627,640,38945,40110,1267,40110,7220.0,7224.75,6900.0,6953.17,2993.0241097,-0.03770077972979324,-0.05449860279169694,7213.330000000001,0.021516015367927903,Thursday,False,False,43500.0
2020-01-03,atm35000332,Izmir,33150,555,651,36470,43500,1206,43500,6956.64,7402.31,6853.53,7339.97,8452.87552534,0.05562930289350043,0.017669250595838237,7231.535714285715,0.03126689788469128,Friday,False,False,33370.0
2020-01-04,atm35000332,Izmir,20275,416,553,26010,33370,969,33370,7339.97,7396.1,7247.73,7291.27,3605.74269447,-0.006634904502334504,-0.003472886609773851,7227.905714285715,0.030986226739449674,Saturday,True,False,34545.0
2020-01-05,atm35000332,Izmir,20545,611,545,38775,34545,1156,34545,7294.0,7495.0,7269.71,7430.83,2614.94778349,0.019140698396849842,0.0011897062786310197,7229.167142857143,0.031405089097976686,Sunday,True,False,39600.0
2020-01-06,atm35000332,Izmir,40735,480,627,29790,39600,1107,39600,7431.63,7614.95,7310.0,7525.46,4138.11820107,0.012734781982631782,0.041792354749798255,7272.294285714286,0.029143587117638526,Monday,False,False,42370.0
2020-01-07,atm35000332,Izmir,25765,461,635,31045,42370,1096,42370,7531.73,8134.95,7516.97,8050.0,13507.54693697,0.06970205143605845,0.1274857208485416,7402.325714285714,0.036201204585928716,Tuesday,False,False,
2020-01-01,atm35000333,Izmir,19880,458,714,28180,47740,1172,47740,7145.05,7237.35,7129.55,7225.58,1211.09527025,0.012017176999851609,0.008870365328362606,7270.584285714285,0.020341564637941383,Wednesday,False,True,37225.0
2020-01-02,atm35000333,Izmir,12445,583,592,37830,37225,1175,37225,7220.0,7224.75,6900.0,6953.17,2993.0241097,-0.03770077972979324,-0.05449860279169694,7213.330000000001,0.021516015367927903,Thursday,False,False,43505.0
2020-01-03,atm35000333,Izmir,37405,542,713,32445,43505,1255,43505,6956.64,7402.31,6853.53,7339.97,8452.87552534,0.05562930289350043,0.017669250595838237,7231.535714285715,0.03126689788469128,Friday,False,False,48240.0
2020-01-04,atm35000333,Izmir,20525,603,650,40045,48240,1253,48240,7339.97,7396.1,7247.73,7291.27,3605.74269447,-0.006634904502334504,-0.003472886609773851,7227.905714285715,0.030986226739449674,Saturday,True,False,35955.0
2020-01-05,atm35000333,Izmir,20830,591,581,40435,35955,1172,35955,7294.0,7495.0,7269.71,7430.83,2614.94778349,0.019140698396849842,0.0011897062786310197,7229.167142857143,0.031405089097976686,Sunday,True,False,34095.0
2020-01-06,atm35000333,Izmir,27220,649,582,42365,34095,1231,34095,7431.63,7614.95,7310.0,7525.46,4138.11820107,0.012734781982631782,0.041792354749798255,7272.294285714286,0.029143587117638526,Monday,False,False,38725.0
2020-01-07,atm35000333,Izmir,16000,556,613,33665,38725,1169,38725,7531.73,8134.95,7516.97,8050.0,13507.54693697,0.06970205143605845,0.1274857208485416,7402.325714285714,0.036201204585928716,Tuesday,False,False,
2020-01-01,atm35000334,Izmir,24320,422,594,26775,39780,1016,39780,7145.05,7237.35,7129.55,7225.58,1211.09527025,0.012017176999851609,0.008870365328362606,7270.584285714285,0.020341564637941383,Wednesday,False,True,38475.0
2020-01-02,atm35000334,Izmir,19525,551,627,36105,38475,1178,38475,7220.0,7224.75,6900.0,6953.17,2993.0241097,-0.03770077972979324,-0.05449860279169694,7213.330000000001,0.021516015367927903,Thursday,False,False,39255.0
2020-01-03,atm35000334,Izmir,9500,600,672,39320,39255,1272,39255,6956.64,7402.31,6853.53,7339.97,8452.87552534,0.05562930289350043,0.017669250595838237,7231.535714285715,0.03126689788469128,Friday,False,False,39255.0
2020-01-04,atm35000334,Izmir,5035,505,644,32890,39255,1149,39255,7339.97,7396.1,7247.73,7291.27,3605.74269447,-0.006634904502334504,-0.003472886609773851,7227.905714285715,0.030986226739449674,Saturday,True,False,44035.0
2020-01-05,atm35000334,Izmir,30575,612,664,39360,44035,1276,44035,7294.0,7495.0,7269.71,7430.83,2614.94778349,0.019140698396849842,0.0011897062786310197,7229.167142857143,0.031405089097976686,Sunday,True,False,45640.0
2020-01-06,atm35000334,Izmir,17890,516,741,35010,45640,1257,45640,7431.63,7614.95,7310.0,7525.46,4138.11820107,0.012734781982631782,0.041792354749798255,7272.294285714286,0.029143587117638526,Monday,False,False,40115.0
2020-01-07,atm35000334,Izmir,7160,643,649,41750,40115,1292,40115,7531.73,8134.95,7516.97,8050.0,13507.54693697,0.06970205143605845,0.1274857208485416,7402.325714285714,0.036201204585928716,Tuesday,False,False,
2020-01-01,atm35000335,Izmir,38875,569,586,37305,38295,1155,38295,7145.05,7237.35,7129.55,7225.58,1211.09527025,0.012017176999851609,0.008870365328362606,7270.584285714285,0.020341564637941383,Wednesday,False,True,42865.0
2020-01-02,atm35000335,Izmir,26060,613,696,39185,42865,1309,42865,7220.0,7224.75,6900.0,6953.17,2993.0241097,-0.03770077972979324,-0.05449860279169694,7213.330000000001,0.021516015367927903,Thursday,False,False,39930.0
2020-01-03,atm35000335,Izmir,25720,564,620,36395,39930,1184,39930,6956.64,7402.31,6853.53,7339.97,8452.87552534,0.05562930289350043,0.017669250595838237,7231.535714285715,0.03126689788469128,Friday,False,False,42510.0
2020-01-04,atm35000335,Izmir,17780,700,643,41805,42510,1343,42510,7339.97,7396.1,7247.73,7291.27,3605.74269447,-0.006634904502334504,-0.003472886609773851,7227.905714285715,0.030986226739449674,Saturday,True,False,43540.0
2020-01-05,atm35000335,Izmir,8660,597,630,37010,43540,1227,43540,7294.0,7495.0,7269.71,7430.83,2614.94778349,0.019140698396849842,0.0011897062786310197,7229.167142857143,0.031405089097976686,Sunday,True,False,46285.0
2020-01-06,atm35000335,Izmir,37170,531,729,32140,46285,1260,46285,7431.63,7614.95,7310.0,7525.46,4138.11820107,0.012734781982631782,0.041792354749798255,7272.294285714286,0.029143587117638526,Monday,False,False,39770.0
2020-01-07,atm35000335,Izmir,22980,549,609,34975,39770,1158,39770,7531.73,8134.95,7516.97,8050.0,13507.54693697,0.06970205143605845,0.1274857208485416,7402.325714285714,0.036201204585928716,Tuesday,False,False,
2020-01-01,atm35000336,Izmir,38545,596,624,38860,38125,1220,38125,7145.05,7237.35,7129.55,7225.58,1211.09527025,0.012017176999851609,0.008870365328362606,7270.584285714285,0.020341564637941383,Wednesday,False,True,41175.0
2020-01-02,atm35000336,Izmir,38660,627,622,38075,41175,1249,41175,7220.0,7224.75,6900.0,6953.17,2993.0241097,-0.03770077972979324,-0.05449860279169694,7213.330000000001,0.021516015367927903,Thursday,False,False,39795.0
2020-01-03,atm35000336,Izmir,24185,541,634,33120,39795,1175,39795,6956.64,7402.31,6853.53,7339.97,8452.87552534,0.05562930289350043,0.017669250595838237,7231.535714285715,0.03126689788469128,Friday,False,False,41545.0
2020-01-04,atm35000336,Izmir,30505,759,660,46950,41545,1419,41545,7339.97,7396.1,7247.73,7291.27,3605.74269447,-0.006634904502334504,-0.003472886609773851,7227.905714285715,0.030986226739449674,Saturday,True,False,43600.0
2020-01-05,atm35000336,Izmir,20605,533,710,34490,43600,1243,43600,7294.0,7495.0,7269.71,7430.83,2614.94778349,0.019140698396849842,0.0011897062786310197,7229.167142857143,0.031405089097976686,Sunday,True,False,39070.0
2020-01-06,atm35000336,Izmir,9750,570,628,41140,39070,1198,39070,7431.63,7614.95,7310.0,7525.46,4138.11820107,0.012734781982631782,0.041792354749798255,7272.294285714286,0.029143587117638526,Monday,False,False,40905.0
2020-01-07,atm35000336,Izmir,26565,461,613,30785,40905,1074,40905,7531.73,8134.95,7516.97,8050.0,13507.54693697,0.06970205143605845,0.1274857208485416,7402.325714285714,0.036201204585928716,Tuesday,False,False,
2020-01-01,atm35000337,Izmir,30275,496,628,29730,37975,1124,37975,7145.05,7237.35,7129.55,7225.58,1211.09527025,0.012017176999851609,0.008870365328362606,7270.584285714285,0.020341564637941383,Wednesday,False,True,40120.0
2020-01-02,atm35000337,Izmir,30580,534,629,37605,40120,1163,40120,7220.0,7224.75,6900.0,6953.17,2993.0241097,-0.03770077972979324,-0.05449860279169694,7213.330000000001,0.021516015367927903,Thursday,False,False,48235.0
2020-01-03,atm35000337,Izmir,3995,560,705,33680,48235,1265,48235,6956.64,7402.31,6853.53,7339.97,8452.87552534,0.05562930289350043,0.017669250595838237,7231.535714285715,0.03126689788469128,Friday,False,False,47795.0
2020-01-04,atm35000337,Izmir,18400,561,734,34870,47795,1295,47795,7339.97,7396.1,7247.73,7291.27,3605.74269447,-0.006634904502334504,-0.003472886609773851,7227.905714285715,0.030986226739449674,Saturday,True,False,41125.0
2020-01-05,atm35000337,Izmir,18745,575,588,38810,41125,1163,41125,7294.0,7495.0,7269.71,7430.83,2614.94778349,0.019140698396849842,0.0011897062786310197,7229.167142857143,0.031405089097976686,Sunday,True,False,36995.0
2020-01-06,atm35000337,Izmir,10420,527,622,33335,36995,1149,36995,7431.63,7614.95,7310.0,7525.46,4138.11820107,0.012734781982631782,0.041792354749798255,7272.294285714286,0.029143587117638526,Monday,False,False,46190.0
2020-01-07,atm35000337,Izmir,36475,480,715,31720,46190,1195,46190,7531.73,8134.95,7516.97,8050.0,13507.54693697,0.06970205143605845,0.1274857208485416,7402.325714285714,0.036201204585928716,Tuesday,False,False,
2020-01-01,atm35000338,Izmir,28445,504,699,33955,45375,1203,45375,7145.05,7237.35,7129.55,7225.58,1211.09527025,0.012017176999851609,0.008870365328362606,7270.584285714285,0.020341564637941383,Wednesday,False,True,44440.0
2020-01-02,atm35000338,Izmir,21815,588,650,38090,44440,1238,44440,7220.0,7224.75,6900.0,6953.17,2993.0241097,-0.03770077972979324,-0.05449860279169694,7213.330000000001,0.021516015367927903,Thursday,False,False,43630.0
2020-01-03,atm35000338,Izmir,36765,471,668,32000,43630,1139,43630,6956.64,7402.31,6853.53,7339.97,8452.87552534,0.05562930289350043,0.017669250595838237,7231.535714285715,0.03126689788469128,Friday,False,False,38055.0
2020-01-04,atm35000338,Izmir,22015,517,597,31620,38055,1114,38055,7339.97,7396.1,7247.73,7291.27,3605.74269447,-0.006634904502334504,-0.003472886609773851,7227.905714285715,0.030986226739449674,Saturday,True,False,35145.0
2020-01-05,atm35000338,Izmir,9560,487,568,29415,35145,1055,35145,7294.0,7495.0,7269.71,7430.83,2614.94778349,0.019140698396849842,0.0011897062786310197,7229.167142857143,0.031405089097976686,Sunday,True,False,34320.0
2020-01-06,atm35000338,Izmir,44625,449,581,29940,34320,1030,34320,7431.63,7614.95,7310.0,7525.46,4138.11820107,0.012734781982631782,0.041792354749798255,7272.294285714286,0.029143587117638526,Monday,False,False,34680.0
2020-01-07,atm35000338,Izmir,50390,602,568,39430,34680,1170,34680,7531.73,8134.95,7516.97,8050.0,13507.54693697,0.06970205143605845,0.1274857208485416,7402.325714285714,0.036201204585928716,Tuesday,False,False,
2020-01-01,atm35000339,Izmir,36615,1011,1059,65005,63375,2070,63375,7145.05,7237.35,7129.55,7225.58,1211.09527025,0.012017176999851609,0.008870365328362606,7270.584285714285,0.020341564637941383,Wednesday,False,True,67160.0
2020-01-02,atm35000339,Izmir,26005,958,1081,60045,67160,2039,67160,7220.0,7224.75,6900.0,6953.17,2993.0241097,-0.03770077972979324,-0.05449860279169694,7213.330000000001,0.021516015367927903,Thursday,False,False,70820.0
2020-01-03,atm35000339,Izmir,41975,888,1066,58650,70820,1954,70820,6956.64,7402.31,6853.53,7339.97,8452.87552534,0.05562930289350043,0.017669250595838237,7231.535714285715,0.03126689788469128,Friday,False,False,67100.0
2020-01-04,atm35000339,Izmir,29850,1017,1048,66030,67100,2065,67100,7339.97,7396.1,7247.73,7291.27,3605.74269447,-0.006634904502334504,-0.003472886609773851,7227.905714285715,0.030986226739449674,Saturday,True,False,67390.0
2020-01-05,atm35000339,Izmir,12185,970,1074,62040,67390,2044,67390,7294.0,7495.0,7269.71,7430.83,2614.94778349,0.019140698396849842,0.0011897062786310197,7229.167142857143,0.031405089097976686,Sunday,True,False,66580.0
2020-01-06,atm35000339,Izmir,4860,961,1071,60520,66580,2032,66580,7431.63,7614.95,7310.0,7525.46,4138.11820107,0.012734781982631782,0.041792354749798255,7272.294285714286,0.029143587117638526,Monday,False,False,64950.0
2020-01-07,atm35000339,Izmir,34395,972,1027,59820,64950,1999,64950,7531.73,8134.95,7516.97,8050.0,13507.54693697,0.06970205143605845,0.1274857208485416,7402.325714285714,0.036201204585928716,Tuesday,False,False,
2020-01-01,atm3500034,Izmir,25650,563,625,35590,39595,1188,39595,7145.05,7237.35,7129.55,7225.58,1211.09527025,0.012017176999851609,0.008870365328362606,7270.584285714285,0.020341564637941383,Wednesday,False,True,42460.0
2020-01-02,atm3500034,Izmir,14885,588,655,37145,42460,1243,42460,7220.0,7224.75,6900.0,6953.17,2993.0241097,-0.03770077972979324,-0.05449860279169694,7213.330000000001,0.021516015367927903,Thursday,False,False,47035.0
2020-01-03,atm3500034,Izmir,0,513,695,34255,47035,1208,47035,6956.64,7402.31,6853.53,7339.97,8452.87552534,0.05562930289350043,0.017669250595838237,7231.535714285715,0.03126689788469128,Friday,False,False,41895.0
2020-01-04,atm3500034,Izmir,39155,508,667,33880,41895,1175,41895,7339.97,7396.1,7247.73,7291.27,3605.74269447,-0.006634904502334504,-0.003472886609773851,7227.905714285715,0.030986226739449674,Saturday,True,False,43305.0
2020-01-05,atm3500034,Izmir,34580,639,657,40890,43305,1296,43305,7294.0,7495.0,7269.71,7430.83,2614.94778349,0.019140698396849842,0.0011897062786310197,7229.167142857143,0.031405089097976686,Sunday,True,False,37260.0
2020-01-06,atm3500034,Izmir,23260,515,627,32680,37260,1142,37260,7431.63,7614.95,7310.0,7525.46,4138.11820107,0.012734781982631782,0.041792354749798255,7272.294285714286,0.029143587117638526,Monday,False,False,39165.0
2020-01-07,atm3500034,Izmir,30670,588,591,38715,39165,1179,39165,7531.73,8134.95,7516.97,8050.0,13507.54693697,0.06970205143605845,0.1274857208485416,7402.325714285714,0.036201204585928716,Tuesday,False,False,
2020-01-01,atm35000340,Izmir,33415,583,672,38330,41455,1255,41455,7145.05,7237.35,7129.55,7225.58,1211.09527025,0.012017176999851609,0.008870365328362606,7270.584285714285,0.020341564637941383,Wednesday,False,True,39145.0
2020-01-02,atm35000340,Izmir,28795,573,639,36235,39145,1212,39145,7220.0,7224.75,6900.0,6953.17,2993.0241097,-0.03770077972979324,-0.05449860279169694,7213.330000000001,0.021516015367927903,Thursday,False,False,43370.0
2020-01-03,atm35000340,Izmir,20950,502,658,33820,43370,1160,43370,6956.64,7402.31,6853.53,7339.97,8452.87552534,0.05562930289350043,0.017669250595838237,7231.535714285715,0.03126689788469128,Friday,False,False,44975.0
2020-01-04,atm35000340,Izmir,39325,512,647,32275,44975,1159,44975,7339.97,7396.1,7247.73,7291.27,3605.74269447,-0.006634904502334504,-0.003472886609773851,7227.905714285715,0.030986226739449674,Saturday,True,False,39455.0
2020-01-05,atm35000340,Izmir,32995,522,578,32875,39455,1100,39455,7294.0,7495.0,7269.71,7430.83,2614.94778349,0.019140698396849842,0.0011897062786310197,7229.167142857143,0.031405089097976686,Sunday,True,False,41950.0
2020-01-06,atm35000340,Izmir,26555,653,676,42920,41950,1329,41950,7431.63,7614.95,7310.0,7525.46,4138.11820107,0.012734781982631782,0.041792354749798255,7272.294285714286,0.029143587117638526,Monday,False,False,40620.0
2020-01-07,atm35000340,Izmir,21655,596,659,38605,40620,1255,40620,7531.73,8134.95,7516.97,8050.0,13507.54693697,0.06970205143605845,0.1274857208485416,7402.325714285714,0.036201204585928716,Tuesday,False,False,
2020-01-01,atm35000341,Izmir,21120,545,658,33625,41905,1203,41905,7145.05,7237.35,7129.55,7225.58,1211.09527025,0.012017176999851609,0.008870365328362606,7270.584285714285,0.020341564637941383,Wednesday,False,True,45220.0
2020-01-02,atm35000341,Izmir,11145,621,720,42255,45220,1341,45220,7220.0,7224.75,6900.0,6953.17,2993.0241097,-0.03770077972979324,-0.05449860279169694,7213.330000000001,0.021516015367927903,Thursday,False,False,37820.0
2020-01-03,atm35000341,Izmir,37980,574,570,37635,37820,1144,37820,6956.64,7402.31,6853.53,7339.97,8452.87552534,0.05562930289350043,0.017669250595838237,7231.535714285715,0.03126689788469128,Friday,False,False,39355.0
2020-01-04,atm35000341,Izmir,26750,493,625,29670,39355,1118,39355,7339.97,7396.1,7247.73,7291.27,3605.74269447,-0.006634904502334504,-0.003472886609773851,7227.905714285715,0.030986226739449674,Saturday,True,False,40045.0
2020-01-05,atm35000341,Izmir,17535,646,624,41615,40045,1270,40045,7294.0,7495.0,7269.71,7430.83,2614.94778349,0.019140698396849842,0.0011897062786310197,7229.167142857143,0.031405089097976686,Sunday,True,False,42000.0
2020-01-06,atm35000341,Izmir,12405,613,661,37195,42000,1274,42000,7431.63,7614.95,7310.0,7525.46,4138.11820107,0.012734781982631782,0.041792354749798255,7272.294285714286,0.029143587117638526,Monday,False,False,37380.0
2020-01-07,atm35000341,Izmir,3380,645,616,41335,37380,1261,37380,7531.73,8134.95,7516.97,8050.0,13507.54693697,0.06970205143605845,0.1274857208485416,7402.325714285714,0.036201204585928716,Tuesday,False,False,
2020-01-01,atm35000342,Izmir,51105,726,650,45835,41000,1376,41000,7145.05,7237.35,7129.55,7225.58,1211.09527025,0.012017176999851609,0.008870365328362606,7270.584285714285,0.020341564637941383,Wednesday,False,True,42150.0
2020-01-02,atm35000342,Izmir,45970,636,592,46940,42150,1228,42150,7220.0,7224.75,6900.0,6953.17,2993.0241097,-0.03770077972979324,-0.05449860279169694,7213.330000000001,0.021516015367927903,Thursday,False,False,47120.0
2020-01-03,atm35000342,Izmir,19655,500,719,29815,47120,1219,47120,6956.64,7402.31,6853.53,7339.97,8452.87552534,0.05562930289350043,0.017669250595838237,7231.535714285715,0.03126689788469128,Friday,False,False,42505.0
2020-01-04,atm35000342,Izmir,13575,571,652,40220,42505,1223,42505,7339.97,7396.1,7247.73,7291.27,3605.74269447,-0.006634904502334504,-0.003472886609773851,7227.905714285715,0.030986226739449674,Saturday,True,False,35755.0
2020-01-05,atm35000342,Izmir,12630,629,590,41970,35755,1219,35755,7294.0,7495.0,7269.71,7430.83,2614.94778349,0.019140698396849842,0.0011897062786310197,7229.167142857143,0.031405089097976686,Sunday,True,False,42910.0
2020-01-06,atm35000342,Izmir,38320,551,683,35835,42910,1234,42910,7431.63,7614.95,7310.0,7525.46,4138.11820107,0.012734781982631782,0.041792354749798255,7272.294285714286,0.029143587117638526,Monday,False,False,39790.0
2020-01-07,atm35000342,Izmir,25415,487,611,32730,39790,1098,39790,7531.73,8134.95,7516.97,8050.0,13507.54693697,0.06970205143605845,0.1274857208485416,7402.325714285714,0.036201204585928716,Tuesday,False,False,
2020-01-01,atm35000343,Izmir,29825,521,574,32400,38190,1095,38190,7145.05,7237.35,7129.55,7225.58,1211.09527025,0.012017176999851609,0.008870365328362606,7270.584285714285,0.020341564637941383,Wednesday,False,True,39445.0
2020-01-02,atm35000343,Izmir,18010,481,612,30605,39445,1093,39445,7220.0,7224.75,6900.0,6953.17,2993.0241097,-0.03770077972979324,-0.05449860279169694,7213.330000000001,0.021516015367927903,Thursday,False,False,45025.0
2020-01-03,atm35000343,Izmir,12370,533,646,33860,45025,1179,45025,6956.64,7402.31,6853.53,7339.97,8452.87552534,0.05562930289350043,0.017669250595838237,7231.535714285715,0.03126689788469128,Friday,False,False,39155.0
2020-01-04,atm35000343,Izmir,4920,569,644,35315,39155,1213,39155,7339.97,7396.1,7247.73,7291.27,3605.74269447,-0.006634904502334504,-0.003472886609773851,7227.905714285715,0.030986226739449674,Saturday,True,False,35505.0
2020-01-05,atm35000343,Izmir,44010,524,555,33985,35505,1079,35505,7294.0,7495.0,7269.71,7430.83,2614.94778349,0.019140698396849842,0.0011897062786310197,7229.167142857143,0.031405089097976686,Sunday,True,False,45235.0
2020-01-06,atm35000343,Izmir,36820,623,703,42070,45235,1326,45235,7431.63,7614.95,7310.0,7525.46,4138.11820107,0.012734781982631782,0.041792354749798255,7272.294285714286,0.029143587117638526,Monday,False,False,40365.0
2020-01-07,atm35000343,Izmir,36830,626,653,43405,40365,1279,40365,7531.73,8134.95,7516.97,8050.0,13507.54693697,0.06970205143605845,0.1274857208485416,7402.325714285714,0.036201204585928716,Tuesday,False,False,
2020-01-01,atm35000344,Izmir,42190,661,599,41015,37895,1260,37895,7145.05,7237.35,7129.55,7225.58,1211.09527025,0.012017176999851609,0.008870365328362606,7270.584285714285,0.020341564637941383,Wednesday,False,True,43610.0
2020-01-02,atm35000344,Izmir,31695,584,636,36630,43610,1220,43610,7220.0,7224.75,6900.0,6953.17,2993.0241097,-0.03770077972979324,-0.05449860279169694,7213.330000000001,0.021516015367927903,Thursday,False,False,40635.0
2020-01-03,atm35000344,Izmir,21570,565,611,34415,40635,1176,40635,6956.64,7402.31,6853.53,7339.97,8452.87552534,0.05562930289350043,0.017669250595838237,7231.535714285715,0.03126689788469128,Friday,False,False,39195.0
2020-01-04,atm35000344,Izmir,27050,595,579,40875,39195,1174,39195,7339.97,7396.1,7247.73,7291.27,3605.74269447,-0.006634904502334504,-0.003472886609773851,7227.905714285715,0.030986226739449674,Saturday,True,False,45505.0
2020-01-05,atm35000344,Izmir,22165,712,671,44560,45505,1383,45505,7294.0,7495.0,7269.71,7430.83,2614.94778349,0.019140698396849842,0.0011897062786310197,7229.167142857143,0.031405089097976686,Sunday,True,False,43970.0
2020-01-06,atm35000344,Izmir,6085,535,651,33075,43970,1186,43970,7431.63,7614.95,7310.0,7525.46,4138.11820107,0.012734781982631782,0.041792354749798255,7272.294285714286,0.029143587117638526,Monday,False,False,41700.0
2020-01-07,atm35000344,Izmir,42090,618,629,39410,41700,1247,41700,7531.73,8134.95,7516.97,8050.0,13507.54693697,0.06970205143605845,0.1274857208485416,7402.325714285714,0.036201204585928716,Tuesday,False,False,
2020-01-01,atm35000345,Izmir,31175,599,647,39115,40980,1246,40980,7145.05,7237.35,7129.55,7225.58,1211.09527025,0.012017176999851609,0.008870365328362606,7270.584285714285,0.020341564637941383,Wednesday,False,True,42900.0
2020-01-02,atm35000345,Izmir,19875,630,643,39485,42900,1273,42900,7220.0,7224.75,6900.0,6953.17,2993.0241097,-0.03770077972979324,-0.05449860279169694,7213.330000000001,0.021516015367927903,Thursday,False,False,40530.0
2020-01-03,atm35000345,Izmir,805,524,613,29535,40530,1137,40530,6956.64,7402.31,6853.53,7339.97,8452.87552534,0.05562930289350043,0.017669250595838237,7231.535714285715,0.03126689788469128,Friday,False,False,37700.0
2020-01-04,atm35000345,Izmir,22985,513,594,36935,37700,1107,37700,7339.97,7396.1,7247.73,7291.27,3605.74269447,-0.006634904502334504,-0.003472886609773851,7227.905714285715,0.030986226739449674,Saturday,True,False,40155.0
2020-01-05,atm35000345,Izmir,24215,577,642,38635,40155,1219,40155,7294.0,7495.0,7269.71,7430.83,2614.94778349,0.019140698396849842,0.0011897062786310197,7229.167142857143,0.031405089097976686,Sunday,True,False,47370.0
2020-01-06,atm35000345,Izmir,12000,665,673,42735,47370,1338,47370,7431.63,7614.95,7310.0,7525.46,4138.11820107,0.012734781982631782,0.041792354749798255,7272.294285714286,0.029143587117638526,Monday,False,False,41165.0
2020-01-07,atm35000345,Izmir,7940,562,617,36145,41165,1179,41165,7531.73,8134.95,7516.97,8050.0,13507.54693697,0.06970205143605845,0.1274857208485416,7402.325714285714,0.036201204585928716,Tuesday,False,False,
2020-01-01,atm35000346,Izmir,25270,493,630,32010,37755,1123,37755,7145.05,7237.35,7129.55,7225.58,1211.09527025,0.012017176999851609,0.008870365328362606,7270.584285714285,0.020341564637941383,Wednesday,False,True,44820.0
2020-01-02,atm35000346,Izmir,8285,514,681,34300,44820,1195,44820,7220.0,7224.75,6900.0,6953.17,2993.0241097,-0.03770077972979324,-0.05449860279169694,7213.330000000001,0.021516015367927903,Thursday,False,False,47100.0
2020-01-03,atm35000346,Izmir,38360,636,720,40065,47100,1356,47100,6956.64,7402.31,6853.53,7339.97,8452.87552534,0.05562930289350043,0.017669250595838237,7231.535714285715,0.03126689788469128,Friday,False,False,41665.0
2020-01-04,atm35000346,Izmir,38920,637,688,41660,41665,1325,41665,7339.97,7396.1,7247.73,7291.27,3605.74269447,-0.006634904502334504,-0.003472886609773851,7227.905714285715,0.030986226739449674,Saturday,True,False,39020.0
2020-01-05,atm35000346,Izmir,26260,561,635,35390,39020,1196,39020,7294.0,7495.0,7269.71,7430.83,2614.94778349,0.019140698396849842,0.0011897062786310197,7229.167142857143,0.031405089097976686,Sunday,True,False,48720.0
2020-01-06,atm35000346,Izmir,1880,540,696,38710,48720,1236,48720,7431.63,7614.95,7310.0,7525.46,4138.11820107,0.012734781982631782,0.041792354749798255,7272.294285714286,0.029143587117638526,Monday,False,False,42805.0
2020-01-07,atm35000346,Izmir,34900,605,662,38065,42805,1267,42805,7531.73,8134.95,7516.97,8050.0,13507.54693697,0.06970205143605845,0.1274857208485416,7402.325714285714,0.036201204585928716,Tuesday,False,False,
2020-01-01,atm35000347,Izmir,33340,607,595,36125,38895,1202,38895,7145.05,7237.35,7129.55,7225.58,1211.09527025,0.012017176999851609,0.008870365328362606,7270.584285714285,0.020341564637941383,Wednesday,False,True,39315.0
2020-01-02,atm35000347,Izmir,36865,533,644,33215,39315,1177,39315,7220.0,7224.75,6900.0,6953.17,2993.0241097,-0.03770077972979324,-0.05449860279169694,7213.330000000001,0.021516015367927903,Thursday,False,False,37460.0
2020-01-03,atm35000347,Izmir,22240,538,576,34705,37460,1114,37460,6956.64,7402.31,6853.53,7339.97,8452.87552534,0.05562930289350043,0.017669250595838237,7231.535714285715,0.03126689788469128,Friday,False,False,42910.0
2020-01-04,atm35000347,Izmir,13310,531,662,33925,42910,1193,42910,7339.97,7396.1,7247.73,7291.27,3605.74269447,-0.006634904502334504,-0.003472886609773851,7227.905714285715,0.030986226739449674,Saturday,True,False,44765.0
2020-01-05,atm35000347,Izmir,2115,506,695,31690,44765,1201,44765,7294.0,7495.0,7269.71,7430.83,2614.94778349,0.019140698396849842,0.0011897062786310197,7229.167142857143,0.031405089097976686,Sunday,True,False,41705.0
2020-01-06,atm35000347,Izmir,20110,465,640,31650,41705,1105,41705,7431.63,7614.95,7310.0,7525.46,4138.11820107,0.012734781982631782,0.041792354749798255,7272.294285714286,0.029143587117638526,Monday,False,False,39585.0
2020-01-07,atm35000347,Izmir,7225,572,618,36420,39585,1190,39585,7531.73,8134.95,7516.97,8050.0,13507.54693697,0.06970205143605845,0.1274857208485416,7402.325714285714,0.036201204585928716,Tuesday,False,False,
2020-01-01,atm35000348,Izmir,40480,565,577,36270,37455,1142,37455,7145.05,7237.35,7129.55,7225.58,1211.09527025,0.012017176999851609,0.008870365328362606,7270.584285714285,0.020341564637941383,Wednesday,False,True,40120.0
2020-01-02,atm35000348,Izmir,14910,454,648,28005,40120,1102,40120,7220.0,7224.75,6900.0,6953.17,2993.0241097,-0.03770077972979324,-0.05449860279169694,7213.330000000001,0.021516015367927903,Thursday,False,False,38315.0
2020-01-03,atm35000348,Izmir,6115,576,649,39140,38315,1225,38315,6956.64,7402.31,6853.53,7339.97,8452.87552534,0.05562930289350043,0.017669250595838237,7231.535714285715,0.03126689788469128,Friday,False,False,35135.0
2020-01-04,atm35000348,Izmir,29645,500,553,29100,35135,1053,35135,7339.97,7396.1,7247.73,7291.27,3605.74269447,-0.006634904502334504,-0.003472886609773851,7227.905714285715,0.030986226739449674,Saturday,True,False,42505.0
2020-01-05,atm35000348,Izmir,12990,464,637,29860,42505,1101,42505,7294.0,7495.0,7269.71,7430.83,2614.94778349,0.019140698396849842,0.0011897062786310197,7229.167142857143,0.031405089097976686,Sunday,True,False,40465.0
2020-01-06,atm35000348,Izmir,395,472,627,31055,40465,1099,40465,7431.63,7614.95,7310.0,7525.46,4138.11820107,0.012734781982631782,0.041792354749798255,7272.294285714286,0.029143587117638526,Monday,False,False,45250.0
2020-01-07,atm35000348,Izmir,21765,516,657,28920,45250,1173,45250,7531.73,8134.95,7516.97,8050.0,13507.54693697,0.06970205143605845,0.1274857208485416,7402.325714285714,0.036201204585928716,Tuesday,False,False,
2020-01-01,atm35000349,Izmir,28160,462,569,28380,33490,1031,33490,7145.05,7237.35,7129.55,7225.58,1211.09527025,0.012017176999851609,0.008870365328362606,7270.584285714285,0.020341564637941383,Wednesday,False,True,45535.0
2020-01-02,atm35000349,Izmir,20915,613,692,40685,45535,1305,45535,7220.0,7224.75,6900.0,6953.17,2993.0241097,-0.03770077972979324,-0.05449860279169694,7213.330000000001,0.021516015367927903,Thursday,False,False,45095.0
2020-01-03,atm35000349,Izmir,3170,508,710,31860,45095,1218,45095,6956.64,7402.31,6853.53,7339.97,8452.87552534,0.05562930289350043,0.017669250595838237,7231.535714285715,0.03126689788469128,Friday,False,False,39635.0
2020-01-04,atm35000349,Izmir,33160,572,620,36870,39635,1192,39635,7339.97,7396.1,7247.73,7291.27,3605.74269447,-0.006634904502334504,-0.003472886609773851,7227.905714285715,0.030986226739449674,Saturday,True,False,43425.0
2020-01-05,atm35000349,Izmir,6575,495,645,30915,43425,1140,43425,7294.0,7495.0,7269.71,7430.83,2614.94778349,0.019140698396849842,0.0011897062786310197,7229.167142857143,0.031405089097976686,Sunday,True,False,45735.0
2020-01-06,atm35000349,Izmir,33315,639,694,39675,45735,1333,45735,7431.63,7614.95,7310.0,7525.46,4138.11820107,0.012734781982631782,0.041792354749798255,7272.294285714286,0.029143587117638526,Monday,False,False,43260.0
2020-01-07,atm35000349,Izmir,27180,551,690,38515,43260,1241,43260,7531.73,8134.95,7516.97,8050.0,13507.54693697,0.06970205143605845,0.1274857208485416,7402.325714285714,0.036201204585928716,Tuesday,False,False,
2020-01-01,atm3500035,Izmir,27415,506,601,33090,40145,1107,40145,7145.05,7237.35,7129.55,7225.58,1211.09527025,0.012017176999851609,0.008870365328362606,7270.584285714285,0.020341564637941383,Wednesday,False,True,40165.0
2020-01-02,atm3500035,Izmir,26780,588,631,37175,40165,1219,40165,7220.0,7224.75,6900.0,6953.17,2993.0241097,-0.03770077972979324,-0.05449860279169694,7213.330000000001,0.021516015367927903,Thursday,False,False,40250.0
2020-01-03,atm3500035,Izmir,13795,579,641,37205,40250,1220,40250,6956.64,7402.31,6853.53,7339.97,8452.87552534,0.05562930289350043,0.017669250595838237,7231.535714285715,0.03126689788469128,Friday,False,False,36590.0
2020-01-04,atm3500035,Izmir,39725,437,597,27375,36590,1034,36590,7339.97,7396.1,7247.73,7291.27,3605.74269447,-0.006634904502334504,-0.003472886609773851,7227.905714285715,0.030986226739449674,Saturday,True,False,41335.0
2020-01-05,atm3500035,Izmir,23190,544,694,34105,41335,1238,41335,7294.0,7495.0,7269.71,7430.83,2614.94778349,0.019140698396849842,0.0011897062786310197,7229.167142857143,0.031405089097976686,Sunday,True,False,33505.0
2020-01-06,atm3500035,Izmir,6310,461,547,30420,33505,1008,33505,7431.63,7614.95,7310.0,7525.46,4138.11820107,0.012734781982631782,0.041792354749798255,7272.294285714286,0.029143587117638526,Monday,False,False,43330.0
2020-01-07,atm3500035,Izmir,36160,591,627,35295,43330,1218,43330,7531.73,8134.95,7516.97,8050.0,13507.54693697,0.06970205143605845,0.1274857208485416,7402.325714285714,0.036201204585928716,Tuesday,False,False,
2020-01-01,atm35000350,Izmir,27800,570,618,38940,40755,1188,40755,7145.05,7237.35,7129.55,7225.58,1211.09527025,0.012017176999851609,0.008870365328362606,7270.584285714285,0.020341564637941383,Wednesday,False,True,42350.0
2020-01-02,atm35000350,Izmir,19015,632,679,40225,42350,1311,42350,7220.0,7224.75,6900.0,6953.17,2993.0241097,-0.03770077972979324,-0.05449860279169694,7213.330000000001,0.021516015367927903,Thursday,False,False,42440.0
2020-01-03,atm35000350,Izmir,0,594,624,35205,42440,1218,42440,6956.64,7402.31,6853.53,7339.97,8452.87552534,0.05562930289350043,0.017669250595838237,7231.535714285715,0.03126689788469128,Friday,False,False,40795.0
2020-01-04,atm35000350,Izmir,31795,586,672,36555,40795,1258,40795,7339.97,7396.1,7247.73,7291.27,3605.74269447,-0.006634904502334504,-0.003472886609773851,7227.905714285715,0.030986226739449674,Saturday,True,False,37000.0
2020-01-05,atm35000350,Izmir,22865,585,588,35925,37000,1173,37000,7294.0,7495.0,7269.71,7430.83,2614.94778349,0.019140698396849842,0.0011897062786310197,7229.167142857143,0.031405089097976686,Sunday,True,False,43105.0
2020-01-06,atm35000350,Izmir,10355,594,711,39530,43105,1305,43105,7431.63,7614.95,7310.0,7525.46,4138.11820107,0.012734781982631782,0.041792354749798255,7272.294285714286,0.029143587117638526,Monday,False,False,40245.0
2020-01-07,atm35000350,Izmir,33665,494,669,34030,40245,1163,40245,7531.73,8134.95,7516.97,8050.0,13507.54693697,0.06970205143605845,0.1274857208485416,7402.325714285714,0.036201204585928716,Tuesday,False,False,
2020-01-01,atm35000351,Izmir,44155,579,621,38830,39695,1200,39695,7145.05,7237.35,7129.55,7225.58,1211.09527025,0.012017176999851609,0.008870365328362606,7270.584285714285,0.020341564637941383,Wednesday,False,True,44305.0
2020-01-02,atm35000351,Izmir,27960,508,684,33235,44305,1192,44305,7220.0,7224.75,6900.0,6953.17,2993.0241097,-0.03770077972979324,-0.05449860279169694,7213.330000000001,0.021516015367927903,Thursday,False,False,36720.0
2020-01-03,atm35000351,Izmir,16335,517,581,34845,36720,1098,36720,6956.64,7402.31,6853.53,7339.97,8452.87552534,0.05562930289350043,0.017669250595838237,7231.535714285715,0.03126689788469128,Friday,False,False,37965.0
2020-01-04,atm35000351,Izmir,4940,573,580,36215,37965,1153,37965,7339.97,7396.1,7247.73,7291.27,3605.74269447,-0.006634904502334504,-0.003472886609773851,7227.905714285715,0.030986226739449674,Saturday,True,False,38635.0
2020-01-05,atm35000351,Izmir,8295,732,611,48550,38635,1343,38635,7294.0,7495.0,7269.71,7430.83,2614.94778349,0.019140698396849842,0.0011897062786310197,7229.167142857143,0.031405089097976686,Sunday,True,False,39570.0
2020-01-06,atm35000351,Izmir,33630,487,611,30845,39570,1098,39570,7431.63,7614.95,7310.0,7525.46,4138.11820107,0.012734781982631782,0.041792354749798255,7272.294285714286,0.029143587117638526,Monday,False,False,43205.0
2020-01-07,atm35000351,Izmir,19660,597,654,40480,43205,1251,43205,7531.73,8134.95,7516.97,8050.0,13507.54693697,0.06970205143605845,0.1274857208485416,7402.325714285714,0.036201204585928716,Tuesday,False,False,
2020-01-01,atm35000352,Izmir,38480,738,692,46695,43420,1430,43420,7145.05,7237.35,7129.55,7225.58,1211.09527025,0.012017176999851609,0.008870365328362606,7270.584285714285,0.020341564637941383,Wednesday,False,True,42335.0
2020-01-02,atm35000352,Izmir,20135,450,677,29920,42335,1127,42335,7220.0,7224.75,6900.0,6953.17,2993.0241097,-0.03770077972979324,-0.05449860279169694,7213.330000000001,0.021516015367927903,Thursday,False,False,40525.0
2020-01-03,atm35000352,Izmir,2875,505,627,32045,40525,1132,40525,6956.64,7402.31,6853.53,7339.97,8452.87552534,0.05562930289350043,0.017669250595838237,7231.535714285715,0.03126689788469128,Friday,False,False,40505.0
2020-01-04,atm35000352,Izmir,31030,567,609,36330,40505,1176,40505,7339.97,7396.1,7247.73,7291.27,3605.74269447,-0.006634904502334504,-0.003472886609773851,7227.905714285715,0.030986226739449674,Saturday,True,False,41845.0
2020-01-05,atm35000352,Izmir,27940,680,624,42255,41845,1304,41845,7294.0,7495.0,7269.71,7430.83,2614.94778349,0.019140698396849842,0.0011897062786310197,7229.167142857143,0.031405089097976686,Sunday,True,False,42120.0
2020-01-06,atm35000352,Izmir,13585,593,651,36680,42120,1244,42120,7431.63,7614.95,7310.0,7525.46,4138.11820107,0.012734781982631782,0.041792354749798255,7272.294285714286,0.029143587117638526,Monday,False,False,47040.0
2020-01-07,atm35000352,Izmir,5790,644,721,43745,47040,1365,47040,7531.73,8134.95,7516.97,8050.0,13507.54693697,0.06970205143605845,0.1274857208485416,7402.325714285714,0.036201204585928716,Tuesday,False,False,
2020-01-01,atm35000353,Izmir,22850,563,729,36875,46255,1292,46255,7145.05,7237.35,7129.55,7225.58,1211.09527025,0.012017176999851609,0.008870365328362606,7270.584285714285,0.020341564637941383,Wednesday,False,True,40840.0
2020-01-02,atm35000353,Izmir,7870,504,695,30710,40840,1199,40840,7220.0,7224.75,6900.0,6953.17,2993.0241097,-0.03770077972979324,-0.05449860279169694,7213.330000000001,0.021516015367927903,Thursday,False,False,39890.0
2020-01-03,atm35000353,Izmir,4985,734,647,45895,39890,1381,39890,6956.64,7402.31,6853.53,7339.97,8452.87552534,0.05562930289350043,0.017669250595838237,7231.535714285715,0.03126689788469128,Friday,False,False,43340.0
2020-01-04,atm35000353,Izmir,38840,635,663,41065,43340,1298,43340,7339.97,7396.1,7247.73,7291.27,3605.74269447,-0.006634904502334504,-0.003472886609773851,7227.905714285715,0.030986226739449674,Saturday,True,False,41230.0
2020-01-05,atm35000353,Izmir,22365,587,597,36380,41230,1184,41230,7294.0,7495.0,7269.71,7430.83,2614.94778349,0.019140698396849842,0.0011897062786310197,7229.167142857143,0.031405089097976686,Sunday,True,False,44260.0
2020-01-06,atm35000353,Izmir,8875,483,697,29540,44260,1180,44260,7431.63,7614.95,7310.0,7525.46,4138.11820107,0.012734781982631782,0.041792354749798255,7272.294285714286,0.029143587117638526,Monday,False,False,35615.0
2020-01-07,atm35000353,Izmir,6010,541,584,33670,35615,1125,35615,7531.73,8134.95,7516.97,8050.0,13507.54693697,0.06970205143605845,0.1274857208485416,7402.325714285714,0.036201204585928716,Tuesday,False,False,
2020-01-01,atm35000354,Izmir,33015,514,670,32860,41685,1184,41685,7145.05,7237.35,7129.55,7225.58,1211.09527025,0.012017176999851609,0.008870365328362606,7270.584285714285,0.020341564637941383,Wednesday,False,True,42175.0
2020-01-02,atm35000354,Izmir,23610,547,630,36885,42175,1177,42175,7220.0,7224.75,6900.0,6953.17,2993.0241097,-0.03770077972979324,-0.05449860279169694,7213.330000000001,0.021516015367927903,Thursday,False,False,44140.0
2020-01-03,atm35000354,Izmir,9230,481,673,29405,44140,1154,44140,6956.64,7402.31,6853.53,7339.97,8452.87552534,0.05562930289350043,0.017669250595838237,7231.535714285715,0.03126689788469128,Friday,False,False,32935.0
2020-01-04,atm35000354,Izmir,12710,541,569,36115,32935,1110,32935,7339.97,7396.1,7247.73,7291.27,3605.74269447,-0.006634904502334504,-0.003472886609773851,7227.905714285715,0.030986226739449674,Saturday,True,False,38820.0
2020-01-05,atm35000354,Izmir,36740,498,595,32960,38820,1093,38820,7294.0,7495.0,7269.71,7430.83,2614.94778349,0.019140698396849842,0.0011897062786310197,7229.167142857143,0.031405089097976686,Sunday,True,False,41045.0
2020-01-06,atm35000354,Izmir,25085,641,640,40955,41045,1281,41045,7431.63,7614.95,7310.0,7525.46,4138.11820107,0.012734781982631782,0.041792354749798255,7272.294285714286,0.029143587117638526,Monday,False,False,36295.0
2020-01-07,atm35000354,Izmir,16665,599,607,36860,36295,1206,36295,7531.73,8134.95,7516.97,8050.0,13507.54693697,0.06970205143605845,0.1274857208485416,7402.325714285714,0.036201204585928716,Tuesday,False,False,
2020-01-01,atm35000355,Izmir,29935,692,707,42455,46965,1399,46965,7145.05,7237.35,7129.55,7225.58,1211.09527025,0.012017176999851609,0.008870365328362606,7270.584285714285,0.020341564637941383,Wednesday,False,True,42610.0
2020-01-02,atm35000355,Izmir,24935,589,668,40055,42610,1257,42610,7220.0,7224.75,6900.0,6953.17,2993.0241097,-0.03770077972979324,-0.05449860279169694,7213.330000000001,0.021516015367927903,Thursday,False,False,40435.0
2020-01-03,atm35000355,Izmir,20635,568,645,34570,40435,1213,40435,6956.64,7402.31,6853.53,7339.97,8452.87552534,0.05562930289350043,0.017669250595838237,7231.535714285715,0.03126689788469128,Friday,False,False,38120.0
2020-01-04,atm35000355,Izmir,14845,511,606,33380,38120,1117,38120,7339.97,7396.1,7247.73,7291.27,3605.74269447,-0.006634904502334504,-0.003472886609773851,7227.905714285715,0.030986226739449674,Saturday,True,False,41280.0
2020-01-05,atm35000355,Izmir,36375,456,643,29360,41280,1099,41280,7294.0,7495.0,7269.71,7430.83,2614.94778349,0.019140698396849842,0.0011897062786310197,7229.167142857143,0.031405089097976686,Sunday,True,False,43785.0
2020-01-06,atm35000355,Izmir,13120,497,655,31975,43785,1152,43785,7431.63,7614.95,7310.0,7525.46,4138.11820107,0.012734781982631782,0.041792354749798255,7272.294285714286,0.029143587117638526,Monday,False,False,39350.0
2020-01-07,atm35000355,Izmir,7925,561,621,33940,39350,1182,39350,7531.73,8134.95,7516.97,8050.0,13507.54693697,0.06970205143605845,0.1274857208485416,7402.325714285714,0.036201204585928716,Tuesday,False,False,
2020-01-01,atm35000356,Izmir,29225,963,1084,65945,73685,2047,73685,7145.05,7237.35,7129.55,7225.58,1211.09527025,0.012017176999851609,0.008870365328362606,7270.584285714285,0.020341564637941383,Wednesday,False,True,72615.0
2020-01-02,atm35000356,Izmir,4860,930,1088,60335,72615,2018,72615,7220.0,7224.75,6900.0,6953.17,2993.0241097,-0.03770077972979324,-0.05449860279169694,7213.330000000001,0.021516015367927903,Thursday,False,False,71120.0
2020-01-03,atm35000356,Izmir,28990,997,1080,64140,71120,2077,71120,6956.64,7402.31,6853.53,7339.97,8452.87552534,0.05562930289350043,0.017669250595838237,7231.535714285715,0.03126689788469128,Friday,False,False,68240.0
2020-01-04,atm35000356,Izmir,16225,977,1059,62390,68240,2036,68240,7339.97,7396.1,7247.73,7291.27,3605.74269447,-0.006634904502334504,-0.003472886609773851,7227.905714285715,0.030986226739449674,Saturday,True,False,63285.0
2020-01-05,atm35000356,Izmir,6415,995,1053,61075,63285,2048,63285,7294.0,7495.0,7269.71,7430.83,2614.94778349,0.019140698396849842,0.0011897062786310197,7229.167142857143,0.031405089097976686,Sunday,True,False,67090.0
2020-01-06,atm35000356,Izmir,35730,1013,1065,63105,67090,2078,67090,7431.63,7614.95,7310.0,7525.46,4138.11820107,0.012734781982631782,0.041792354749798255,7272.294285714286,0.029143587117638526,Monday,False,False,62935.0
2020-01-07,atm35000356,Izmir,25920,1013,1064,66405,62935,2077,62935,7531.73,8134.95,7516.97,8050.0,13507.54693697,0.06970205143605845,0.1274857208485416,7402.325714285714,0.036201204585928716,Tuesday,False,False,
2020-01-01,atm35000357,Izmir,36470,542,637,37795,42395,1179,42395,7145.05,7237.35,7129.55,7225.58,1211.09527025,0.012017176999851609,0.008870365328362606,7270.584285714285,0.020341564637941383,Wednesday,False,True,34735.0
2020-01-02,atm35000357,Izmir,27845,498,557,32000,34735,1055,34735,7220.0,7224.75,6900.0,6953.17,2993.0241097,-0.03770077972979324,-0.05449860279169694,7213.330000000001,0.021516015367927903,Thursday,False,False,41765.0
2020-01-03,atm35000357,Izmir,10915,562,664,32135,41765,1226,41765,6956.64,7402.31,6853.53,7339.97,8452.87552534,0.05562930289350043,0.017669250595838237,7231.535714285715,0.03126689788469128,Friday,False,False,37420.0
2020-01-04,atm35000357,Izmir,8110,506,616,32180,37420,1122,37420,7339.97,7396.1,7247.73,7291.27,3605.74269447,-0.006634904502334504,-0.003472886609773851,7227.905714285715,0.030986226739449674,Saturday,True,False,37025.0
2020-01-05,atm35000357,Izmir,44675,603,581,36745,37025,1184,37025,7294.0,7495.0,7269.71,7430.83,2614.94778349,0.019140698396849842,0.0011897062786310197,7229.167142857143,0.031405089097976686,Sunday,True,False,43630.0
2020-01-06,atm35000357,Izmir,39790,527,640,34025,43630,1167,43630,7431.63,7614.95,7310.0,7525.46,4138.11820107,0.012734781982631782,0.041792354749798255,7272.294285714286,0.029143587117638526,Monday,False,False,43865.0
2020-01-07,atm35000357,Izmir,30295,592,670,36700,43865,1262,43865,7531.73,8134.95,7516.97,8050.0,13507.54693697,0.06970205143605845,0.1274857208485416,7402.325714285714,0.036201204585928716,Tuesday,False,False,
2020-01-01,atm35000358,Izmir,26150,568,637,37900,42215,1205,42215,7145.05,7237.35,7129.55,7225.58,1211.09527025,0.012017176999851609,0.008870365328362606,7270.584285714285,0.020341564637941383,Wednesday,False,True,42805.0
2020-01-02,atm35000358,Izmir,9355,408,636,24655,42805,1044,42805,7220.0,7224.75,6900.0,6953.17,2993.0241097,-0.03770077972979324,-0.05449860279169694,7213.330000000001,0.021516015367927903,Thursday,False,False,41210.0
2020-01-03,atm35000358,Izmir,36975,531,654,32685,41210,1185,41210,6956.64,7402.31,6853.53,7339.97,8452.87552534,0.05562930289350043,0.017669250595838237,7231.535714285715,0.03126689788469128,Friday,False,False,41140.0
2020-01-04,atm35000358,Izmir,32755,587,661,35300,41140,1248,41140,7339.97,7396.1,7247.73,7291.27,3605.74269447,-0.006634904502334504,-0.003472886609773851,7227.905714285715,0.030986226739449674,Saturday,True,False,42020.0
2020-01-05,atm35000358,Izmir,14920,497,649,31440,42020,1146,42020,7294.0,7495.0,7269.71,7430.83,2614.94778349,0.019140698396849842,0.0011897062786310197,7229.167142857143,0.031405089097976686,Sunday,True,False,41215.0
2020-01-06,atm35000358,Izmir,9585,568,625,36325,41215,1193,41215,7431.63,7614.95,7310.0,7525.46,4138.11820107,0.012734781982631782,0.041792354749798255,7272.294285714286,0.029143587117638526,Monday,False,False,38330.0
2020-01-07,atm35000358,Izmir,11040,677,615,44715,38330,1292,38330,7531.73,8134.95,7516.97,8050.0,13507.54693697,0.06970205143605845,0.1274857208485416,7402.325714285714,0.036201204585928716,Tuesday,False,False,
2020-01-01,atm3500036,Izmir,44730,643,587,36980,37370,1230,37370,7145.05,7237.35,7129.55,7225.58,1211.09527025,0.012017176999851609,0.008870365328362606,7270.584285714285,0.020341564637941383,Wednesday,False,True,42495.0
2020-01-02,atm3500036,Izmir,29955,557,643,37325,42495,1200,42495,7220.0,7224.75,6900.0,6953.17,2993.0241097,-0.03770077972979324,-0.05449860279169694,7213.330000000001,0.021516015367927903,Thursday,False,False,43600.0
2020-01-03,atm3500036,Izmir,18135,504,648,31255,43600,1152,43600,6956.64,7402.31,6853.53,7339.97,8452.87552534,0.05562930289350043,0.017669250595838237,7231.535714285715,0.03126689788469128,Friday,False,False,45060.0
2020-01-04,atm3500036,Izmir,36945,568,658,37200,45060,1226,45060,7339.97,7396.1,7247.73,7291.27,3605.74269447,-0.006634904502334504,-0.003472886609773851,7227.905714285715,0.030986226739449674,Saturday,True,False,38860.0
2020-01-05,atm3500036,Izmir,28485,570,592,34125,38860,1162,38860,7294.0,7495.0,7269.71,7430.83,2614.94778349,0.019140698396849842,0.0011897062786310197,7229.167142857143,0.031405089097976686,Sunday,True,False,40305.0
2020-01-06,atm3500036,Izmir,23510,600,656,42440,40305,1256,40305,7431.63,7614.95,7310.0,7525.46,4138.11820107,0.012734781982631782,0.041792354749798255,7272.294285714286,0.029143587117638526,Monday,False,False,41295.0
2020-01-07,atm3500036,Izmir,14175,560,647,33445,41295,1207,41295,7531.73,8134.95,7516.97,8050.0,13507.54693697,0.06970205143605845,0.1274857208485416,7402.325714285714,0.036201204585928716,Tuesday,False,False,
2020-01-01,atm3500037,Izmir,21330,556,732,35820,44925,1288,44925,7145.05,7237.35,7129.55,7225.58,1211.09527025,0.012017176999851609,0.008870365328362606,7270.584285714285,0.020341564637941383,Wednesday,False,True,43935.0
2020-01-02,atm3500037,Izmir,9405,612,668,41685,43935,1280,43935,7220.0,7224.75,6900.0,6953.17,2993.0241097,-0.03770077972979324,-0.05449860279169694,7213.330000000001,0.021516015367927903,Thursday,False,False,42050.0
2020-01-03,atm3500037,Izmir,30300,505,688,32920,42050,1193,42050,6956.64,7402.31,6853.53,7339.97,8452.87552534,0.05562930289350043,0.017669250595838237,7231.535714285715,0.03126689788469128,Friday,False,False,39055.0
2020-01-04,atm3500037,Izmir,11030,540,635,36210,39055,1175,39055,7339.97,7396.1,7247.73,7291.27,3605.74269447,-0.006634904502334504,-0.003472886609773851,7227.905714285715,0.030986226739449674,Saturday,True,False,38860.0
2020-01-05,atm3500037,Izmir,37955,538,604,33750,38860,1142,38860,7294.0,7495.0,7269.71,7430.83,2614.94778349,0.019140698396849842,0.0011897062786310197,7229.167142857143,0.031405089097976686,Sunday,True,False,38755.0
2020-01-06,atm3500037,Izmir,35005,576,587,37340,38755,1163,38755,7431.63,7614.95,7310.0,7525.46,4138.11820107,0.012734781982631782,0.041792354749798255,7272.294285714286,0.029143587117638526,Monday,False,False,38390.0
2020-01-07,atm3500037,Izmir,17485,535,576,32230,38390,1111,38390,7531.73,8134.95,7516.97,8050.0,13507.54693697,0.06970205143605845,0.1274857208485416,7402.325714285714,0.036201204585928716,Tuesday,False,False,
2020-01-01,atm3500038,Izmir,35870,544,673,36745,43345,1217,43345,7145.05,7237.35,7129.55,7225.58,1211.09527025,0.012017176999851609,0.008870365328362606,7270.584285714285,0.020341564637941383,Wednesday,False,True,42595.0
2020-01-02,atm3500038,Izmir,17015,456,651,28995,42595,1107,42595,7220.0,7224.75,6900.0,6953.17,2993.0241097,-0.03770077972979324,-0.05449860279169694,7213.330000000001,0.021516015367927903,Thursday,False,False,43665.0
2020-01-03,atm3500038,Izmir,9395,577,664,37535,43665,1241,43665,6956.64,7402.31,6853.53,7339.97,8452.87552534,0.05562930289350043,0.017669250595838237,7231.535714285715,0.03126689788469128,Friday,False,False,43055.0
2020-01-04,atm3500038,Izmir,36965,521,644,34155,43055,1165,43055,7339.97,7396.1,7247.73,7291.27,3605.74269447,-0.006634904502334504,-0.003472886609773851,7227.905714285715,0.030986226739449674,Saturday,True,False,40775.0
2020-01-05,atm3500038,Izmir,19195,508,604,32495,40775,1112,40775,7294.0,7495.0,7269.71,7430.83,2614.94778349,0.019140698396849842,0.0011897062786310197,7229.167142857143,0.031405089097976686,Sunday,True,False,41670.0
2020-01-06,atm3500038,Izmir,20010,604,646,40650,41670,1250,41670,7431.63,7614.95,7310.0,7525.46,4138.11820107,0.012734781982631782,0.041792354749798255,7272.294285714286,0.029143587117638526,Monday,False,False,46085.0
2020-01-07,atm3500038,Izmir,5910,629,693,37000,46085,1322,46085,7531.73,8134.95,7516.97,8050.0,13507.54693697,0.06970205143605845,0.1274857208485416,7402.325714285714,0.036201204585928716,Tuesday,False,False,
2020-01-01,atm3500039,Izmir,32030,548,707,32580,42210,1255,42210,7145.05,7237.35,7129.55,7225.58,1211.09527025,0.012017176999851609,0.008870365328362606,7270.584285714285,0.020341564637941383,Wednesday,False,True,45960.0
2020-01-02,atm3500039,Izmir,15395,488,718,31000,45960,1206,45960,7220.0,7224.75,6900.0,6953.17,2993.0241097,-0.03770077972979324,-0.05449860279169694,7213.330000000001,0.021516015367927903,Thursday,False,False,45950.0
2020-01-03,atm3500039,Izmir,36235,505,693,31685,45950,1198,45950,6956.64,7402.31,6853.53,7339.97,8452.87552534,0.05562930289350043,0.017669250595838237,7231.535714285715,0.03126689788469128,Friday,False,False,42250.0
2020-01-04,atm3500039,Izmir,17790,529,661,36320,42250,1190,42250,7339.97,7396.1,7247.73,7291.27,3605.74269447,-0.006634904502334504,-0.003472886609773851,7227.905714285715,0.030986226739449674,Saturday,True,False,40935.0
2020-01-05,atm3500039,Izmir,18905,557,623,34210,40935,1180,40935,7294.0,7495.0,7269.71,7430.83,2614.94778349,0.019140698396849842,0.0011897062786310197,7229.167142857143,0.031405089097976686,Sunday,True,False,39205.0
2020-01-06,atm3500039,Izmir,42795,553,594,33710,39205,1147,39205,7431.63,7614.95,7310.0,7525.46,4138.11820107,0.012734781982631782,0.041792354749798255,7272.294285714286,0.029143587117638526,Monday,False,False,42745.0
2020-01-07,atm3500039,Izmir,36040,543,638,36820,42745,1181,42745,7531.73,8134.95,7516.97,8050.0,13507.54693697,0.06970205143605845,0.1274857208485416,7402.325714285714,0.036201204585928716,Tuesday,False,False,
2020-01-01,atm350004,Izmir,21440,522,647,32535,44955,1169,44955,7145.05,7237.35,7129.55,7225.58,1211.09527025,0.012017176999851609,0.008870365328362606,7270.584285714285,0.020341564637941383,Wednesday,False,True,39525.0
2020-01-02,atm350004,Izmir,37705,469,643,30280,39525,1112,39525,7220.0,7224.75,6900.0,6953.17,2993.0241097,-0.03770077972979324,-0.05449860279169694,7213.330000000001,0.021516015367927903,Thursday,False,False,46145.0
2020-01-03,atm350004,Izmir,14225,474,666,30515,46145,1140,46145,6956.64,7402.31,6853.53,7339.97,8452.87552534,0.05562930289350043,0.017669250595838237,7231.535714285715,0.03126689788469128,Friday,False,False,38205.0
2020-01-04,atm350004,Izmir,3830,596,629,38455,38205,1225,38205,7339.97,7396.1,7247.73,7291.27,3605.74269447,-0.006634904502334504,-0.003472886609773851,7227.905714285715,0.030986226739449674,Saturday,True,False,35640.0
2020-01-05,atm350004,Izmir,44095,700,571,42250,35640,1271,35640,7294.0,7495.0,7269.71,7430.83,2614.94778349,0.019140698396849842,0.0011897062786310197,7229.167142857143,0.031405089097976686,Sunday,True,False,43535.0
2020-01-06,atm350004,Izmir,23465,536,696,32850,43535,1232,43535,7431.63,7614.95,7310.0,7525.46,4138.11820107,0.012734781982631782,0.041792354749798255,7272.294285714286,0.029143587117638526,Monday,False,False,38320.0
2020-01-07,atm350004,Izmir,11170,584,635,34815,38320,1219,38320,7531.73,8134.95,7516.97,8050.0,13507.54693697,0.06970205143605845,0.1274857208485416,7402.325714285714,0.036201204585928716,Tuesday,False,False,
2020-01-01,atm3500040,Izmir,15705,565,712,35555,43565,1277,43565,7145.05,7237.35,7129.55,7225.58,1211.09527025,0.012017176999851609,0.008870365328362606,7270.584285714285,0.020341564637941383,Wednesday,False,True,36235.0
2020-01-02,atm3500040,Izmir,11860,585,590,35410,36235,1175,36235,7220.0,7224.75,6900.0,6953.17,2993.0241097,-0.03770077972979324,-0.05449860279169694,7213.330000000001,0.021516015367927903,Thursday,False,False,43205.0
2020-01-03,atm3500040,Izmir,34540,511,684,32330,43205,1195,43205,6956.64,7402.31,6853.53,7339.97,8452.87552534,0.05562930289350043,0.017669250595838237,7231.535714285715,0.03126689788469128,Friday,False,False,39980.0
2020-01-04,atm3500040,Izmir,18170,555,645,32525,39980,1200,39980,7339.97,7396.1,7247.73,7291.27,3605.74269447,-0.006634904502334504,-0.003472886609773851,7227.905714285715,0.030986226739449674,Saturday,True,False,48960.0
2020-01-05,atm3500040,Izmir,38290,544,679,31750,48960,1223,48960,7294.0,7495.0,7269.71,7430.83,2614.94778349,0.019140698396849842,0.0011897062786310197,7229.167142857143,0.031405089097976686,Sunday,True,False,39410.0
2020-01-06,atm3500040,Izmir,22690,511,661,34105,39410,1172,39410,7431.63,7614.95,7310.0,7525.46,4138.11820107,0.012734781982631782,0.041792354749798255,7272.294285714286,0.029143587117638526,Monday,False,False,40760.0
2020-01-07,atm3500040,Izmir,17070,532,641,36395,40760,1173,40760,7531.73,8134.95,7516.97,8050.0,13507.54693697,0.06970205143605845,0.1274857208485416,7402.325714285714,0.036201204585928716,Tuesday,False,False,
2020-01-01,atm3500041,Izmir,20435,505,717,31305,45540,1222,45540,7145.05,7237.35,7129.55,7225.58,1211.09527025,0.012017176999851609,0.008870365328362606,7270.584285714285,0.020341564637941383,Wednesday,False,True,35975.0
2020-01-02,atm3500041,Izmir,14800,451,601,31715,35975,1052,35975,7220.0,7224.75,6900.0,6953.17,2993.0241097,-0.03770077972979324,-0.05449860279169694,7213.330000000001,0.021516015367927903,Thursday,False,False,48695.0
2020-01-03,atm3500041,Izmir,36510,570,695,36005,48695,1265,48695,6956.64,7402.31,6853.53,7339.97,8452.87552534,0.05562930289350043,0.017669250595838237,7231.535714285715,0.03126689788469128,Friday,False,False,36475.0
2020-01-04,atm3500041,Izmir,18795,530,612,32180,36475,1142,36475,7339.97,7396.1,7247.73,7291.27,3605.74269447,-0.006634904502334504,-0.003472886609773851,7227.905714285715,0.030986226739449674,Saturday,True,False,44840.0
2020-01-05,atm3500041,Izmir,41100,560,665,38150,44840,1225,44840,7294.0,7495.0,7269.71,7430.83,2614.94778349,0.019140698396849842,0.0011897062786310197,7229.167142857143,0.031405089097976686,Sunday,True,False,41460.0
2020-01-06,atm3500041,Izmir,31175,571,672,32230,41460,1243,41460,7431.63,7614.95,7310.0,7525.46,4138.11820107,0.012734781982631782,0.041792354749798255,7272.294285714286,0.029143587117638526,Monday,False,False,40270.0
2020-01-07,atm3500041,Izmir,26835,654,673,39145,40270,1327,40270,7531.73,8134.95,7516.97,8050.0,13507.54693697,0.06970205143605845,0.1274857208485416,7402.325714285714,0.036201204585928716,Tuesday,False,False,
2020-01-01,atm3500042,Izmir,32330,482,621,31425,37930,1103,37930,7145.05,7237.35,7129.55,7225.58,1211.09527025,0.012017176999851609,0.008870365328362606,7270.584285714285,0.020341564637941383,Wednesday,False,True,42750.0
2020-01-02,atm3500042,Izmir,23115,608,664,37450,42750,1272,42750,7220.0,7224.75,6900.0,6953.17,2993.0241097,-0.03770077972979324,-0.05449860279169694,7213.330000000001,0.021516015367927903,Thursday,False,False,41870.0
2020-01-03,atm3500042,Izmir,8510,583,634,38880,41870,1217,41870,6956.64,7402.31,6853.53,7339.97,8452.87552534,0.05562930289350043,0.017669250595838237,7231.535714285715,0.03126689788469128,Friday,False,False,39665.0
2020-01-04,atm3500042,Izmir,4840,596,666,38130,39665,1262,39665,7339.97,7396.1,7247.73,7291.27,3605.74269447,-0.006634904502334504,-0.003472886609773851,7227.905714285715,0.030986226739449674,Saturday,True,False,42670.0
2020-01-05,atm3500042,Izmir,5200,643,624,44365,42670,1267,42670,7294.0,7495.0,7269.71,7430.83,2614.94778349,0.019140698396849842,0.0011897062786310197,7229.167142857143,0.031405089097976686,Sunday,True,False,37205.0
2020-01-06,atm3500042,Izmir,42515,563,610,35890,37205,1173,37205,7431.63,7614.95,7310.0,7525.46,4138.11820107,0.012734781982631782,0.041792354749798255,7272.294285714286,0.029143587117638526,Monday,False,False,50095.0
2020-01-07,atm3500042,Izmir,22340,618,716,38740,50095,1334,50095,7531.73,8134.95,7516.97,8050.0,13507.54693697,0.06970205143605845,0.1274857208485416,7402.325714285714,0.036201204585928716,Tuesday,False,False,
2020-01-01,atm3500043,Izmir,29035,531,678,35350,38515,1209,38515,7145.05,7237.35,7129.55,7225.58,1211.09527025,0.012017176999851609,0.008870365328362606,7270.584285714285,0.020341564637941383,Wednesday,False,True,44370.0
2020-01-02,atm3500043,Izmir,10775,537,668,33305,44370,1205,44370,7220.0,7224.75,6900.0,6953.17,2993.0241097,-0.03770077972979324,-0.05449860279169694,7213.330000000001,0.021516015367927903,Thursday,False,False,41310.0
2020-01-03,atm3500043,Izmir,34230,538,666,34200,41310,1204,41310,6956.64,7402.31,6853.53,7339.97,8452.87552534,0.05562930289350043,0.017669250595838237,7231.535714285715,0.03126689788469128,Friday,False,False,41155.0
2020-01-04,atm3500043,Izmir,35920,666,651,39755,41155,1317,41155,7339.97,7396.1,7247.73,7291.27,3605.74269447,-0.006634904502334504,-0.003472886609773851,7227.905714285715,0.030986226739449674,Saturday,True,False,41775.0
2020-01-05,atm3500043,Izmir,20105,440,675,27270,41775,1115,41775,7294.0,7495.0,7269.71,7430.83,2614.94778349,0.019140698396849842,0.0011897062786310197,7229.167142857143,0.031405089097976686,Sunday,True,False,34290.0
2020-01-06,atm3500043,Izmir,14320,560,589,36505,34290,1149,34290,7431.63,7614.95,7310.0,7525.46,4138.11820107,0.012734781982631782,0.041792354749798255,7272.294285714286,0.029143587117638526,Monday,False,False,39765.0
2020-01-07,atm3500043,Izmir,280,482,655,29130,39765,1137,39765,7531.73,8134.95,7516.97,8050.0,13507.54693697,0.06970205143605845,0.1274857208485416,7402.325714285714,0.036201204585928716,Tuesday,False,False,
2020-01-01,atm3500044,Izmir,30390,551,692,36590,46350,1243,46350,7145.05,7237.35,7129.55,7225.58,1211.09527025,0.012017176999851609,0.008870365328362606,7270.584285714285,0.020341564637941383,Wednesday,False,True,35485.0
2020-01-02,atm3500044,Izmir,31195,520,589,36030,35485,1109,35485,7220.0,7224.75,6900.0,6953.17,2993.0241097,-0.03770077972979324,-0.05449860279169694,7213.330000000001,0.021516015367927903,Thursday,False,False,41345.0
2020-01-03,atm3500044,Izmir,11740,517,585,34720,41345,1102,41345,6956.64,7402.31,6853.53,7339.97,8452.87552534,0.05562930289350043,0.017669250595838237,7231.535714285715,0.03126689788469128,Friday,False,False,47250.0
2020-01-04,atm3500044,Izmir,1515,588,690,35050,47250,1278,47250,7339.97,7396.1,7247.73,7291.27,3605.74269447,-0.006634904502334504,-0.003472886609773851,7227.905714285715,0.030986226739449674,Saturday,True,False,39495.0
2020-01-05,atm3500044,Izmir,27595,467,633,31205,39495,1100,39495,7294.0,7495.0,7269.71,7430.83,2614.94778349,0.019140698396849842,0.0011897062786310197,7229.167142857143,0.031405089097976686,Sunday,True,False,46935.0
2020-01-06,atm3500044,Izmir,14585,615,685,39645,46935,1300,46935,7431.63,7614.95,7310.0,7525.46,4138.11820107,0.012734781982631782,0.041792354749798255,7272.294285714286,0.029143587117638526,Monday,False,False,38470.0
2020-01-07,atm3500044,Izmir,4470,505,593,31765,38470,1098,38470,7531.73,8134.95,7516.97,8050.0,13507.54693697,0.06970205143605845,0.1274857208485416,7402.325714285714,0.036201204585928716,Tuesday,False,False,
2020-01-01,atm3500045,Izmir,44515,690,570,44735,35635,1260,35635,7145.05,7237.35,7129.55,7225.58,1211.09527025,0.012017176999851609,0.008870365328362606,7270.584285714285,0.020341564637941383,Wednesday,False,True,42660.0
2020-01-02,atm3500045,Izmir,36880,536,655,36985,42660,1191,42660,7220.0,7224.75,6900.0,6953.17,2993.0241097,-0.03770077972979324,-0.05449860279169694,7213.330000000001,0.021516015367927903,Thursday,False,False,48605.0
2020-01-03,atm3500045,Izmir,23865,607,736,38465,48605,1343,48605,6956.64,7402.31,6853.53,7339.97,8452.87552534,0.05562930289350043,0.017669250595838237,7231.535714285715,0.03126689788469128,Friday,False,False,42170.0
2020-01-04,atm3500045,Izmir,16610,578,632,37585,42170,1210,42170,7339.97,7396.1,7247.73,7291.27,3605.74269447,-0.006634904502334504,-0.003472886609773851,7227.905714285715,0.030986226739449674,Saturday,True,False,48360.0
2020-01-05,atm3500045,Izmir,0,466,739,31180,48360,1205,48360,7294.0,7495.0,7269.71,7430.83,2614.94778349,0.019140698396849842,0.0011897062786310197,7229.167142857143,0.031405089097976686,Sunday,True,False,41040.0
2020-01-06,atm3500045,Izmir,21795,572,652,35550,41040,1224,41040,7431.63,7614.95,7310.0,7525.46,4138.11820107,0.012734781982631782,0.041792354749798255,7272.294285714286,0.029143587117638526,Monday,False,False,38870.0
2020-01-07,atm3500045,Izmir,12085,511,618,30810,38870,1129,38870,7531.73,8134.95,7516.97,8050.0,13507.54693697,0.06970205143605845,0.1274857208485416,7402.325714285714,0.036201204585928716,Tuesday,False,False,
2020-01-01,atm3500046,Izmir,19380,461,693,31865,45260,1154,45260,7145.05,7237.35,7129.55,7225.58,1211.09527025,0.012017176999851609,0.008870365328362606,7270.584285714285,0.020341564637941383,Wednesday,False,True,43460.0
2020-01-02,atm3500046,Izmir,800,511,693,31940,43460,1204,43460,7220.0,7224.75,6900.0,6953.17,2993.0241097,-0.03770077972979324,-0.05449860279169694,7213.330000000001,0.021516015367927903,Thursday,False,False,42495.0
2020-01-03,atm3500046,Izmir,44425,674,649,41365,42495,1323,42495,6956.64,7402.31,6853.53,7339.97,8452.87552534,0.05562930289350043,0.017669250595838237,7231.535714285715,0.03126689788469128,Friday,False,False,35590.0
2020-01-04,atm3500046,Izmir,33615,593,577,32980,35590,1170,35590,7339.97,7396.1,7247.73,7291.27,3605.74269447,-0.006634904502334504,-0.003472886609773851,7227.905714285715,0.030986226739449674,Saturday,True,False,43790.0
2020-01-05,atm3500046,Izmir,30005,596,636,37595,43790,1232,43790,7294.0,7495.0,7269.71,7430.83,2614.94778349,0.019140698396849842,0.0011897062786310197,7229.167142857143,0.031405089097976686,Sunday,True,False,42210.0
2020-01-06,atm3500046,Izmir,7125,481,656,29690,42210,1137,42210,7431.63,7614.95,7310.0,7525.46,4138.11820107,0.012734781982631782,0.041792354749798255,7272.294285714286,0.029143587117638526,Monday,False,False,44165.0
2020-01-07,atm3500046,Izmir,31065,499,656,31455,44165,1155,44165,7531.73,8134.95,7516.97,8050.0,13507.54693697,0.06970205143605845,0.1274857208485416,7402.325714285714,0.036201204585928716,Tuesday,False,False,
2020-01-01,atm3500047,Izmir,30185,532,593,35925,41140,1125,41140,7145.05,7237.35,7129.55,7225.58,1211.09527025,0.012017176999851609,0.008870365328362606,7270.584285714285,0.020341564637941383,Wednesday,False,True,43630.0
2020-01-02,atm3500047,Izmir,15085,488,678,30830,43630,1166,43630,7220.0,7224.75,6900.0,6953.17,2993.0241097,-0.03770077972979324,-0.05449860279169694,7213.330000000001,0.021516015367927903,Thursday,False,False,42170.0
2020-01-03,atm3500047,Izmir,35430,594,641,36400,42170,1235,42170,6956.64,7402.31,6853.53,7339.97,8452.87552534,0.05562930289350043,0.017669250595838237,7231.535714285715,0.03126689788469128,Friday,False,False,40135.0
2020-01-04,atm3500047,Izmir,27785,525,663,33940,40135,1188,40135,7339.97,7396.1,7247.73,7291.27,3605.74269447,-0.006634904502334504,-0.003472886609773851,7227.905714285715,0.030986226739449674,Saturday,True,False,40510.0
2020-01-05,atm3500047,Izmir,18880,567,569,35710,40510,1136,40510,7294.0,7495.0,7269.71,7430.83,2614.94778349,0.019140698396849842,0.0011897062786310197,7229.167142857143,0.031405089097976686,Sunday,True,False,44915.0
2020-01-06,atm3500047,Izmir,34530,472,658,30780,44915,1130,44915,7431.63,7614.95,7310.0,7525.46,4138.11820107,0.012734781982631782,0.041792354749798255,7272.294285714286,0.029143587117638526,Monday,False,False,43945.0
2020-01-07,atm3500047,Izmir,21135,545,702,36240,43945,1247,43945,7531.73,8134.95,7516.97,8050.0,13507.54693697,0.06970205143605845,0.1274857208485416,7402.325714285714,0.036201204585928716,Tuesday,False,False,
2020-01-01,atm3500048,Izmir,19920,541,680,33595,43220,1221,43220,7145.05,7237.35,7129.55,7225.58,1211.09527025,0.012017176999851609,0.008870365328362606,7270.584285714285,0.020341564637941383,Wednesday,False,True,39035.0
2020-01-02,atm3500048,Izmir,22075,605,623,39070,39035,1228,39035,7220.0,7224.75,6900.0,6953.17,2993.0241097,-0.03770077972979324,-0.05449860279169694,7213.330000000001,0.021516015367927903,Thursday,False,False,37815.0
2020-01-03,atm3500048,Izmir,18665,525,613,34220,37815,1138,37815,6956.64,7402.31,6853.53,7339.97,8452.87552534,0.05562930289350043,0.017669250595838237,7231.535714285715,0.03126689788469128,Friday,False,False,42490.0
2020-01-04,atm3500048,Izmir,11030,563,683,35505,42490,1246,42490,7339.97,7396.1,7247.73,7291.27,3605.74269447,-0.006634904502334504,-0.003472886609773851,7227.905714285715,0.030986226739449674,Saturday,True,False,44950.0
2020-01-05,atm3500048,Izmir,36920,596,710,36905,44950,1306,44950,7294.0,7495.0,7269.71,7430.83,2614.94778349,0.019140698396849842,0.0011897062786310197,7229.167142857143,0.031405089097976686,Sunday,True,False,38430.0
2020-01-06,atm3500048,Izmir,30940,568,602,37630,38430,1170,38430,7431.63,7614.95,7310.0,7525.46,4138.11820107,0.012734781982631782,0.041792354749798255,7272.294285714286,0.029143587117638526,Monday,False,False,42235.0
2020-01-07,atm3500048,Izmir,27490,651,657,43160,42235,1308,42235,7531.73,8134.95,7516.97,8050.0,13507.54693697,0.06970205143605845,0.1274857208485416,7402.325714285714,0.036201204585928716,Tuesday,False,False,
2020-01-01,atm3500049,Izmir,13585,516,693,30635,46050,1209,46050,7145.05,7237.35,7129.55,7225.58,1211.09527025,0.012017176999851609,0.008870365328362606,7270.584285714285,0.020341564637941383,Wednesday,False,True,41570.0
2020-01-02,atm3500049,Izmir,37560,637,640,43100,41570,1277,41570,7220.0,7224.75,6900.0,6953.17,2993.0241097,-0.03770077972979324,-0.05449860279169694,7213.330000000001,0.021516015367927903,Thursday,False,False,46335.0
2020-01-03,atm3500049,Izmir,18250,650,711,41660,46335,1361,46335,6956.64,7402.31,6853.53,7339.97,8452.87552534,0.05562930289350043,0.017669250595838237,7231.535714285715,0.03126689788469128,Friday,False,False,39115.0
2020-01-04,atm3500049,Izmir,3930,530,609,35380,39115,1139,39115,7339.97,7396.1,7247.73,7291.27,3605.74269447,-0.006634904502334504,-0.003472886609773851,7227.905714285715,0.030986226739449674,Saturday,True,False,40950.0
2020-01-05,atm3500049,Izmir,37490,528,617,35535,40950,1145,40950,7294.0,7495.0,7269.71,7430.83,2614.94778349,0.019140698396849842,0.0011897062786310197,7229.167142857143,0.031405089097976686,Sunday,True,False,41335.0
2020-01-06,atm3500049,Izmir,24700,566,617,38510,41335,1183,41335,7431.63,7614.95,7310.0,7525.46,4138.11820107,0.012734781982631782,0.041792354749798255,7272.294285714286,0.029143587117638526,Monday,False,False,40290.0
2020-01-07,atm3500049,Izmir,19510,601,656,37525,40290,1257,40290,7531.73,8134.95,7516.97,8050.0,13507.54693697,0.06970205143605845,0.1274857208485416,7402.325714285714,0.036201204585928716,Tuesday,False,False,
2020-01-01,atm350005,Izmir,35945,542,645,37365,42400,1187,42400,7145.05,7237.35,7129.55,7225.58,1211.09527025,0.012017176999851609,0.008870365328362606,7270.584285714285,0.020341564637941383,Wednesday,False,True,46590.0
2020-01-02,atm350005,Izmir,26195,601,731,39605,46590,1332,46590,7220.0,7224.75,6900.0,6953.17,2993.0241097,-0.03770077972979324,-0.05449860279169694,7213.330000000001,0.021516015367927903,Thursday,False,False,39530.0
2020-01-03,atm350005,Izmir,21385,554,631,36725,39530,1185,39530,6956.64,7402.31,6853.53,7339.97,8452.87552534,0.05562930289350043,0.017669250595838237,7231.535714285715,0.03126689788469128,Friday,False,False,38225.0
2020-01-04,atm350005,Izmir,11930,514,611,33940,38225,1125,38225,7339.97,7396.1,7247.73,7291.27,3605.74269447,-0.006634904502334504,-0.003472886609773851,7227.905714285715,0.030986226739449674,Saturday,True,False,41165.0
2020-01-05,atm350005,Izmir,2205,601,600,39765,41165,1201,41165,7294.0,7495.0,7269.71,7430.83,2614.94778349,0.019140698396849842,0.0011897062786310197,7229.167142857143,0.031405089097976686,Sunday,True,False,42235.0
2020-01-06,atm350005,Izmir,34030,557,624,34390,42235,1181,42235,7431.63,7614.95,7310.0,7525.46,4138.11820107,0.012734781982631782,0.041792354749798255,7272.294285714286,0.029143587117638526,Monday,False,False,40745.0
2020-01-07,atm350005,Izmir,22140,515,608,35140,40745,1123,40745,7531.73,8134.95,7516.97,8050.0,13507.54693697,0.06970205143605845,0.1274857208485416,7402.325714285714,0.036201204585928716,Tuesday,False,False,
2020-01-01,atm3500050,Izmir,15735,418,658,27695,45485,1076,45485,7145.05,7237.35,7129.55,7225.58,1211.09527025,0.012017176999851609,0.008870365328362606,7270.584285714285,0.020341564637941383,Wednesday,False,True,43825.0
2020-01-02,atm3500050,Izmir,40940,554,633,35290,43825,1187,43825,7220.0,7224.75,6900.0,6953.17,2993.0241097,-0.03770077972979324,-0.05449860279169694,7213.330000000001,0.021516015367927903,Thursday,False,False,44325.0
2020-01-03,atm3500050,Izmir,20165,579,689,38835,44325,1268,44325,6956.64,7402.31,6853.53,7339.97,8452.87552534,0.05562930289350043,0.017669250595838237,7231.535714285715,0.03126689788469128,Friday,False,False,42530.0
2020-01-04,atm3500050,Izmir,10650,566,636,35320,42530,1202,42530,7339.97,7396.1,7247.73,7291.27,3605.74269447,-0.006634904502334504,-0.003472886609773851,7227.905714285715,0.030986226739449674,Saturday,True,False,34470.0
2020-01-05,atm3500050,Izmir,8525,450,560,29965,34470,1010,34470,7294.0,7495.0,7269.71,7430.83,2614.94778349,0.019140698396849842,0.0011897062786310197,7229.167142857143,0.031405089097976686,Sunday,True,False,40280.0
2020-01-06,atm3500050,Izmir,41845,537,692,31585,40280,1229,40280,7431.63,7614.95,7310.0,7525.46,4138.11820107,0.012734781982631782,0.041792354749798255,7272.294285714286,0.029143587117638526,Monday,False,False,39675.0
2020-01-07,atm3500050,Izmir,25250,497,624,33810,39675,1121,39675,7531.73,8134.95,7516.97,8050.0,13507.54693697,0.06970205143605845,0.1274857208485416,7402.325714285714,0.036201204585928716,Tuesday,False,False,
2020-01-01,atm3500051,Izmir,34525,659,666,43600,42255,1325,42255,7145.05,7237.35,7129.55,7225.58,1211.09527025,0.012017176999851609,0.008870365328362606,7270.584285714285,0.020341564637941383,Wednesday,False,True,36040.0
2020-01-02,atm3500051,Izmir,29010,611,592,38780,36040,1203,36040,7220.0,7224.75,6900.0,6953.17,2993.0241097,-0.03770077972979324,-0.05449860279169694,7213.330000000001,0.021516015367927903,Thursday,False,False,36140.0
2020-01-03,atm3500051,Izmir,11695,508,577,29525,36140,1085,36140,6956.64,7402.31,6853.53,7339.97,8452.87552534,0.05562930289350043,0.017669250595838237,7231.535714285715,0.03126689788469128,Friday,False,False,47140.0
2020-01-04,atm3500051,Izmir,35435,505,726,32065,47140,1231,47140,7339.97,7396.1,7247.73,7291.27,3605.74269447,-0.006634904502334504,-0.003472886609773851,7227.905714285715,0.030986226739449674,Saturday,True,False,36390.0
2020-01-05,atm3500051,Izmir,27265,522,576,33865,36390,1098,36390,7294.0,7495.0,7269.71,7430.83,2614.94778349,0.019140698396849842,0.0011897062786310197,7229.167142857143,0.031405089097976686,Sunday,True,False,40100.0
2020-01-06,atm3500051,Izmir,26385,555,634,37920,40100,1189,40100,7431.63,7614.95,7310.0,7525.46,4138.11820107,0.012734781982631782,0.041792354749798255,7272.294285714286,0.029143587117638526,Monday,False,False,38210.0
2020-01-07,atm3500051,Izmir,26620,605,636,40030,38210,1241,38210,7531.73,8134.95,7516.97,8050.0,13507.54693697,0.06970205143605845,0.1274857208485416,7402.325714285714,0.036201204585928716,Tuesday,False,False,
2020-01-01,atm3500052,Izmir,31515,567,599,35435,39320,1166,39320,7145.05,7237.35,7129.55,7225.58,1211.09527025,0.012017176999851609,0.008870365328362606,7270.584285714285,0.020341564637941383,Wednesday,False,True,37620.0
2020-01-02,atm3500052,Izmir,29350,581,593,38195,37620,1174,37620,7220.0,7224.75,6900.0,6953.17,2993.0241097,-0.03770077972979324,-0.05449860279169694,7213.330000000001,0.021516015367927903,Thursday,False,False,39695.0
2020-01-03,atm3500052,Izmir,21740,629,608,39825,39695,1237,39695,6956.64,7402.31,6853.53,7339.97,8452.87552534,0.05562930289350043,0.017669250595838237,7231.535714285715,0.03126689788469128,Friday,False,False,44410.0
2020-01-04,atm3500052,Izmir,2180,440,676,26560,44410,1116,44410,7339.97,7396.1,7247.73,7291.27,3605.74269447,-0.006634904502334504,-0.003472886609773851,7227.905714285715,0.030986226739449674,Saturday,True,False,34295.0
2020-01-05,atm3500052,Izmir,41945,492,562,31970,34295,1054,34295,7294.0,7495.0,7269.71,7430.83,2614.94778349,0.019140698396849842,0.0011897062786310197,7229.167142857143,0.031405089097976686,Sunday,True,False,42095.0
2020-01-06,atm3500052,Izmir,21365,596,665,39070,42095,1261,42095,7431.63,7614.95,7310.0,7525.46,4138.11820107,0.012734781982631782,0.041792354749798255,7272.294285714286,0.029143587117638526,Monday,False,False,45875.0
2020-01-07,atm3500052,Izmir,38960,555,712,37245,45875,1267,45875,7531.73,8134.95,7516.97,8050.0,13507.54693697,0.06970205143605845,0.1274857208485416,7402.325714285714,0.036201204585928716,Tuesday,False,False,
2020-01-01,atm3500053,Izmir,22180,490,702,32255,43485,1192,43485,7145.05,7237.35,7129.55,7225.58,1211.09527025,0.012017176999851609,0.008870365328362606,7270.584285714285,0.020341564637941383,Wednesday,False,True,41355.0
2020-01-02,atm3500053,Izmir,14570,538,673,33260,41355,1211,41355,7220.0,7224.75,6900.0,6953.17,2993.0241097,-0.03770077972979324,-0.05449860279169694,7213.330000000001,0.021516015367927903,Thursday,False,False,43220.0
2020-01-03,atm3500053,Izmir,1670,491,641,32915,43220,1132,43220,6956.64,7402.31,6853.53,7339.97,8452.87552534,0.05562930289350043,0.017669250595838237,7231.535714285715,0.03126689788469128,Friday,False,False,41305.0
2020-01-04,atm3500053,Izmir,36320,522,634,34795,41305,1156,41305,7339.97,7396.1,7247.73,7291.27,3605.74269447,-0.006634904502334504,-0.003472886609773851,7227.905714285715,0.030986226739449674,Saturday,True,False,43060.0
2020-01-05,atm3500053,Izmir,29505,583,614,43310,43060,1197,43060,7294.0,7495.0,7269.71,7430.83,2614.94778349,0.019140698396849842,0.0011897062786310197,7229.167142857143,0.031405089097976686,Sunday,True,False,40620.0
2020-01-06,atm3500053,Izmir,13110,562,648,34690,40620,1210,40620,7431.63,7614.95,7310.0,7525.46,4138.11820107,0.012734781982631782,0.041792354749798255,7272.294285714286,0.029143587117638526,Monday,False,False,35835.0
2020-01-07,atm3500053,Izmir,10325,563,610,34375,35835,1173,35835,7531.73,8134.95,7516.97,8050.0,13507.54693697,0.06970205143605845,0.1274857208485416,7402.325714285714,0.036201204585928716,Tuesday,False,False,
2020-01-01,atm3500054,Izmir,35450,512,646,34320,41795,1158,41795,7145.05,7237.35,7129.55,7225.58,1211.09527025,0.012017176999851609,0.008870365328362606,7270.584285714285,0.020341564637941383,Wednesday,False,True,40695.0
2020-01-02,atm3500054,Izmir,23385,598,650,39090,40695,1248,40695,7220.0,7224.75,6900.0,6953.17,2993.0241097,-0.03770077972979324,-0.05449860279169694,7213.330000000001,0.021516015367927903,Thursday,False,False,46285.0
2020-01-03,atm3500054,Izmir,0,535,676,37245,46285,1211,46285,6956.64,7402.31,6853.53,7339.97,8452.87552534,0.05562930289350043,0.017669250595838237,7231.535714285715,0.03126689788469128,Friday,False,False,40025.0
2020-01-04,atm3500054,Izmir,46775,719,586,45110,40025,1305,40025,7339.97,7396.1,7247.73,7291.27,3605.74269447,-0.006634904502334504,-0.003472886609773851,7227.905714285715,0.030986226739449674,Saturday,True,False,46860.0
2020-01-05,atm3500054,Izmir,27530,528,704,36000,46860,1232,46860,7294.0,7495.0,7269.71,7430.83,2614.94778349,0.019140698396849842,0.0011897062786310197,7229.167142857143,0.031405089097976686,Sunday,True,False,39125.0
2020-01-06,atm3500054,Izmir,20980,524,652,32445,39125,1176,39125,7431.63,7614.95,7310.0,7525.46,4138.11820107,0.012734781982631782,0.041792354749798255,7272.294285714286,0.029143587117638526,Monday,False,False,40795.0
2020-01-07,atm3500054,Izmir,7390,658,652,43600,40795,1310,40795,7531.73,8134.95,7516.97,8050.0,13507.54693697,0.06970205143605845,0.1274857208485416,7402.325714285714,0.036201204585928716,Tuesday,False,False,
2020-01-01,atm3500055,Izmir,37335,607,651,39065,40135,1258,40135,7145.05,7237.35,7129.55,7225.58,1211.09527025,0.012017176999851609,0.008870365328362606,7270.584285714285,0.020341564637941383,Wednesday,False,True,34545.0
2020-01-02,atm3500055,Izmir,29205,569,555,34355,34545,1124,34545,7220.0,7224.75,6900.0,6953.17,2993.0241097,-0.03770077972979324,-0.05449860279169694,7213.330000000001,0.021516015367927903,Thursday,False,False,43790.0
2020-01-03,atm3500055,Izmir,12650,518,666,34380,43790,1184,43790,6956.64,7402.31,6853.53,7339.97,8452.87552534,0.05562930289350043,0.017669250595838237,7231.535714285715,0.03126689788469128,Friday,False,False,37205.0
2020-01-04,atm3500055,Izmir,6680,532,612,33695,37205,1144,37205,7339.97,7396.1,7247.73,7291.27,3605.74269447,-0.006634904502334504,-0.003472886609773851,7227.905714285715,0.030986226739449674,Saturday,True,False,40690.0
2020-01-05,atm3500055,Izmir,28080,531,631,34605,40690,1162,40690,7294.0,7495.0,7269.71,7430.83,2614.94778349,0.019140698396849842,0.0011897062786310197,7229.167142857143,0.031405089097976686,Sunday,True,False,43025.0
2020-01-06,atm3500055,Izmir,17320,575,676,38435,43025,1251,43025,7431.63,7614.95,7310.0,7525.46,4138.11820107,0.012734781982631782,0.041792354749798255,7272.294285714286,0.029143587117638526,Monday,False,False,42935.0
2020-01-07,atm3500055,Izmir,4910,528,654,36395,42935,1182,42935,7531.73,8134.95,7516.97,8050.0,13507.54693697,0.06970205143605845,0.1274857208485416,7402.325714285714,0.036201204585928716,Tuesday,False,False,
2020-01-01,atm3500056,Izmir,29900,917,1078,62615,69475,1995,69475,7145.05,7237.35,7129.55,7225.58,1211.09527025,0.012017176999851609,0.008870365328362606,7270.584285714285,0.020341564637941383,Wednesday,False,True,69345.0
2020-01-02,atm3500056,Izmir,12995,978,1103,59740,69345,2081,69345,7220.0,7224.75,6900.0,6953.17,2993.0241097,-0.03770077972979324,-0.05449860279169694,7213.330000000001,0.021516015367927903,Thursday,False,False,69290.0
2020-01-03,atm3500056,Izmir,6550,961,1087,63010,69290,2048,69290,6956.64,7402.31,6853.53,7339.97,8452.87552534,0.05562930289350043,0.017669250595838237,7231.535714285715,0.03126689788469128,Friday,False,False,70130.0
2020-01-04,atm3500056,Izmir,33290,991,1070,62060,70130,2061,70130,7339.97,7396.1,7247.73,7291.27,3605.74269447,-0.006634904502334504,-0.003472886609773851,7227.905714285715,0.030986226739449674,Saturday,True,False,62430.0
2020-01-05,atm3500056,Izmir,25010,963,1071,61040,62430,2034,62430,7294.0,7495.0,7269.71,7430.83,2614.94778349,0.019140698396849842,0.0011897062786310197,7229.167142857143,0.031405089097976686,Sunday,True,False,72385.0
2020-01-06,atm3500056,Izmir,8740,956,1083,60885,72385,2039,72385,7431.63,7614.95,7310.0,7525.46,4138.11820107,0.012734781982631782,0.041792354749798255,7272.294285714286,0.029143587117638526,Monday,False,False,70530.0
2020-01-07,atm3500056,Izmir,29610,1036,1093,62240,70530,2129,70530,7531.73,8134.95,7516.97,8050.0,13507.54693697,0.06970205143605845,0.1274857208485416,7402.325714285714,0.036201204585928716,Tuesday,False,False,
2020-01-01,atm3500057,Izmir,27785,557,606,36380,40605,1163,40605,7145.05,7237.35,7129.55,7225.58,1211.09527025,0.012017176999851609,0.008870365328362606,7270.584285714285,0.020341564637941383,Wednesday,False,True,42175.0
2020-01-02,atm3500057,Izmir,16270,547,665,31545,42175,1212,42175,7220.0,7224.75,6900.0,6953.17,2993.0241097,-0.03770077972979324,-0.05449860279169694,7213.330000000001,0.021516015367927903,Thursday,False,False,36135.0
2020-01-03,atm3500057,Izmir,15795,630,581,41250,36135,1211,36135,6956.64,7402.31,6853.53,7339.97,8452.87552534,0.05562930289350043,0.017669250595838237,7231.535714285715,0.03126689788469128,Friday,False,False,44860.0
2020-01-04,atm3500057,Izmir,44070,647,681,43310,44860,1328,44860,7339.97,7396.1,7247.73,7291.27,3605.74269447,-0.006634904502334504,-0.003472886609773851,7227.905714285715,0.030986226739449674,Saturday,True,False,38095.0
2020-01-05,atm3500057,Izmir,24750,504,607,31225,38095,1111,38095,7294.0,7495.0,7269.71,7430.83,2614.94778349,0.019140698396849842,0.0011897062786310197,7229.167142857143,0.031405089097976686,Sunday,True,False,39780.0
2020-01-06,atm3500057,Izmir,15965,610,667,37770,39780,1277,39780,7431.63,7614.95,7310.0,7525.46,4138.11820107,0.012734781982631782,0.041792354749798255,7272.294285714286,0.029143587117638526,Monday,False,False,43650.0
2020-01-07,atm3500057,Izmir,4850,534,685,31145,43650,1219,43650,7531.73,8134.95,7516.97,8050.0,13507.54693697,0.06970205143605845,0.1274857208485416,7402.325714285714,0.036201204585928716,Tuesday,False,False,
2020-01-01,atm3500058,Izmir,23800,589,618,36075,39515,1207,39515,7145.05,7237.35,7129.55,7225.58,1211.09527025,0.012017176999851609,0.008870365328362606,7270.584285714285,0.020341564637941383,Wednesday,False,True,40805.0
2020-01-02,atm3500058,Izmir,10230,614,635,37680,40805,1249,40805,7220.0,7224.75,6900.0,6953.17,2993.0241097,-0.03770077972979324,-0.05449860279169694,7213.330000000001,0.021516015367927903,Thursday,False,False,42980.0
2020-01-03,atm3500058,Izmir,210,539,665,32245,42980,1204,42980,6956.64,7402.31,6853.53,7339.97,8452.87552534,0.05562930289350043,0.017669250595838237,7231.535714285715,0.03126689788469128,Friday,False,False,42760.0
2020-01-04,atm3500058,Izmir,29665,551,658,34230,42760,1209,42760,7339.97,7396.1,7247.73,7291.27,3605.74269447,-0.006634904502334504,-0.003472886609773851,7227.905714285715,0.030986226739449674,Saturday,True,False,35720.0
2020-01-05,atm3500058,Izmir,21610,492,574,31105,35720,1066,35720,7294.0,7495.0,7269.71,7430.83,2614.94778349,0.019140698396849842,0.0011897062786310197,7229.167142857143,0.031405089097976686,Sunday,True,False,45775.0
2020-01-06,atm3500058,Izmir,310,526,717,35155,45775,1243,45775,7431.63,7614.95,7310.0,7525.46,4138.11820107,0.012734781982631782,0.041792354749798255,7272.294285714286,0.029143587117638526,Monday,False,False,41925.0
2020-01-07,atm3500058,Izmir,29245,532,632,32530,41925,1164,41925,7531.73,8134.95,7516.97,8050.0,13507.54693697,0.06970205143605845,0.1274857208485416,7402.325714285714,0.036201204585928716,Tuesday,False,False,
2020-01-01,atm3500059,Izmir,44130,596,635,41045,39905,1231,39905,7145.05,7237.35,7129.55,7225.58,1211.09527025,0.012017176999851609,0.008870365328362606,7270.584285714285,0.020341564637941383,Wednesday,False,True,41470.0
2020-01-02,atm3500059,Izmir,36845,552,623,36290,41470,1175,41470,7220.0,7224.75,6900.0,6953.17,2993.0241097,-0.03770077972979324,-0.05449860279169694,7213.330000000001,0.021516015367927903,Thursday,False,False,43025.0
2020-01-03,atm3500059,Izmir,23120,496,637,33220,43025,1133,43025,6956.64,7402.31,6853.53,7339.97,8452.87552534,0.05562930289350043,0.017669250595838237,7231.535714285715,0.03126689788469128,Friday,False,False,38150.0
2020-01-04,atm3500059,Izmir,7315,538,625,36610,38150,1163,38150,7339.97,7396.1,7247.73,7291.27,3605.74269447,-0.006634904502334504,-0.003472886609773851,7227.905714285715,0.030986226739449674,Saturday,True,False,38120.0
2020-01-05,atm3500059,Izmir,43705,564,624,34805,38120,1188,38120,7294.0,7495.0,7269.71,7430.83,2614.94778349,0.019140698396849842,0.0011897062786310197,7229.167142857143,0.031405089097976686,Sunday,True,False,43060.0
2020-01-06,atm3500059,Izmir,30675,537,609,36830,43060,1146,43060,7431.63,7614.95,7310.0,7525.46,4138.11820107,0.012734781982631782,0.041792354749798255,7272.294285714286,0.029143587117638526,Monday,False,False,39000.0
2020-01-07,atm3500059,Izmir,20210,508,613,33190,39000,1121,39000,7531.73,8134.95,7516.97,8050.0,13507.54693697,0.06970205143605845,0.1274857208485416,7402.325714285714,0.036201204585928716,Tuesday,False,False,
2020-01-01,atm350006,Izmir,20760,531,678,32625,43075,1209,43075,7145.05,7237.35,7129.55,7225.58,1211.09527025,0.012017176999851609,0.008870365328362606,7270.584285714285,0.020341564637941383,Wednesday,False,True,34910.0
2020-01-02,atm350006,Izmir,10645,448,573,27905,34910,1021,34910,7220.0,7224.75,6900.0,6953.17,2993.0241097,-0.03770077972979324,-0.05449860279169694,7213.330000000001,0.021516015367927903,Thursday,False,False,43885.0
2020-01-03,atm350006,Izmir,26425,554,663,35785,43885,1217,43885,6956.64,7402.31,6853.53,7339.97,8452.87552534,0.05562930289350043,0.017669250595838237,7231.535714285715,0.03126689788469128,Friday,False,False,45620.0
2020-01-04,atm350006,Izmir,9990,589,721,37665,45620,1310,45620,7339.97,7396.1,7247.73,7291.27,3605.74269447,-0.006634904502334504,-0.003472886609773851,7227.905714285715,0.030986226739449674,Saturday,True,False,40440.0
2020-01-05,atm350006,Izmir,41665,630,655,39930,40440,1285,40440,7294.0,7495.0,7269.71,7430.83,2614.94778349,0.019140698396849842,0.0011897062786310197,7229.167142857143,0.031405089097976686,Sunday,True,False,41805.0
2020-01-06,atm350006,Izmir,33065,472,672,27485,41805,1144,41805,7431.63,7614.95,7310.0,7525.46,4138.11820107,0.012734781982631782,0.041792354749798255,7272.294285714286,0.029143587117638526,Monday,False,False,48560.0
2020-01-07,atm350006,Izmir,8415,633,732,39545,48560,1365,48560,7531.73,8134.95,7516.97,8050.0,13507.54693697,0.06970205143605845,0.1274857208485416,7402.325714285714,0.036201204585928716,Tuesday,False,False,
2020-01-01,atm3500060,Izmir,27230,615,673,38715,43220,1288,43220,7145.05,7237.35,7129.55,7225.58,1211.09527025,0.012017176999851609,0.008870365328362606,7270.584285714285,0.020341564637941383,Wednesday,False,True,41945.0
2020-01-02,atm3500060,Izmir,22260,675,651,45065,41945,1326,41945,7220.0,7224.75,6900.0,6953.17,2993.0241097,-0.03770077972979324,-0.05449860279169694,7213.330000000001,0.021516015367927903,Thursday,False,False,45785.0
2020-01-03,atm3500060,Izmir,14775,551,694,36330,45785,1245,45785,6956.64,7402.31,6853.53,7339.97,8452.87552534,0.05562930289350043,0.017669250595838237,7231.535714285715,0.03126689788469128,Friday,False,False,40005.0
2020-01-04,atm3500060,Izmir,3640,607,589,36435,40005,1196,40005,7339.97,7396.1,7247.73,7291.27,3605.74269447,-0.006634904502334504,-0.003472886609773851,7227.905714285715,0.030986226739449674,Saturday,True,False,42870.0
2020-01-05,atm3500060,Izmir,19670,513,628,30455,42870,1141,42870,7294.0,7495.0,7269.71,7430.83,2614.94778349,0.019140698396849842,0.0011897062786310197,7229.167142857143,0.031405089097976686,Sunday,True,False,38905.0
2020-01-06,atm3500060,Izmir,18880,599,594,38580,38905,1193,38905,7431.63,7614.95,7310.0,7525.46,4138.11820107,0.012734781982631782,0.041792354749798255,7272.294285714286,0.029143587117638526,Monday,False,False,41250.0
2020-01-07,atm3500060,Izmir,9615,529,670,34680,41250,1199,41250,7531.73,8134.95,7516.97,8050.0,13507.54693697,0.06970205143605845,0.1274857208485416,7402.325714285714,0.036201204585928716,Tuesday,False,False,
2020-01-01,atm3500061,Izmir,30235,529,611,33785,37705,1140,37705,7145.05,7237.35,7129.55,7225.58,1211.09527025,0.012017176999851609,0.008870365328362606,7270.584285714285,0.020341564637941383,Wednesday,False,True,37165.0
2020-01-02,atm3500061,Izmir,18265,554,573,34825,37165,1127,37165,7220.0,7224.75,6900.0,6953.17,2993.0241097,-0.03770077972979324,-0.05449860279169694,7213.330000000001,0.021516015367927903,Thursday,False,False,45725.0
2020-01-03,atm3500061,Izmir,11690,569,730,34825,45725,1299,45725,6956.64,7402.31,6853.53,7339.97,8452.87552534,0.05562930289350043,0.017669250595838237,7231.535714285715,0.03126689788469128,Friday,False,False,37695.0
2020-01-04,atm3500061,Izmir,22310,643,636,44205,37695,1279,37695,7339.97,7396.1,7247.73,7291.27,3605.74269447,-0.006634904502334504,-0.003472886609773851,7227.905714285715,0.030986226739449674,Saturday,True,False,45410.0
2020-01-05,atm3500061,Izmir,3870,445,702,28575,45410,1147,45410,7294.0,7495.0,7269.71,7430.83,2614.94778349,0.019140698396849842,0.0011897062786310197,7229.167142857143,0.031405089097976686,Sunday,True,False,44965.0
2020-01-06,atm3500061,Izmir,17030,492,690,30990,44965,1182,44965,7431.63,7614.95,7310.0,7525.46,4138.11820107,0.012734781982631782,0.041792354749798255,7272.294285714286,0.029143587117638526,Monday,False,False,45830.0
2020-01-07,atm3500061,Izmir,12790,649,719,42355,45830,1368,45830,7531.73,8134.95,7516.97,8050.0,13507.54693697,0.06970205143605845,0.1274857208485416,7402.325714285714,0.036201204585928716,Tuesday,False,False,
2020-01-01,atm3500062,Izmir,19875,505,671,31830,40655,1176,40655,7145.05,7237.35,7129.55,7225.58,1211.09527025,0.012017176999851609,0.008870365328362606,7270.584285714285,0.020341564637941383,Wednesday,False,True,44485.0
2020-01-02,atm3500062,Izmir,5400,566,706,34105,44485,1272,44485,7220.0,7224.75,6900.0,6953.17,2993.0241097,-0.03770077972979324,-0.05449860279169694,7213.330000000001,0.021516015367927903,Thursday,False,False,39440.0
2020-01-03,atm3500062,Izmir,33495,581,642,35965,39440,1223,39440,6956.64,7402.31,6853.53,7339.97,8452.87552534,0.05562930289350043,0.017669250595838237,7231.535714285715,0.03126689788469128,Friday,False,False,42750.0
2020-01-04,atm3500062,Izmir,27860,606,658,39505,42750,1264,42750,7339.97,7396.1,7247.73,7291.27,3605.74269447,-0.006634904502334504,-0.003472886609773851,7227.905714285715,0.030986226739449674,Saturday,True,False,39740.0
2020-01-05,atm3500062,Izmir,18435,550,628,35120,39740,1178,39740,7294.0,7495.0,7269.71,7430.83,2614.94778349,0.019140698396849842,0.0011897062786310197,7229.167142857143,0.031405089097976686,Sunday,True,False,40250.0
2020-01-06,atm3500062,Izmir,6855,673,606,41965,40250,1279,40250,7431.63,7614.95,7310.0,7525.46,4138.11820107,0.012734781982631782,0.041792354749798255,7272.294285714286,0.029143587117638526,Monday,False,False,46630.0
2020-01-07,atm3500062,Izmir,35415,501,744,32170,46630,1245,46630,7531.73,8134.95,7516.97,8050.0,13507.54693697,0.06970205143605845,0.1274857208485416,7402.325714285714,0.036201204585928716,Tuesday,False,False,
2020-01-01,atm3500063,Izmir,43920,571,660,38035,42025,1231,42025,7145.05,7237.35,7129.55,7225.58,1211.09527025,0.012017176999851609,0.008870365328362606,7270.584285714285,0.020341564637941383,Wednesday,False,True,46365.0
2020-01-02,atm3500063,Izmir,20400,512,687,32195,46365,1199,46365,7220.0,7224.75,6900.0,6953.17,2993.0241097,-0.03770077972979324,-0.05449860279169694,7213.330000000001,0.021516015367927903,Thursday,False,False,47090.0
2020-01-03,atm3500063,Izmir,10675,617,704,41390,47090,1321,47090,6956.64,7402.31,6853.53,7339.97,8452.87552534,0.05562930289350043,0.017669250595838237,7231.535714285715,0.03126689788469128,Friday,False,False,37630.0
2020-01-04,atm3500063,Izmir,41415,612,578,36590,37630,1190,37630,7339.97,7396.1,7247.73,7291.27,3605.74269447,-0.006634904502334504,-0.003472886609773851,7227.905714285715,0.030986226739449674,Saturday,True,False,44240.0
2020-01-05,atm3500063,Izmir,33825,621,686,39760,44240,1307,44240,7294.0,7495.0,7269.71,7430.83,2614.94778349,0.019140698396849842,0.0011897062786310197,7229.167142857143,0.031405089097976686,Sunday,True,False,39000.0
2020-01-06,atm3500063,Izmir,29455,670,624,42120,39000,1294,39000,7431.63,7614.95,7310.0,7525.46,4138.11820107,0.012734781982631782,0.041792354749798255,7272.294285714286,0.029143587117638526,Monday,False,False,41180.0
2020-01-07,atm3500063,Izmir,9620,488,661,30105,41180,1149,41180,7531.73,8134.95,7516.97,8050.0,13507.54693697,0.06970205143605845,0.1274857208485416,7402.325714285714,0.036201204585928716,Tuesday,False,False,
2020-01-01,atm3500064,Izmir,32180,653,640,41680,42095,1293,42095,7145.05,7237.35,7129.55,7225.58,1211.09527025,0.012017176999851609,0.008870365328362606,7270.584285714285,0.020341564637941383,Wednesday,False,True,39680.0
2020-01-02,atm3500064,Izmir,24310,539,643,32360,39680,1182,39680,7220.0,7224.75,6900.0,6953.17,2993.0241097,-0.03770077972979324,-0.05449860279169694,7213.330000000001,0.021516015367927903,Thursday,False,False,36265.0
2020-01-03,atm3500064,Izmir,20325,603,588,40100,36265,1191,36265,6956.64,7402.31,6853.53,7339.97,8452.87552534,0.05562930289350043,0.017669250595838237,7231.535714285715,0.03126689788469128,Friday,False,False,38700.0
2020-01-04,atm3500064,Izmir,40520,488,625,31835,38700,1113,38700,7339.97,7396.1,7247.73,7291.27,3605.74269447,-0.006634904502334504,-0.003472886609773851,7227.905714285715,0.030986226739449674,Saturday,True,False,39065.0
2020-01-05,atm3500064,Izmir,36960,547,603,35155,39065,1150,39065,7294.0,7495.0,7269.71,7430.83,2614.94778349,0.019140698396849842,0.0011897062786310197,7229.167142857143,0.031405089097976686,Sunday,True,False,40835.0
2020-01-06,atm3500064,Izmir,30590,574,652,36955,40835,1226,40835,7431.63,7614.95,7310.0,7525.46,4138.11820107,0.012734781982631782,0.041792354749798255,7272.294285714286,0.029143587117638526,Monday,False,False,39435.0
2020-01-07,atm3500064,Izmir,14880,503,622,31745,39435,1125,39435,7531.73,8134.95,7516.97,8050.0,13507.54693697,0.06970205143605845,0.1274857208485416,7402.325714285714,0.036201204585928716,Tuesday,False,False,
2020-01-01,atm3500065,Izmir,41520,573,582,37155,34380,1155,34380,7145.05,7237.35,7129.55,7225.58,1211.09527025,0.012017176999851609,0.008870365328362606,7270.584285714285,0.020341564637941383,Wednesday,False,True,39390.0
2020-01-02,atm3500065,Izmir,29130,482,642,30920,39390,1124,39390,7220.0,7224.75,6900.0,6953.17,2993.0241097,-0.03770077972979324,-0.05449860279169694,7213.330000000001,0.021516015367927903,Thursday,False,False,40310.0
2020-01-03,atm3500065,Izmir,11895,528,647,34170,40310,1175,40310,6956.64,7402.31,6853.53,7339.97,8452.87552534,0.05562930289350043,0.017669250595838237,7231.535714285715,0.03126689788469128,Friday,False,False,38760.0
2020-01-04,atm3500065,Izmir,4615,568,595,35345,38760,1163,38760,7339.97,7396.1,7247.73,7291.27,3605.74269447,-0.006634904502334504,-0.003472886609773851,7227.905714285715,0.030986226739449674,Saturday,True,False,38800.0
2020-01-05,atm3500065,Izmir,35300,572,588,37140,38800,1160,38800,7294.0,7495.0,7269.71,7430.83,2614.94778349,0.019140698396849842,0.0011897062786310197,7229.167142857143,0.031405089097976686,Sunday,True,False,39645.0
2020-01-06,atm3500065,Izmir,20210,526,614,31930,39645,1140,39645,7431.63,7614.95,7310.0,7525.46,4138.11820107,0.012734781982631782,0.041792354749798255,7272.294285714286,0.029143587117638526,Monday,False,False,40555.0
2020-01-07,atm3500065,Izmir,25050,656,613,45635,40555,1269,40555,7531.73,8134.95,7516.97,8050.0,13507.54693697,0.06970205143605845,0.1274857208485416,7402.325714285714,0.036201204585928716,Tuesday,False,False,
2020-01-01,atm3500066,Izmir,23590,573,652,40025,45725,1225,45725,7145.05,7237.35,7129.55,7225.58,1211.09527025,0.012017176999851609,0.008870365328362606,7270.584285714285,0.020341564637941383,Wednesday,False,True,38720.0
2020-01-02,atm3500066,Izmir,15095,535,577,35505,38720,1112,38720,7220.0,7224.75,6900.0,6953.17,2993.0241097,-0.03770077972979324,-0.05449860279169694,7213.330000000001,0.021516015367927903,Thursday,False,False,43325.0
2020-01-03,atm3500066,Izmir,38090,532,658,35600,43325,1190,43325,6956.64,7402.31,6853.53,7339.97,8452.87552534,0.05562930289350043,0.017669250595838237,7231.535714285715,0.03126689788469128,Friday,False,False,46550.0
2020-01-04,atm3500066,Izmir,19485,514,718,33055,46550,1232,46550,7339.97,7396.1,7247.73,7291.27,3605.74269447,-0.006634904502334504,-0.003472886609773851,7227.905714285715,0.030986226739449674,Saturday,True,False,37810.0
2020-01-05,atm3500066,Izmir,43365,515,562,32570,37810,1077,37810,7294.0,7495.0,7269.71,7430.83,2614.94778349,0.019140698396849842,0.0011897062786310197,7229.167142857143,0.031405089097976686,Sunday,True,False,44580.0
2020-01-06,atm3500066,Izmir,25165,513,664,32315,44580,1177,44580,7431.63,7614.95,7310.0,7525.46,4138.11820107,0.012734781982631782,0.041792354749798255,7272.294285714286,0.029143587117638526,Monday,False,False,38010.0
2020-01-07,atm3500066,Izmir,13035,480,620,31855,38010,1100,38010,7531.73,8134.95,7516.97,8050.0,13507.54693697,0.06970205143605845,0.1274857208485416,7402.325714285714,0.036201204585928716,Tuesday,False,False,
2020-01-01,atm3500067,Izmir,29650,611,678,40600,44035,1289,44035,7145.05,7237.35,7129.55,7225.58,1211.09527025,0.012017176999851609,0.008870365328362606,7270.584285714285,0.020341564637941383,Wednesday,False,True,39620.0
2020-01-02,atm3500067,Izmir,14045,449,619,27965,39620,1068,39620,7220.0,7224.75,6900.0,6953.17,2993.0241097,-0.03770077972979324,-0.05449860279169694,7213.330000000001,0.021516015367927903,Thursday,False,False,46470.0
2020-01-03,atm3500067,Izmir,5675,584,712,37235,46470,1296,46470,6956.64,7402.31,6853.53,7339.97,8452.87552534,0.05562930289350043,0.017669250595838237,7231.535714285715,0.03126689788469128,Friday,False,False,38825.0
2020-01-04,atm3500067,Izmir,36430,574,615,34835,38825,1189,38825,7339.97,7396.1,7247.73,7291.27,3605.74269447,-0.006634904502334504,-0.003472886609773851,7227.905714285715,0.030986226739449674,Saturday,True,False,42105.0
2020-01-05,atm3500067,Izmir,33475,616,642,39140,42105,1258,42105,7294.0,7495.0,7269.71,7430.83,2614.94778349,0.019140698396849842,0.0011897062786310197,7229.167142857143,0.031405089097976686,Sunday,True,False,42810.0
2020-01-06,atm3500067,Izmir,26390,672,656,42855,42810,1328,42810,7431.63,7614.95,7310.0,7525.46,4138.11820107,0.012734781982631782,0.041792354749798255,7272.294285714286,0.029143587117638526,Monday,False,False,38860.0
2020-01-07,atm3500067,Izmir,23130,608,599,40810,38860,1207,38860,7531.73,8134.95,7516.97,8050.0,13507.54693697,0.06970205143605845,0.1274857208485416,7402.325714285714,0.036201204585928716,Tuesday,False,False,
2020-01-01,atm3500068,Izmir,34255,539,674,34240,42515,1213,42515,7145.05,7237.35,7129.55,7225.58,1211.09527025,0.012017176999851609,0.008870365328362606,7270.584285714285,0.020341564637941383,Wednesday,False,True,40530.0
2020-01-02,atm3500068,Izmir,31860,573,650,36445,40530,1223,40530,7220.0,7224.75,6900.0,6953.17,2993.0241097,-0.03770077972979324,-0.05449860279169694,7213.330000000001,0.021516015367927903,Thursday,False,False,41415.0
2020-01-03,atm3500068,Izmir,15900,549,641,34870,41415,1190,41415,6956.64,7402.31,6853.53,7339.97,8452.87552534,0.05562930289350043,0.017669250595838237,7231.535714285715,0.03126689788469128,Friday,False,False,41480.0
2020-01-04,atm3500068,Izmir,0,486,658,32255,41480,1144,41480,7339.97,7396.1,7247.73,7291.27,3605.74269447,-0.006634904502334504,-0.003472886609773851,7227.905714285715,0.030986226739449674,Saturday,True,False,44845.0
2020-01-05,atm3500068,Izmir,19585,517,716,35045,44845,1233,44845,7294.0,7495.0,7269.71,7430.83,2614.94778349,0.019140698396849842,0.0011897062786310197,7229.167142857143,0.031405089097976686,Sunday,True,False,43670.0
2020-01-06,atm3500068,Izmir,6510,554,645,34935,43670,1199,43670,7431.63,7614.95,7310.0,7525.46,4138.11820107,0.012734781982631782,0.041792354749798255,7272.294285714286,0.029143587117638526,Monday,False,False,44845.0
2020-01-07,atm3500068,Izmir,24245,433,699,27380,44845,1132,44845,7531.73,8134.95,7516.97,8050.0,13507.54693697,0.06970205143605845,0.1274857208485416,7402.325714285714,0.036201204585928716,Tuesday,False,False,
2020-01-01,atm3500069,Izmir,21365,504,703,31850,49460,1207,49460,7145.05,7237.35,7129.55,7225.58,1211.09527025,0.012017176999851609,0.008870365328362606,7270.584285714285,0.020341564637941383,Wednesday,False,True,43680.0
2020-01-02,atm3500069,Izmir,9200,535,694,33305,43680,1229,43680,7220.0,7224.75,6900.0,6953.17,2993.0241097,-0.03770077972979324,-0.05449860279169694,7213.330000000001,0.021516015367927903,Thursday,False,False,39225.0
2020-01-03,atm3500069,Izmir,33505,523,645,35240,39225,1168,39225,6956.64,7402.31,6853.53,7339.97,8452.87552534,0.05562930289350043,0.017669250595838237,7231.535714285715,0.03126689788469128,Friday,False,False,39880.0
2020-01-04,atm3500069,Izmir,13060,409,623,24420,39880,1032,39880,7339.97,7396.1,7247.73,7291.27,3605.74269447,-0.006634904502334504,-0.003472886609773851,7227.905714285715,0.030986226739449674,Saturday,True,False,45595.0
2020-01-05,atm3500069,Izmir,35230,512,664,33005,45595,1176,45595,7294.0,7495.0,7269.71,7430.83,2614.94778349,0.019140698396849842,0.0011897062786310197,7229.167142857143,0.031405089097976686,Sunday,True,False,49060.0
2020-01-06,atm3500069,Izmir,6525,474,687,27850,49060,1161,49060,7431.63,7614.95,7310.0,7525.46,4138.11820107,0.012734781982631782,0.041792354749798255,7272.294285714286,0.029143587117638526,Monday,False,False,43025.0
2020-01-07,atm3500069,Izmir,30565,614,668,36955,43025,1282,43025,7531.73,8134.95,7516.97,8050.0,13507.54693697,0.06970205143605845,0.1274857208485416,7402.325714285714,0.036201204585928716,Tuesday,False,False,
2020-01-01,atm350007,Izmir,38475,701,572,42180,36710,1273,36710,7145.05,7237.35,7129.55,7225.58,1211.09527025,0.012017176999851609,0.008870365328362606,7270.584285714285,0.020341564637941383,Wednesday,False,True,39035.0
2020-01-02,atm350007,Izmir,24310,479,584,32925,39035,1063,39035,7220.0,7224.75,6900.0,6953.17,2993.0241097,-0.03770077972979324,-0.05449860279169694,7213.330000000001,0.021516015367927903,Thursday,False,False,39585.0
2020-01-03,atm350007,Izmir,25535,566,628,35225,39585,1194,39585,6956.64,7402.31,6853.53,7339.97,8452.87552534,0.05562930289350043,0.017669250595838237,7231.535714285715,0.03126689788469128,Friday,False,False,40130.0
2020-01-04,atm350007,Izmir,5885,506,626,31250,40130,1132,40130,7339.97,7396.1,7247.73,7291.27,3605.74269447,-0.006634904502334504,-0.003472886609773851,7227.905714285715,0.030986226739449674,Saturday,True,False,42870.0
2020-01-05,atm350007,Izmir,20060,519,705,31870,42870,1224,42870,7294.0,7495.0,7269.71,7430.83,2614.94778349,0.019140698396849842,0.0011897062786310197,7229.167142857143,0.031405089097976686,Sunday,True,False,41595.0
2020-01-06,atm350007,Izmir,35695,531,643,31740,41595,1174,41595,7431.63,7614.95,7310.0,7525.46,4138.11820107,0.012734781982631782,0.041792354749798255,7272.294285714286,0.029143587117638526,Monday,False,False,41725.0
2020-01-07,atm350007,Izmir,29340,583,671,37765,41725,1254,41725,7531.73,8134.95,7516.97,8050.0,13507.54693697,0.06970205143605845,0.1274857208485416,7402.325714285714,0.036201204585928716,Tuesday,False,False,
2020-01-01,atm3500070,Izmir,29570,486,630,28805,40695,1116,40695,7145.05,7237.35,7129.55,7225.58,1211.09527025,0.012017176999851609,0.008870365328362606,7270.584285714285,0.020341564637941383,Wednesday,False,True,37060.0
2020-01-02,atm3500070,Izmir,30670,693,609,44255,37060,1302,37060,7220.0,7224.75,6900.0,6953.17,2993.0241097,-0.03770077972979324,-0.05449860279169694,7213.330000000001,0.021516015367927903,Thursday,False,False,39095.0
2020-01-03,atm3500070,Izmir,35335,543,648,35035,39095,1191,39095,6956.64,7402.31,6853.53,7339.97,8452.87552534,0.05562930289350043,0.017669250595838237,7231.535714285715,0.03126689788469128,Friday,False,False,41615.0
2020-01-04,atm3500070,Izmir,23605,504,652,31230,41615,1156,41615,7339.97,7396.1,7247.73,7291.27,3605.74269447,-0.006634904502334504,-0.003472886609773851,7227.905714285715,0.030986226739449674,Saturday,True,False,41585.0
2020-01-05,atm3500070,Izmir,15740,673,607,41280,41585,1280,41585,7294.0,7495.0,7269.71,7430.83,2614.94778349,0.019140698396849842,0.0011897062786310197,7229.167142857143,0.031405089097976686,Sunday,True,False,44175.0
2020-01-06,atm3500070,Izmir,4230,547,669,36450,44175,1216,44175,7431.63,7614.95,7310.0,7525.46,4138.11820107,0.012734781982631782,0.041792354749798255,7272.294285714286,0.029143587117638526,Monday,False,False,47960.0
2020-01-07,atm3500070,Izmir,30520,611,708,38090,47960,1319,47960,7531.73,8134.95,7516.97,8050.0,13507.54693697,0.06970205143605845,0.1274857208485416,7402.325714285714,0.036201204585928716,Tuesday,False,False,
2020-01-01,atm3500071,Izmir,33385,527,625,33770,38635,1152,38635,7145.05,7237.35,7129.55,7225.58,1211.09527025,0.012017176999851609,0.008870365328362606,7270.584285714285,0.020341564637941383,Wednesday,False,True,40505.0
2020-01-02,atm3500071,Izmir,24060,515,659,32020,40505,1174,40505,7220.0,7224.75,6900.0,6953.17,2993.0241097,-0.03770077972979324,-0.05449860279169694,7213.330000000001,0.021516015367927903,Thursday,False,False,41060.0
2020-01-03,atm3500071,Izmir,11420,653,653,39485,41060,1306,41060,6956.64,7402.31,6853.53,7339.97,8452.87552534,0.05562930289350043,0.017669250595838237,7231.535714285715,0.03126689788469128,Friday,False,False,47845.0
2020-01-04,atm3500071,Izmir,1765,639,704,40130,47845,1343,47845,7339.97,7396.1,7247.73,7291.27,3605.74269447,-0.006634904502334504,-0.003472886609773851,7227.905714285715,0.030986226739449674,Saturday,True,False,36565.0
2020-01-05,atm3500071,Izmir,35510,477,582,30945,36565,1059,36565,7294.0,7495.0,7269.71,7430.83,2614.94778349,0.019140698396849842,0.0011897062786310197,7229.167142857143,0.031405089097976686,Sunday,True,False,41705.0
2020-01-06,atm3500071,Izmir,24860,557,637,36195,41705,1194,41705,7431.63,7614.95,7310.0,7525.46,4138.11820107,0.012734781982631782,0.041792354749798255,7272.294285714286,0.029143587117638526,Monday,False,False,38950.0
2020-01-07,atm3500071,Izmir,28330,597,624,41005,38950,1221,38950,7531.73,8134.95,7516.97,8050.0,13507.54693697,0.06970205143605845,0.1274857208485416,7402.325714285714,0.036201204585928716,Tuesday,False,False,
2020-01-01,atm3500072,Izmir,30000,518,615,35135,38035,1133,38035,7145.05,7237.35,7129.55,7225.58,1211.09527025,0.012017176999851609,0.008870365328362606,7270.584285714285,0.020341564637941383,Wednesday,False,True,46240.0
2020-01-02,atm3500072,Izmir,15815,545,725,33845,46240,1270,46240,7220.0,7224.75,6900.0,6953.17,2993.0241097,-0.03770077972979324,-0.05449860279169694,7213.330000000001,0.021516015367927903,Thursday,False,False,41930.0
2020-01-03,atm3500072,Izmir,11685,603,663,38890,41930,1266,41930,6956.64,7402.31,6853.53,7339.97,8452.87552534,0.05562930289350043,0.017669250595838237,7231.535714285715,0.03126689788469128,Friday,False,False,40915.0
2020-01-04,atm3500072,Izmir,4945,573,679,36485,40915,1252,40915,7339.97,7396.1,7247.73,7291.27,3605.74269447,-0.006634904502334504,-0.003472886609773851,7227.905714285715,0.030986226739449674,Saturday,True,False,38995.0
2020-01-05,atm3500072,Izmir,33550,532,620,31785,38995,1152,38995,7294.0,7495.0,7269.71,7430.83,2614.94778349,0.019140698396849842,0.0011897062786310197,7229.167142857143,0.031405089097976686,Sunday,True,False,42800.0
2020-01-06,atm3500072,Izmir,25140,601,675,37125,42800,1276,42800,7431.63,7614.95,7310.0,7525.46,4138.11820107,0.012734781982631782,0.041792354749798255,7272.294285714286,0.029143587117638526,Monday,False,False,39310.0
2020-01-07,atm3500072,Izmir,11940,557,634,36795,39310,1191,39310,7531.73,8134.95,7516.97,8050.0,13507.54693697,0.06970205143605845,0.1274857208485416,7402.325714285714,0.036201204585928716,Tuesday,False,False,
2020-01-01,atm3500073,Izmir,23540,511,662,33400,41510,1173,41510,7145.05,7237.35,7129.55,7225.58,1211.09527025,0.012017176999851609,0.008870365328362606,7270.584285714285,0.020341564637941383,Wednesday,False,True,40130.0
2020-01-02,atm3500073,Izmir,15730,550,627,37530,40130,1177,40130,7220.0,7224.75,6900.0,6953.17,2993.0241097,-0.03770077972979324,-0.05449860279169694,7213.330000000001,0.021516015367927903,Thursday,False,False,41450.0
2020-01-03,atm3500073,Izmir,4325,559,635,37385,41450,1194,41450,6956.64,7402.31,6853.53,7339.97,8452.87552534,0.05562930289350043,0.017669250595838237,7231.535714285715,0.03126689788469128,Friday,False,False,35030.0
2020-01-04,atm3500073,Izmir,39305,527,596,36125,35030,1123,35030,7339.97,7396.1,7247.73,7291.27,3605.74269447,-0.006634904502334504,-0.003472886609773851,7227.905714285715,0.030986226739449674,Saturday,True,False,35445.0
2020-01-05,atm3500073,Izmir,25485,486,573,30560,35445,1059,35445,7294.0,7495.0,7269.71,7430.83,2614.94778349,0.019140698396849842,0.0011897062786310197,7229.167142857143,0.031405089097976686,Sunday,True,False,40135.0
2020-01-06,atm3500073,Izmir,14550,585,664,37980,40135,1249,40135,7431.63,7614.95,7310.0,7525.46,4138.11820107,0.012734781982631782,0.041792354749798255,7272.294285714286,0.029143587117638526,Monday,False,False,40640.0
2020-01-07,atm3500073,Izmir,34290,522,650,33595,40640,1172,40640,7531.73,8134.95,7516.97,8050.0,13507.54693697,0.06970205143605845,0.1274857208485416,7402.325714285714,0.036201204585928716,Tuesday,False,False,
2020-01-01,atm3500074,Izmir,44620,643,599,41355,37855,1242,37855,7145.05,7237.35,7129.55,7225.58,1211.09527025,0.012017176999851609,0.008870365328362606,7270.584285714285,0.020341564637941383,Wednesday,False,True,43160.0
2020-01-02,atm3500074,Izmir,25855,496,646,33085,43160,1142,43160,7220.0,7224.75,6900.0,6953.17,2993.0241097,-0.03770077972979324,-0.05449860279169694,7213.330000000001,0.021516015367927903,Thursday,False,False,40880.0
2020-01-03,atm3500074,Izmir,15020,565,605,36320,40880,1170,40880,6956.64,7402.31,6853.53,7339.97,8452.87552534,0.05562930289350043,0.017669250595838237,7231.535714285715,0.03126689788469128,Friday,False,False,41315.0
2020-01-04,atm3500074,Izmir,550,507,643,35445,41315,1150,41315,7339.97,7396.1,7247.73,7291.27,3605.74269447,-0.006634904502334504,-0.003472886609773851,7227.905714285715,0.030986226739449674,Saturday,True,False,46935.0
2020-01-05,atm3500074,Izmir,19950,553,723,36205,46935,1276,46935,7294.0,7495.0,7269.71,7430.83,2614.94778349,0.019140698396849842,0.0011897062786310197,7229.167142857143,0.031405089097976686,Sunday,True,False,42880.0
2020-01-06,atm3500074,Izmir,4565,561,671,33755,42880,1232,42880,7431.63,7614.95,7310.0,7525.46,4138.11820107,0.012734781982631782,0.041792354749798255,7272.294285714286,0.029143587117638526,Monday,False,False,44085.0
2020-01-07,atm3500074,Izmir,34185,609,657,37090,44085,1266,44085,7531.73,8134.95,7516.97,8050.0,13507.54693697,0.06970205143605845,0.1274857208485416,7402.325714285714,0.036201204585928716,Tuesday,False,False,
2020-01-01,atm3500075,Izmir,27685,482,622,31500,41345,1104,41345,7145.05,7237.35,7129.55,7225.58,1211.09527025,0.012017176999851609,0.008870365328362606,7270.584285714285,0.020341564637941383,Wednesday,False,True,33125.0
2020-01-02,atm3500075,Izmir,22285,565,531,33420,33125,1096,33125,7220.0,7224.75,6900.0,6953.17,2993.0241097,-0.03770077972979324,-0.05449860279169694,7213.330000000001,0.021516015367927903,Thursday,False,False,39695.0
2020-01-03,atm3500075,Izmir,13395,503,612,32790,39695,1115,39695,6956.64,7402.31,6853.53,7339.97,8452.87552534,0.05562930289350043,0.017669250595838237,7231.535714285715,0.03126689788469128,Friday,False,False,48570.0
2020-01-04,atm3500075,Izmir,2300,646,768,42050,48570,1414,48570,7339.97,7396.1,7247.73,7291.27,3605.74269447,-0.006634904502334504,-0.003472886609773851,7227.905714285715,0.030986226739449674,Saturday,True,False,50010.0
2020-01-05,atm3500075,Izmir,25665,543,729,35575,50010,1272,50010,7294.0,7495.0,7269.71,7430.83,2614.94778349,0.019140698396849842,0.0011897062786310197,7229.167142857143,0.031405089097976686,Sunday,True,False,41440.0
2020-01-06,atm3500075,Izmir,17375,559,668,38625,41440,1227,41440,7431.63,7614.95,7310.0,7525.46,4138.11820107,0.012734781982631782,0.041792354749798255,7272.294285714286,0.029143587117638526,Monday,False,False,40660.0
2020-01-07,atm3500075,Izmir,9115,597,622,37275,40660,1219,40660,7531.73,8134.95,7516.97,8050.0,13507.54693697,0.06970205143605845,0.1274857208485416,7402.325714285714,0.036201204585928716,Tuesday,False,False,
2020-01-01,atm3500076,Izmir,27275,938,1093,61365,67710,2031,67710,7145.05,7237.35,7129.55,7225.58,1211.09527025,0.012017176999851609,0.008870365328362606,7270.584285714285,0.020341564637941383,Wednesday,False,True,70645.0
2020-01-02,atm3500076,Izmir,8325,992,1104,62610,70645,2096,70645,7220.0,7224.75,6900.0,6953.17,2993.0241097,-0.03770077972979324,-0.05449860279169694,7213.330000000001,0.021516015367927903,Thursday,False,False,67725.0
2020-01-03,atm3500076,Izmir,39745,1013,1051,67630,67725,2064,67725,6956.64,7402.31,6853.53,7339.97,8452.87552534,0.05562930289350043,0.017669250595838237,7231.535714285715,0.03126689788469128,Friday,False,False,63250.0
2020-01-04,atm3500076,Izmir,22305,947,1044,61320,63250,1991,63250,7339.97,7396.1,7247.73,7291.27,3605.74269447,-0.006634904502334504,-0.003472886609773851,7227.905714285715,0.030986226739449674,Saturday,True,False,67960.0
2020-01-05,atm3500076,Izmir,8730,1009,1065,64690,67960,2074,67960,7294.0,7495.0,7269.71,7430.83,2614.94778349,0.019140698396849842,0.0011897062786310197,7229.167142857143,0.031405089097976686,Sunday,True,False,64410.0
2020-01-06,atm3500076,Izmir,30800,867,1066,54565,64410,1933,64410,7431.63,7614.95,7310.0,7525.46,4138.11820107,0.012734781982631782,0.041792354749798255,7272.294285714286,0.029143587117638526,Monday,False,False,73120.0
2020-01-07,atm3500076,Izmir,18920,1039,1066,66610,73120,2105,73120,7531.73,8134.95,7516.97,8050.0,13507.54693697,0.06970205143605845,0.1274857208485416,7402.325714285714,0.036201204585928716,Tuesday,False,False,
2020-01-01,atm3500077,Izmir,26355,593,667,40090,43915,1260,43915,7145.05,7237.35,7129.55,7225.58,1211.09527025,0.012017176999851609,0.008870365328362606,7270.584285714285,0.020341564637941383,Wednesday,False,True,40930.0
2020-01-02,atm3500077,Izmir,43580,520,595,32020,40930,1115,40930,7220.0,7224.75,6900.0,6953.17,2993.0241097,-0.03770077972979324,-0.05449860279169694,7213.330000000001,0.021516015367927903,Thursday,False,False,35475.0
2020-01-03,atm3500077,Izmir,40715,509,558,33460,35475,1067,35475,6956.64,7402.31,6853.53,7339.97,8452.87552534,0.05562930289350043,0.017669250595838237,7231.535714285715,0.03126689788469128,Friday,False,False,47915.0
2020-01-04,atm3500077,Izmir,18720,577,679,38930,47915,1256,47915,7339.97,7396.1,7247.73,7291.27,3605.74269447,-0.006634904502334504,-0.003472886609773851,7227.905714285715,0.030986226739449674,Saturday,True,False,48105.0
2020-01-05,atm3500077,Izmir,38470,545,714,37020,48105,1259,48105,7294.0,7495.0,7269.71,7430.83,2614.94778349,0.019140698396849842,0.0011897062786310197,7229.167142857143,0.031405089097976686,Sunday,True,False,37130.0
2020-01-06,atm3500077,Izmir,26285,581,576,35635,37130,1157,37130,7431.63,7614.95,7310.0,7525.46,4138.11820107,0.012734781982631782,0.041792354749798255,7272.294285714286,0.029143587117638526,Monday,False,False,45005.0
2020-01-07,atm3500077,Izmir,5650,568,673,35440,45005,1241,45005,7531.73,8134.95,7516.97,8050.0,13507.54693697,0.06970205143605845,0.1274857208485416,7402.325714285714,0.036201204585928716,Tuesday,False,False,
2020-01-01,atm3500078,Izmir,30240,598,686,38520,43550,1284,43550,7145.05,7237.35,7129.55,7225.58,1211.09527025,0.012017176999851609,0.008870365328362606,7270.584285714285,0.020341564637941383,Wednesday,False,True,38480.0
2020-01-02,atm3500078,Izmir,15330,552,593,34570,38480,1145,38480,7220.0,7224.75,6900.0,6953.17,2993.0241097,-0.03770077972979324,-0.05449860279169694,7213.330000000001,0.021516015367927903,Thursday,False,False,37770.0
2020-01-03,atm3500078,Izmir,38405,567,602,37440,37770,1169,37770,6956.64,7402.31,6853.53,7339.97,8452.87552534,0.05562930289350043,0.017669250595838237,7231.535714285715,0.03126689788469128,Friday,False,False,44130.0
2020-01-04,atm3500078,Izmir,19150,511,663,32100,44130,1174,44130,7339.97,7396.1,7247.73,7291.27,3605.74269447,-0.006634904502334504,-0.003472886609773851,7227.905714285715,0.030986226739449674,Saturday,True,False,36970.0
2020-01-05,atm3500078,Izmir,6510,518,603,33565,36970,1121,36970,7294.0,7495.0,7269.71,7430.83,2614.94778349,0.019140698396849842,0.0011897062786310197,7229.167142857143,0.031405089097976686,Sunday,True,False,41450.0
2020-01-06,atm3500078,Izmir,33895,581,651,36755,41450,1232,41450,7431.63,7614.95,7310.0,7525.46,4138.11820107,0.012734781982631782,0.041792354749798255,7272.294285714286,0.029143587117638526,Monday,False,False,39330.0
2020-01-07,atm3500078,Izmir,21145,463,591,31725,39330,1054,39330,7531.73,8134.95,7516.97,8050.0,13507.54693697,0.06970205143605845,0.1274857208485416,7402.325714285714,0.036201204585928716,Tuesday,False,False,
2020-01-01,atm3500079,Izmir,13375,454,643,30390,43920,1097,43920,7145.05,7237.35,7129.55,7225.58,1211.09527025,0.012017176999851609,0.008870365328362606,7270.584285714285,0.020341564637941383,Wednesday,False,True,42085.0
2020-01-02,atm3500079,Izmir,8130,599,631,40500,42085,1230,42085,7220.0,7224.75,6900.0,6953.17,2993.0241097,-0.03770077972979324,-0.05449860279169694,7213.330000000001,0.021516015367927903,Thursday,False,False,42065.0
2020-01-03,atm3500079,Izmir,41440,625,651,37775,42065,1276,42065,6956.64,7402.31,6853.53,7339.97,8452.87552534,0.05562930289350043,0.017669250595838237,7231.535714285715,0.03126689788469128,Friday,False,False,39580.0
2020-01-04,atm3500079,Izmir,33415,637,602,40790,39580,1239,39580,7339.97,7396.1,7247.73,7291.27,3605.74269447,-0.006634904502334504,-0.003472886609773851,7227.905714285715,0.030986226739449674,Saturday,True,False,38995.0
2020-01-05,atm3500079,Izmir,23655,503,603,33950,38995,1106,38995,7294.0,7495.0,7269.71,7430.83,2614.94778349,0.019140698396849842,0.0011897062786310197,7229.167142857143,0.031405089097976686,Sunday,True,False,38040.0
2020-01-06,atm3500079,Izmir,15185,604,600,38125,38040,1204,38040,7431.63,7614.95,7310.0,7525.46,4138.11820107,0.012734781982631782,0.041792354749798255,7272.294285714286,0.029143587117638526,Monday,False,False,41700.0
2020-01-07,atm3500079,Izmir,36695,549,627,34690,41700,1176,41700,7531.73,8134.95,7516.97,8050.0,13507.54693697,0.06970205143605845,0.1274857208485416,7402.325714285714,0.036201204585928716,Tuesday,False,False,
2020-01-01,atm350008,Izmir,27275,579,633,35860,40060,1212,40060,7145.05,7237.35,7129.55,7225.58,1211.09527025,0.012017176999851609,0.008870365328362606,7270.584285714285,0.020341564637941383,Wednesday,False,True,43140.0
2020-01-02,atm350008,Izmir,21465,564,665,35785,43140,1229,43140,7220.0,7224.75,6900.0,6953.17,2993.0241097,-0.03770077972979324,-0.05449860279169694,7213.330000000001,0.021516015367927903,Thursday,False,False,38805.0
2020-01-03,atm350008,Izmir,15465,563,609,37075,38805,1172,38805,6956.64,7402.31,6853.53,7339.97,8452.87552534,0.05562930289350043,0.017669250595838237,7231.535714285715,0.03126689788469128,Friday,False,False,44890.0
2020-01-04,atm350008,Izmir,8965,597,677,42290,44890,1274,44890,7339.97,7396.1,7247.73,7291.27,3605.74269447,-0.006634904502334504,-0.003472886609773851,7227.905714285715,0.030986226739449674,Saturday,True,False,39780.0
2020-01-05,atm350008,Izmir,42290,603,589,38035,39780,1192,39780,7294.0,7495.0,7269.71,7430.83,2614.94778349,0.019140698396849842,0.0011897062786310197,7229.167142857143,0.031405089097976686,Sunday,True,False,38105.0
2020-01-06,atm350008,Izmir,32655,521,601,33745,38105,1122,38105,7431.63,7614.95,7310.0,7525.46,4138.11820107,0.012734781982631782,0.041792354749798255,7272.294285714286,0.029143587117638526,Monday,False,False,33575.0
2020-01-07,atm350008,Izmir,21445,523,534,32435,33575,1057,33575,7531.73,8134.95,7516.97,8050.0,13507.54693697,0.06970205143605845,0.1274857208485416,7402.325714285714,0.036201204585928716,Tuesday,False,False,
2020-01-01,atm3500080,Izmir,26380,514,665,34810,42955,1179,42955,7145.05,7237.35,7129.55,7225.58,1211.09527025,0.012017176999851609,0.008870365328362606,7270.584285714285,0.020341564637941383,Wednesday,False,True,36470.0
2020-01-02,atm3500080,Izmir,16510,527,567,31705,36470,1094,36470,7220.0,7224.75,6900.0,6953.17,2993.0241097,-0.03770077972979324,-0.05449860279169694,7213.330000000001,0.021516015367927903,Thursday,False,False,42435.0
2020-01-03,atm3500080,Izmir,23250,639,659,43630,42435,1298,42435,6956.64,7402.31,6853.53,7339.97,8452.87552534,0.05562930289350043,0.017669250595838237,7231.535714285715,0.03126689788469128,Friday,False,False,43265.0
2020-01-04,atm3500080,Izmir,40815,483,690,28995,43265,1173,43265,7339.97,7396.1,7247.73,7291.27,3605.74269447,-0.006634904502334504,-0.003472886609773851,7227.905714285715,0.030986226739449674,Saturday,True,False,43040.0
2020-01-05,atm3500080,Izmir,35860,599,670,37365,43040,1269,43040,7294.0,7495.0,7269.71,7430.83,2614.94778349,0.019140698396849842,0.0011897062786310197,7229.167142857143,0.031405089097976686,Sunday,True,False,42675.0
2020-01-06,atm3500080,Izmir,26655,678,650,43415,42675,1328,42675,7431.63,7614.95,7310.0,7525.46,4138.11820107,0.012734781982631782,0.041792354749798255,7272.294285714286,0.029143587117638526,Monday,False,False,37390.0
2020-01-07,atm3500080,Izmir,18095,576,624,36635,37390,1200,37390,7531.73,8134.95,7516.97,8050.0,13507.54693697,0.06970205143605845,0.1274857208485416,7402.325714285714,0.036201204585928716,Tuesday,False,False,
2020-01-01,atm3500081,Izmir,46525,691,645,47910,39945,1336,39945,7145.05,7237.35,7129.55,7225.58,1211.09527025,0.012017176999851609,0.008870365328362606,7270.584285714285,0.020341564637941383,Wednesday,False,True,38730.0
2020-01-02,atm3500081,Izmir,36155,643,575,40570,38730,1218,38730,7220.0,7224.75,6900.0,6953.17,2993.0241097,-0.03770077972979324,-0.05449860279169694,7213.330000000001,0.021516015367927903,Thursday,False,False,40125.0
2020-01-03,atm3500081,Izmir,28280,487,655,31935,40125,1142,40125,6956.64,7402.31,6853.53,7339.97,8452.87552534,0.05562930289350043,0.017669250595838237,7231.535714285715,0.03126689788469128,Friday,False,False,38250.0
2020-01-04,atm3500081,Izmir,17720,546,629,33950,38250,1175,38250,7339.97,7396.1,7247.73,7291.27,3605.74269447,-0.006634904502334504,-0.003472886609773851,7227.905714285715,0.030986226739449674,Saturday,True,False,38910.0
2020-01-05,atm3500081,Izmir,4190,563,636,35170,38910,1199,38910,7294.0,7495.0,7269.71,7430.83,2614.94778349,0.019140698396849842,0.0011897062786310197,7229.167142857143,0.031405089097976686,Sunday,True,False,42670.0
2020-01-06,atm3500081,Izmir,25330,612,639,35870,42670,1251,42670,7431.63,7614.95,7310.0,7525.46,4138.11820107,0.012734781982631782,0.041792354749798255,7272.294285714286,0.029143587117638526,Monday,False,False,37515.0
2020-01-07,atm3500081,Izmir,8505,451,571,29175,37515,1022,37515,7531.73,8134.95,7516.97,8050.0,13507.54693697,0.06970205143605845,0.1274857208485416,7402.325714285714,0.036201204585928716,Tuesday,False,False,
2020-01-01,atm3500082,Izmir,24155,516,598,32025,37965,1114,37965,7145.05,7237.35,7129.55,7225.58,1211.09527025,0.012017176999851609,0.008870365328362606,7270.584285714285,0.020341564637941383,Wednesday,False,True,44460.0
2020-01-02,atm3500082,Izmir,14165,600,673,37130,44460,1273,44460,7220.0,7224.75,6900.0,6953.17,2993.0241097,-0.03770077972979324,-0.05449860279169694,7213.330000000001,0.021516015367927903,Thursday,False,False,40110.0
2020-01-03,atm3500082,Izmir,39575,579,625,36995,40110,1204,40110,6956.64,7402.31,6853.53,7339.97,8452.87552534,0.05562930289350043,0.017669250595838237,7231.535714285715,0.03126689788469128,Friday,False,False,45800.0
2020-01-04,atm3500082,Izmir,34765,645,671,40415,45800,1316,45800,7339.97,7396.1,7247.73,7291.27,3605.74269447,-0.006634904502334504,-0.003472886609773851,7227.905714285715,0.030986226739449674,Saturday,True,False,42115.0
2020-01-05,atm3500082,Izmir,16140,537,641,36245,42115,1178,42115,7294.0,7495.0,7269.71,7430.83,2614.94778349,0.019140698396849842,0.0011897062786310197,7229.167142857143,0.031405089097976686,Sunday,True,False,42575.0
2020-01-06,atm3500082,Izmir,6500,596,681,36635,42575,1277,42575,7431.63,7614.95,7310.0,7525.46,4138.11820107,0.012734781982631782,0.041792354749798255,7272.294285714286,0.029143587117638526,Monday,False,False,40630.0
2020-01-07,atm3500082,Izmir,34825,526,688,33230,40630,1214,40630,7531.73,8134.95,7516.97,8050.0,13507.54693697,0.06970205143605845,0.1274857208485416,7402.325714285714,0.036201204585928716,Tuesday,False,False,
2020-01-01,atm3500083,Izmir,29120,1011,1093,64765,70075,2104,70075,7145.05,7237.35,7129.55,7225.58,1211.09527025,0.012017176999851609,0.008870365328362606,7270.584285714285,0.020341564637941383,Wednesday,False,True,71875.0
2020-01-02,atm3500083,Izmir,10135,956,1077,60910,71875,2033,71875,7220.0,7224.75,6900.0,6953.17,2993.0241097,-0.03770077972979324,-0.05449860279169694,7213.330000000001,0.021516015367927903,Thursday,False,False,65295.0
2020-01-03,atm3500083,Izmir,28220,972,1047,59310,65295,2019,65295,6956.64,7402.31,6853.53,7339.97,8452.87552534,0.05562930289350043,0.017669250595838237,7231.535714285715,0.03126689788469128,Friday,False,False,74425.0
2020-01-04,atm3500083,Izmir,3420,914,1107,58300,74425,2021,74425,7339.97,7396.1,7247.73,7291.27,3605.74269447,-0.006634904502334504,-0.003472886609773851,7227.905714285715,0.030986226739449674,Saturday,True,False,69500.0
2020-01-05,atm3500083,Izmir,36530,1042,1088,68720,69500,2130,69500,7294.0,7495.0,7269.71,7430.83,2614.94778349,0.019140698396849842,0.0011897062786310197,7229.167142857143,0.031405089097976686,Sunday,True,False,68620.0
2020-01-06,atm3500083,Izmir,19455,936,1071,59650,68620,2007,68620,7431.63,7614.95,7310.0,7525.46,4138.11820107,0.012734781982631782,0.041792354749798255,7272.294285714286,0.029143587117638526,Monday,False,False,65320.0
2020-01-07,atm3500083,Izmir,5890,958,1076,62065,65320,2034,65320,7531.73,8134.95,7516.97,8050.0,13507.54693697,0.06970205143605845,0.1274857208485416,7402.325714285714,0.036201204585928716,Tuesday,False,False,
2020-01-01,atm3500084,Izmir,31250,544,644,34510,40730,1188,40730,7145.05,7237.35,7129.55,7225.58,1211.09527025,0.012017176999851609,0.008870365328362606,7270.584285714285,0.020341564637941383,Wednesday,False,True,42280.0
2020-01-02,atm3500084,Izmir,12345,490,637,30745,42280,1127,42280,7220.0,7224.75,6900.0,6953.17,2993.0241097,-0.03770077972979324,-0.05449860279169694,7213.330000000001,0.021516015367927903,Thursday,False,False,38775.0
2020-01-03,atm3500084,Izmir,9600,520,594,34770,38775,1114,38775,6956.64,7402.31,6853.53,7339.97,8452.87552534,0.05562930289350043,0.017669250595838237,7231.535714285715,0.03126689788469128,Friday,False,False,35485.0
2020-01-04,atm3500084,Izmir,40670,552,590,34475,35485,1142,35485,7339.97,7396.1,7247.73,7291.27,3605.74269447,-0.006634904502334504,-0.003472886609773851,7227.905714285715,0.030986226739449674,Saturday,True,False,40765.0
2020-01-05,atm3500084,Izmir,19350,622,612,36480,40765,1234,40765,7294.0,7495.0,7269.71,7430.83,2614.94778349,0.019140698396849842,0.0011897062786310197,7229.167142857143,0.031405089097976686,Sunday,True,False,39185.0
2020-01-06,atm3500084,Izmir,6960,541,617,32455,39185,1158,39185,7431.63,7614.95,7310.0,7525.46,4138.11820107,0.012734781982631782,0.041792354749798255,7272.294285714286,0.029143587117638526,Monday,False,False,39495.0
2020-01-07,atm3500084,Izmir,6650,714,689,49125,39495,1403,39495,7531.73,8134.95,7516.97,8050.0,13507.54693697,0.06970205143605845,0.1274857208485416,7402.325714285714,0.036201204585928716,Tuesday,False,False,
2020-01-01,atm3500085,Izmir,23490,422,603,27655,40440,1025,40440,7145.05,7237.35,7129.55,7225.58,1211.09527025,0.012017176999851609,0.008870365328362606,7270.584285714285,0.020341564637941383,Wednesday,False,True,40120.0
2020-01-02,atm3500085,Izmir,22665,588,631,38205,40120,1219,40120,7220.0,7224.75,6900.0,6953.17,2993.0241097,-0.03770077972979324,-0.05449860279169694,7213.330000000001,0.021516015367927903,Thursday,False,False,39990.0
2020-01-03,atm3500085,Izmir,20530,644,606,41660,39990,1250,39990,6956.64,7402.31,6853.53,7339.97,8452.87552534,0.05562930289350043,0.017669250595838237,7231.535714285715,0.03126689788469128,Friday,False,False,37820.0
2020-01-04,atm3500085,Izmir,7425,521,659,33415,37820,1180,37820,7339.97,7396.1,7247.73,7291.27,3605.74269447,-0.006634904502334504,-0.003472886609773851,7227.905714285715,0.030986226739449674,Saturday,True,False,39395.0
2020-01-05,atm3500085,Izmir,38875,569,625,35395,39395,1194,39395,7294.0,7495.0,7269.71,7430.83,2614.94778349,0.019140698396849842,0.0011897062786310197,7229.167142857143,0.031405089097976686,Sunday,True,False,39760.0
2020-01-06,atm3500085,Izmir,28580,483,622,28610,39760,1105,39760,7431.63,7614.95,7310.0,7525.46,4138.11820107,0.012734781982631782,0.041792354749798255,7272.294285714286,0.029143587117638526,Monday,False,False,43330.0
2020-01-07,atm3500085,Izmir,16525,481,652,32870,43330,1133,43330,7531.73,8134.95,7516.97,8050.0,13507.54693697,0.06970205143605845,0.1274857208485416,7402.325714285714,0.036201204585928716,Tuesday,False,False,
2020-01-01,atm3500086,Izmir,33685,605,641,39325,41040,1246,41040,7145.05,7237.35,7129.55,7225.58,1211.09527025,0.012017176999851609,0.008870365328362606,7270.584285714285,0.020341564637941383,Wednesday,False,True,43010.0
2020-01-02,atm3500086,Izmir,21820,562,662,32290,43010,1224,43010,7220.0,7224.75,6900.0,6953.17,2993.0241097,-0.03770077972979324,-0.05449860279169694,7213.330000000001,0.021516015367927903,Thursday,False,False,44495.0
2020-01-03,atm3500086,Izmir,29635,486,690,34145,44495,1176,44495,6956.64,7402.31,6853.53,7339.97,8452.87552534,0.05562930289350043,0.017669250595838237,7231.535714285715,0.03126689788469128,Friday,False,False,44595.0
2020-01-04,atm3500086,Izmir,13030,524,675,32475,44595,1199,44595,7339.97,7396.1,7247.73,7291.27,3605.74269447,-0.006634904502334504,-0.003472886609773851,7227.905714285715,0.030986226739449674,Saturday,True,False,43225.0
2020-01-05,atm3500086,Izmir,4000,630,673,39425,43225,1303,43225,7294.0,7495.0,7269.71,7430.83,2614.94778349,0.019140698396849842,0.0011897062786310197,7229.167142857143,0.031405089097976686,Sunday,True,False,43235.0
2020-01-06,atm3500086,Izmir,23955,485,653,29920,43235,1138,43235,7431.63,7614.95,7310.0,7525.46,4138.11820107,0.012734781982631782,0.041792354749798255,7272.294285714286,0.029143587117638526,Monday,False,False,43420.0
2020-01-07,atm3500086,Izmir,17250,660,683,44975,43420,1343,43420,7531.73,8134.95,7516.97,8050.0,13507.54693697,0.06970205143605845,0.1274857208485416,7402.325714285714,0.036201204585928716,Tuesday,False,False,
2020-01-01,atm3500087,Izmir,32640,1035,1044,65360,68290,2079,68290,7145.05,7237.35,7129.55,7225.58,1211.09527025,0.012017176999851609,0.008870365328362606,7270.584285714285,0.020341564637941383,Wednesday,False,True,68390.0
2020-01-02,atm3500087,Izmir,20020,1054,1075,66770,68390,2129,68390,7220.0,7224.75,6900.0,6953.17,2993.0241097,-0.03770077972979324,-0.05449860279169694,7213.330000000001,0.021516015367927903,Thursday,False,False,72435.0
2020-01-03,atm3500087,Izmir,37585,929,1118,60080,72435,2047,72435,6956.64,7402.31,6853.53,7339.97,8452.87552534,0.05562930289350043,0.017669250595838237,7231.535714285715,0.03126689788469128,Friday,False,False,73505.0
2020-01-04,atm3500087,Izmir,23725,1006,1120,66960,73505,2126,73505,7339.97,7396.1,7247.73,7291.27,3605.74269447,-0.006634904502334504,-0.003472886609773851,7227.905714285715,0.030986226739449674,Saturday,True,False,68435.0
2020-01-05,atm3500087,Izmir,9325,950,1084,62405,68435,2034,68435,7294.0,7495.0,7269.71,7430.83,2614.94778349,0.019140698396849842,0.0011897062786310197,7229.167142857143,0.031405089097976686,Sunday,True,False,67065.0
2020-01-06,atm3500087,Izmir,35160,965,1088,63405,67065,2053,67065,7431.63,7614.95,7310.0,7525.46,4138.11820107,0.012734781982631782,0.041792354749798255,7272.294285714286,0.029143587117638526,Monday,False,False,71990.0
2020-01-07,atm3500087,Izmir,13660,987,1099,63785,71990,2086,71990,7531.73,8134.95,7516.97,8050.0,13507.54693697,0.06970205143605845,0.1274857208485416,7402.325714285714,0.036201204585928716,Tuesday,False,False,
2020-01-01,atm3500088,Izmir,31455,582,647,35185,37875,1229,37875,7145.05,7237.35,7129.55,7225.58,1211.09527025,0.012017176999851609,0.008870365328362606,7270.584285714285,0.020341564637941383,Wednesday,False,True,41465.0
2020-01-02,atm3500088,Izmir,34080,590,652,37390,41465,1242,41465,7220.0,7224.75,6900.0,6953.17,2993.0241097,-0.03770077972979324,-0.05449860279169694,7213.330000000001,0.021516015367927903,Thursday,False,False,37035.0
2020-01-03,atm3500088,Izmir,25495,550,600,35470,37035,1150,37035,6956.64,7402.31,6853.53,7339.97,8452.87552534,0.05562930289350043,0.017669250595838237,7231.535714285715,0.03126689788469128,Friday,False,False,33740.0
2020-01-04,atm3500088,Izmir,14760,529,571,34825,33740,1100,33740,7339.97,7396.1,7247.73,7291.27,3605.74269447,-0.006634904502334504,-0.003472886609773851,7227.905714285715,0.030986226739449674,Saturday,True,False,36525.0
2020-01-05,atm3500088,Izmir,6005,480,604,30910,36525,1084,36525,7294.0,7495.0,7269.71,7430.83,2614.94778349,0.019140698396849842,0.0011897062786310197,7229.167142857143,0.031405089097976686,Sunday,True,False,38065.0
2020-01-06,atm3500088,Izmir,33235,564,623,37750,38065,1187,38065,7431.63,7614.95,7310.0,7525.46,4138.11820107,0.012734781982631782,0.041792354749798255,7272.294285714286,0.029143587117638526,Monday,False,False,46155.0
2020-01-07,atm3500088,Izmir,13825,495,639,30545,46155,1134,46155,7531.73,8134.95,7516.97,8050.0,13507.54693697,0.06970205143605845,0.1274857208485416,7402.325714285714,0.036201204585928716,Tuesday,False,False,
2020-01-01,atm3500089,Izmir,27080,655,637,39330,42425,1292,42425,7145.05,7237.35,7129.55,7225.58,1211.09527025,0.012017176999851609,0.008870365328362606,7270.584285714285,0.020341564637941383,Wednesday,False,True,42210.0
2020-01-02,atm3500089,Izmir,13735,511,630,33075,42210,1141,42210,7220.0,7224.75,6900.0,6953.17,2993.0241097,-0.03770077972979324,-0.05449860279169694,7213.330000000001,0.021516015367927903,Thursday,False,False,39270.0
2020-01-03,atm3500089,Izmir,4410,530,630,32525,39270,1160,39270,6956.64,7402.31,6853.53,7339.97,8452.87552534,0.05562930289350043,0.017669250595838237,7231.535714285715,0.03126689788469128,Friday,False,False,43100.0
2020-01-04,atm3500089,Izmir,30200,523,686,35685,43100,1209,43100,7339.97,7396.1,7247.73,7291.27,3605.74269447,-0.006634904502334504,-0.003472886609773851,7227.905714285715,0.030986226739449674,Saturday,True,False,36680.0
2020-01-05,atm3500089,Izmir,14310,455,575,26460,36680,1030,36680,7294.0,7495.0,7269.71,7430.83,2614.94778349,0.019140698396849842,0.0011897062786310197,7229.167142857143,0.031405089097976686,Sunday,True,False,36785.0
2020-01-06,atm3500089,Izmir,3275,567,562,35090,36785,1129,36785,7431.63,7614.95,7310.0,7525.46,4138.11820107,0.012734781982631782,0.041792354749798255,7272.294285714286,0.029143587117638526,Monday,False,False,43735.0
2020-01-07,atm3500089,Izmir,36175,585,679,36895,43735,1264,43735,7531.73,8134.95,7516.97,8050.0,13507.54693697,0.06970205143605845,0.1274857208485416,7402.325714285714,0.036201204585928716,Tuesday,False,False,
2020-01-01,atm350009,Izmir,40630,576,681,39540,44095,1257,44095,7145.05,7237.35,7129.55,7225.58,1211.09527025,0.012017176999851609,0.008870365328362606,7270.584285714285,0.020341564637941383,Wednesday,False,True,42855.0
2020-01-02,atm350009,Izmir,38295,540,640,36250,42855,1180,42855,7220.0,7224.75,6900.0,6953.17,2993.0241097,-0.03770077972979324,-0.05449860279169694,7213.330000000001,0.021516015367927903,Thursday,False,False,39125.0
2020-01-03,atm350009,Izmir,25485,498,619,31690,39125,1117,39125,6956.64,7402.31,6853.53,7339.97,8452.87552534,0.05562930289350043,0.017669250595838237,7231.535714285715,0.03126689788469128,Friday,False,False,42385.0
2020-01-04,atm350009,Izmir,9885,528,622,35435,42385,1150,42385,7339.97,7396.1,7247.73,7291.27,3605.74269447,-0.006634904502334504,-0.003472886609773851,7227.905714285715,0.030986226739449674,Saturday,True,False,41605.0
2020-01-05,atm350009,Izmir,32220,411,652,25960,41605,1063,41605,7294.0,7495.0,7269.71,7430.83,2614.94778349,0.019140698396849842,0.0011897062786310197,7229.167142857143,0.031405089097976686,Sunday,True,False,41840.0
2020-01-06,atm350009,Izmir,25600,587,643,36255,41840,1230,41840,7431.63,7614.95,7310.0,7525.46,4138.11820107,0.012734781982631782,0.041792354749798255,7272.294285714286,0.029143587117638526,Monday,False,False,39480.0
2020-01-07,atm350009,Izmir,19465,673,607,41940,39480,1280,39480,7531.73,8134.95,7516.97,8050.0,13507.54693697,0.06970205143605845,0.1274857208485416,7402.325714285714,0.036201204585928716,Tuesday,False,False,
2020-01-01,atm3500090,Izmir,21720,506,625,29655,40415,1131,40415,7145.05,7237.35,7129.55,7225.58,1211.09527025,0.012017176999851609,0.008870365328362606,7270.584285714285,0.020341564637941383,Wednesday,False,True,40070.0
2020-01-02,atm3500090,Izmir,4225,549,624,32785,40070,1173,40070,7220.0,7224.75,6900.0,6953.17,2993.0241097,-0.03770077972979324,-0.05449860279169694,7213.330000000001,0.021516015367927903,Thursday,False,False,39290.0
2020-01-03,atm3500090,Izmir,37630,602,626,40285,39290,1228,39290,6956.64,7402.31,6853.53,7339.97,8452.87552534,0.05562930289350043,0.017669250595838237,7231.535714285715,0.03126689788469128,Friday,False,False,41065.0
2020-01-04,atm3500090,Izmir,32860,748,576,45855,41065,1324,41065,7339.97,7396.1,7247.73,7291.27,3605.74269447,-0.006634904502334504,-0.003472886609773851,7227.905714285715,0.030986226739449674,Saturday,True,False,40115.0
2020-01-05,atm3500090,Izmir,27065,556,617,35220,40115,1173,40115,7294.0,7495.0,7269.71,7430.83,2614.94778349,0.019140698396849842,0.0011897062786310197,7229.167142857143,0.031405089097976686,Sunday,True,False,41960.0
2020-01-06,atm3500090,Izmir,24760,570,649,38830,41960,1219,41960,7431.63,7614.95,7310.0,7525.46,4138.11820107,0.012734781982631782,0.041792354749798255,7272.294285714286,0.029143587117638526,Monday,False,False,38640.0
2020-01-07,atm3500090,Izmir,8815,473,611,30520,38640,1084,38640,7531.73,8134.95,7516.97,8050.0,13507.54693697,0.06970205143605845,0.1274857208485416,7402.325714285714,0.036201204585928716,Tuesday,False,False,
2020-01-01,atm3500091,Izmir,32640,547,560,35990,33890,1107,33890,7145.05,7237.35,7129.55,7225.58,1211.09527025,0.012017176999851609,0.008870365328362606,7270.584285714285,0.020341564637941383,Wednesday,False,True,36260.0
2020-01-02,atm3500091,Izmir,21385,587,549,34285,36260,1136,36260,7220.0,7224.75,6900.0,6953.17,2993.0241097,-0.03770077972979324,-0.05449860279169694,7213.330000000001,0.021516015367927903,Thursday,False,False,39590.0
2020-01-03,atm3500091,Izmir,20755,582,605,38960,39590,1187,39590,6956.64,7402.31,6853.53,7339.97,8452.87552534,0.05562930289350043,0.017669250595838237,7231.535714285715,0.03126689788469128,Friday,False,False,43225.0
2020-01-04,atm3500091,Izmir,11120,573,686,35850,43225,1259,43225,7339.97,7396.1,7247.73,7291.27,3605.74269447,-0.006634904502334504,-0.003472886609773851,7227.905714285715,0.030986226739449674,Saturday,True,False,43490.0
2020-01-05,atm3500091,Izmir,35520,518,644,34625,43490,1162,43490,7294.0,7495.0,7269.71,7430.83,2614.94778349,0.019140698396849842,0.0011897062786310197,7229.167142857143,0.031405089097976686,Sunday,True,False,41320.0
2020-01-06,atm3500091,Izmir,26065,560,633,36215,41320,1193,41320,7431.63,7614.95,7310.0,7525.46,4138.11820107,0.012734781982631782,0.041792354749798255,7272.294285714286,0.029143587117638526,Monday,False,False,38685.0
2020-01-07,atm3500091,Izmir,24365,589,617,36850,38685,1206,38685,7531.73,8134.95,7516.97,8050.0,13507.54693697,0.06970205143605845,0.1274857208485416,7402.325714285714,0.036201204585928716,Tuesday,False,False,
2020-01-01,atm3500092,Izmir,45940,597,573,37815,35815,1170,35815,7145.05,7237.35,7129.55,7225.58,1211.09527025,0.012017176999851609,0.008870365328362606,7270.584285714285,0.020341564637941383,Wednesday,False,True,40565.0
2020-01-02,atm3500092,Izmir,42790,607,629,36455,40565,1236,40565,7220.0,7224.75,6900.0,6953.17,2993.0241097,-0.03770077972979324,-0.05449860279169694,7213.330000000001,0.021516015367927903,Thursday,False,False,40470.0
2020-01-03,atm3500092,Izmir,30730,513,646,31770,40470,1159,40470,6956.64,7402.31,6853.53,7339.97,8452.87552534,0.05562930289350043,0.017669250595838237,7231.535714285715,0.03126689788469128,Friday,False,False,42915.0
2020-01-04,atm3500092,Izmir,15675,491,676,31555,42915,1167,42915,7339.97,7396.1,7247.73,7291.27,3605.74269447,-0.006634904502334504,-0.003472886609773851,7227.905714285715,0.030986226739449674,Saturday,True,False,40665.0
2020-01-05,atm3500092,Izmir,38290,460,627,29510,40665,1087,40665,7294.0,7495.0,7269.71,7430.83,2614.94778349,0.019140698396849842,0.0011897062786310197,7229.167142857143,0.031405089097976686,Sunday,True,False,35690.0
2020-01-06,atm3500092,Izmir,42160,608,561,40420,35690,1169,35690,7431.63,7614.95,7310.0,7525.46,4138.11820107,0.012734781982631782,0.041792354749798255,7272.294285714286,0.029143587117638526,Monday,False,False,38235.0
2020-01-07,atm3500092,Izmir,35880,534,646,34980,38235,1180,38235,7531.73,8134.95,7516.97,8050.0,13507.54693697,0.06970205143605845,0.1274857208485416,7402.325714285714,0.036201204585928716,Tuesday,False,False,
2020-01-01,atm3500093,Izmir,28465,451,631,28080,41090,1082,41090,7145.05,7237.35,7129.55,7225.58,1211.09527025,0.012017176999851609,0.008870365328362606,7270.584285714285,0.020341564637941383,Wednesday,False,True,36525.0
2020-01-02,atm3500093,Izmir,14010,492,536,31055,36525,1028,36525,7220.0,7224.75,6900.0,6953.17,2993.0241097,-0.03770077972979324,-0.05449860279169694,7213.330000000001,0.021516015367927903,Thursday,False,False,43840.0
2020-01-03,atm3500093,Izmir,39335,573,681,40420,43840,1254,43840,6956.64,7402.31,6853.53,7339.97,8452.87552534,0.05562930289350043,0.017669250595838237,7231.535714285715,0.03126689788469128,Friday,False,False,36155.0
2020-01-04,atm3500093,Izmir,40955,560,545,36165,36155,1105,36155,7339.97,7396.1,7247.73,7291.27,3605.74269447,-0.006634904502334504,-0.003472886609773851,7227.905714285715,0.030986226739449674,Saturday,True,False,43565.0
2020-01-05,atm3500093,Izmir,21100,556,718,34485,43565,1274,43565,7294.0,7495.0,7269.71,7430.83,2614.94778349,0.019140698396849842,0.0011897062786310197,7229.167142857143,0.031405089097976686,Sunday,True,False,40930.0
2020-01-06,atm3500093,Izmir,9105,568,634,37905,40930,1202,40930,7431.63,7614.95,7310.0,7525.46,4138.11820107,0.012734781982631782,0.041792354749798255,7272.294285714286,0.029143587117638526,Monday,False,False,46090.0
2020-01-07,atm3500093,Izmir,1505,595,698,36675,46090,1293,46090,7531.73,8134.95,7516.97,8050.0,13507.54693697,0.06970205143605845,0.1274857208485416,7402.325714285714,0.036201204585928716,Tuesday,False,False,
2020-01-01,atm3500094,Izmir,23680,502,635,32020,42655,1137,42655,7145.05,7237.35,7129.55,7225.58,1211.09527025,0.012017176999851609,0.008870365328362606,7270.584285714285,0.020341564637941383,Wednesday,False,True,37950.0
2020-01-02,atm3500094,Izmir,25460,565,591,36650,37950,1156,37950,7220.0,7224.75,6900.0,6953.17,2993.0241097,-0.03770077972979324,-0.05449860279169694,7213.330000000001,0.021516015367927903,Thursday,False,False,47220.0
2020-01-03,atm3500094,Izmir,13615,565,711,32865,47220,1276,47220,6956.64,7402.31,6853.53,7339.97,8452.87552534,0.05562930289350043,0.017669250595838237,7231.535714285715,0.03126689788469128,Friday,False,False,38305.0
2020-01-04,atm3500094,Izmir,10135,614,636,39960,38305,1250,38305,7339.97,7396.1,7247.73,7291.27,3605.74269447,-0.006634904502334504,-0.003472886609773851,7227.905714285715,0.030986226739449674,Saturday,True,False,41120.0
2020-01-05,atm3500094,Izmir,8515,610,637,39500,41120,1247,41120,7294.0,7495.0,7269.71,7430.83,2614.94778349,0.019140698396849842,0.0011897062786310197,7229.167142857143,0.031405089097976686,Sunday,True,False,40810.0
2020-01-06,atm3500094,Izmir,37655,440,638,28475,40810,1078,40810,7431.63,7614.95,7310.0,7525.46,4138.11820107,0.012734781982631782,0.041792354749798255,7272.294285714286,0.029143587117638526,Monday,False,False,46705.0
2020-01-07,atm3500094,Izmir,22360,566,676,36960,46705,1242,46705,7531.73,8134.95,7516.97,8050.0,13507.54693697,0.06970205143605845,0.1274857208485416,7402.325714285714,0.036201204585928716,Tuesday,False,False,
2020-01-01,atm3500095,Izmir,24430,540,678,35720,46155,1218,46155,7145.05,7237.35,7129.55,7225.58,1211.09527025,0.012017176999851609,0.008870365328362606,7270.584285714285,0.020341564637941383,Wednesday,False,True,44055.0
2020-01-02,atm3500095,Izmir,18670,638,670,38740,44055,1308,44055,7220.0,7224.75,6900.0,6953.17,2993.0241097,-0.03770077972979324,-0.05449860279169694,7213.330000000001,0.021516015367927903,Thursday,False,False,40220.0
2020-01-03,atm3500095,Izmir,1550,513,639,32100,40220,1152,40220,6956.64,7402.31,6853.53,7339.97,8452.87552534,0.05562930289350043,0.017669250595838237,7231.535714285715,0.03126689788469128,Friday,False,False,44375.0
2020-01-04,atm3500095,Izmir,34880,664,684,40855,44375,1348,44375,7339.97,7396.1,7247.73,7291.27,3605.74269447,-0.006634904502334504,-0.003472886609773851,7227.905714285715,0.030986226739449674,Saturday,True,False,33500.0
2020-01-05,atm3500095,Izmir,39855,576,554,36520,33500,1130,33500,7294.0,7495.0,7269.71,7430.83,2614.94778349,0.019140698396849842,0.0011897062786310197,7229.167142857143,0.031405089097976686,Sunday,True,False,40135.0
2020-01-06,atm3500095,Izmir,35940,628,633,40495,40135,1261,40135,7431.63,7614.95,7310.0,7525.46,4138.11820107,0.012734781982631782,0.041792354749798255,7272.294285714286,0.029143587117638526,Monday,False,False,42265.0
2020-01-07,atm3500095,Izmir,24490,511,615,33790,42265,1126,42265,7531.73,8134.95,7516.97,8050.0,13507.54693697,0.06970205143605845,0.1274857208485416,7402.325714285714,0.036201204585928716,Tuesday,False,False,
2020-01-01,atm3500096,Izmir,34375,584,616,37495,40080,1200,40080,7145.05,7237.35,7129.55,7225.58,1211.09527025,0.012017176999851609,0.008870365328362606,7270.584285714285,0.020341564637941383,Wednesday,False,True,40205.0
2020-01-02,atm3500096,Izmir,20000,613,638,39760,40205,1251,40205,7220.0,7224.75,6900.0,6953.17,2993.0241097,-0.03770077972979324,-0.05449860279169694,7213.330000000001,0.021516015367927903,Thursday,False,False,42775.0
2020-01-03,atm3500096,Izmir,4435,460,640,32875,42775,1100,42775,6956.64,7402.31,6853.53,7339.97,8452.87552534,0.05562930289350043,0.017669250595838237,7231.535714285715,0.03126689788469128,Friday,False,False,42055.0
2020-01-04,atm3500096,Izmir,5940,649,666,43235,42055,1315,42055,7339.97,7396.1,7247.73,7291.27,3605.74269447,-0.006634904502334504,-0.003472886609773851,7227.905714285715,0.030986226739449674,Saturday,True,False,43600.0
2020-01-05,atm3500096,Izmir,36755,573,653,38335,43600,1226,43600,7294.0,7495.0,7269.71,7430.83,2614.94778349,0.019140698396849842,0.0011897062786310197,7229.167142857143,0.031405089097976686,Sunday,True,False,42380.0
2020-01-06,atm3500096,Izmir,16185,567,650,34710,42380,1217,42380,7431.63,7614.95,7310.0,7525.46,4138.11820107,0.012734781982631782,0.041792354749798255,7272.294285714286,0.029143587117638526,Monday,False,False,43140.0
2020-01-07,atm3500096,Izmir,35215,545,688,33510,43140,1233,43140,7531.73,8134.95,7516.97,8050.0,13507.54693697,0.06970205143605845,0.1274857208485416,7402.325714285714,0.036201204585928716,Tuesday,False,False,
2020-01-01,atm3500097,Izmir,14995,446,747,28795,47010,1193,47010,7145.05,7237.35,7129.55,7225.58,1211.09527025,0.012017176999851609,0.008870365328362606,7270.584285714285,0.020341564637941383,Wednesday,False,True,45900.0
2020-01-02,atm3500097,Izmir,10220,669,655,44460,45900,1324,45900,7220.0,7224.75,6900.0,6953.17,2993.0241097,-0.03770077972979324,-0.05449860279169694,7213.330000000001,0.021516015367927903,Thursday,False,False,43415.0
2020-01-03,atm3500097,Izmir,3040,581,649,38035,43415,1230,43415,6956.64,7402.31,6853.53,7339.97,8452.87552534,0.05562930289350043,0.017669250595838237,7231.535714285715,0.03126689788469128,Friday,False,False,36620.0
2020-01-04,atm3500097,Izmir,30505,484,608,30380,36620,1092,36620,7339.97,7396.1,7247.73,7291.27,3605.74269447,-0.006634904502334504,-0.003472886609773851,7227.905714285715,0.030986226739449674,Saturday,True,False,47235.0
2020-01-05,atm3500097,Izmir,6000,535,669,35275,47235,1204,47235,7294.0,7495.0,7269.71,7430.83,2614.94778349,0.019140698396849842,0.0011897062786310197,7229.167142857143,0.031405089097976686,Sunday,True,False,42575.0
2020-01-06,atm3500097,Izmir,36510,572,655,35405,42575,1227,42575,7431.63,7614.95,7310.0,7525.46,4138.11820107,0.012734781982631782,0.041792354749798255,7272.294285714286,0.029143587117638526,Monday,False,False,47490.0
2020-01-07,atm3500097,Izmir,19485,654,707,40685,47490,1361,47490,7531.73,8134.95,7516.97,8050.0,13507.54693697,0.06970205143605845,0.1274857208485416,7402.325714285714,0.036201204585928716,Tuesday,False,False,
2020-01-01,atm3500098,Izmir,32245,593,646,39960,40405,1239,40405,7145.05,7237.35,7129.55,7225.58,1211.09527025,0.012017176999851609,0.008870365328362606,7270.584285714285,0.020341564637941383,Wednesday,False,True,44540.0
2020-01-02,atm3500098,Izmir,16460,515,696,31030,44540,1211,44540,7220.0,7224.75,6900.0,6953.17,2993.0241097,-0.03770077972979324,-0.05449860279169694,7213.330000000001,0.021516015367927903,Thursday,False,False,44800.0
2020-01-03,atm3500098,Izmir,3765,636,675,41895,44800,1311,44800,6956.64,7402.31,6853.53,7339.97,8452.87552534,0.05562930289350043,0.017669250595838237,7231.535714285715,0.03126689788469128,Friday,False,False,38930.0
2020-01-04,atm3500098,Izmir,33055,535,603,33030,38930,1138,38930,7339.97,7396.1,7247.73,7291.27,3605.74269447,-0.006634904502334504,-0.003472886609773851,7227.905714285715,0.030986226739449674,Saturday,True,False,36845.0
2020-01-05,atm3500098,Izmir,23560,500,585,32080,36845,1085,36845,7294.0,7495.0,7269.71,7430.83,2614.94778349,0.019140698396849842,0.0011897062786310197,7229.167142857143,0.031405089097976686,Sunday,True,False,45575.0
2020-01-06,atm3500098,Izmir,39215,545,664,32580,45575,1209,45575,7431.63,7614.95,7310.0,7525.46,4138.11820107,0.012734781982631782,0.041792354749798255,7272.294285714286,0.029143587117638526,Monday,False,False,42230.0
2020-01-07,atm3500098,Izmir,30585,568,663,38000,42230,1231,42230,7531.73,8134.95,7516.97,8050.0,13507.54693697,0.06970205143605845,0.1274857208485416,7402.325714285714,0.036201204585928716,Tuesday,False,False,
2020-01-01,atm3500099,Izmir,33025,655,679,43700,42825,1334,42825,7145.05,7237.35,7129.55,7225.58,1211.09527025,0.012017176999851609,0.008870365328362606,7270.584285714285,0.020341564637941383,Wednesday,False,True,46520.0
2020-01-02,atm3500099,Izmir,9050,602,736,36045,46520,1338,46520,7220.0,7224.75,6900.0,6953.17,2993.0241097,-0.03770077972979324,-0.05449860279169694,7213.330000000001,0.021516015367927903,Thursday,False,False,44715.0
2020-01-03,atm3500099,Izmir,6530,611,683,40725,44715,1294,44715,6956.64,7402.31,6853.53,7339.97,8452.87552534,0.05562930289350043,0.017669250595838237,7231.535714285715,0.03126689788469128,Friday,False,False,37995.0
2020-01-04,atm3500099,Izmir,33495,489,615,33570,37995,1104,37995,7339.97,7396.1,7247.73,7291.27,3605.74269447,-0.006634904502334504,-0.003472886609773851,7227.905714285715,0.030986226739449674,Saturday,True,False,36460.0
2020-01-05,atm3500099,Izmir,37595,632,604,41130,36460,1236,36460,7294.0,7495.0,7269.71,7430.83,2614.94778349,0.019140698396849842,0.0011897062786310197,7229.167142857143,0.031405089097976686,Sunday,True,False,39240.0
2020-01-06,atm3500099,Izmir,26705,591,623,38375,39240,1214,39240,7431.63,7614.95,7310.0,7525.46,4138.11820107,0.012734781982631782,0.041792354749798255,7272.294285714286,0.029143587117638526,Monday,False,False,42840.0
2020-01-07,atm3500099,Izmir,19675,547,680,37050,42840,1227,42840,7531.73,8134.95,7516.97,8050.0,13507.54693697,0.06970205143605845,0.1274857208485416,7402.325714285714,0.036201204585928716,Tuesday,False,False,
